<Application xmlns:xsi="http://www.w3.org/2001/XMLSchema-instance" ApplicationCrossReferenceId="" ApplicationDate="2001-01-01" DeliveryOptionCode="bancolombia" ProcessingRequestType="DA" ResubmissionFlag="false" StrategySelectionRandomNumber="0" Timestamp="2001-12-31T12:00:00" TransactionId="" xsi:noNamespaceSchemaLocation="COS.SMWDisplayValues.xsd">
<CDA_ENTRADA APROBACION="0" IDENTIFICADOR_LLAMADA="2" NUMERO_PARTICIPANTES="1" TIPO_PRODUCTO_SOLICITUD="2">
<SOLICITANTE NUMERO_DE_SOLICITUD="9538257" NUMERO_DEL_PARTICIPANTE="1" TIPO_DE_PARTICIPANTE="0" TIPO_PARTICIPANTE="1">
<CENTRAL_EXTERNA ESTADO_DOCUMENTO_CE="16" FECHA_CONSULTA_CE="2022-03-01" FECHA_EXPEDICION_CE="1976-07-03" HORA_CONSULTA_CE="2022-03-01T10:22:01" LUGAR_EXPEDICION_CE="SOGAMOSO" NOMBRE_TITULAR_CE="MESA FERNANDEZ JULIO ELIECER" NUMERO_DE_PARTICIPANTES="1" NUMERO_DEL_PARTICIPANTE="1" NUMERO_IDENTIFICACION="1040512" NUMERO_IDENTIFICACION_CE="1040512" RANGO_EDAD_CE="56" RANGO_EDAD_CE2="65" RESPUESTA_CENTRAL_DATA="13" RESPUESTA_CONSULTA_CE="2" SEGMENTO_CLIENTE="01" SUBSEGMENTO_CLIENTE="05" TIPO_DOCUMENTO_CE="1">
<CALCULOS_CE ANTIGUEDAD_APERTURA_HISTORIA_CREDITICIA_SECTOR_FINANCIERO_CE="2006-07-27" CLIENTE_SIN_INFORMACION_DE_RIESGO_CE="0" CLIENTE_SIN_INFORMACION_FINANCIERA_CE="0" CUOTA_CREDITO_COMERCIAL_COMO_PRINCIPAL_CE="0" CUOTA_CREDITO_HIPOTECARIO_COMO_PRINCIPAL_CE="0" CUPO_TARJETA_CREDITO_COMO_PRINCIPAL_CE="30000" INDICADOR_CARTERA_CASTIGADA_CE="0" MAYOR_PORCENTAJE_DE_UTILIZACION_CE_TDC="0.136666666666667" NUMERO_CONSULTAS_L6M_CE="8" NUMERO_CREDITOS_HIPOTECARIOS_SALDADOS_CE="0" NUMERO_CREDITOS_HIPOTECARIOS_VIGENTES_CE="1" NUMERO_CUENTAS_AHORRO_SALDADAS_CE="0" NUMERO_CUENTAS_AHORRO_VIGENTES_CE="2" NUMERO_CUENTAS_CORRIENTE_SALDADAS_CE="2" NUMERO_CUENTAS_CORRIENTE_VIGENTES_CE="0" NUMERO_OBLIGACIONES_SALDADAS_SECTOR_REAL_CE="1" NUMERO_OBLIGACIONES_TELEFONIA_SALDADAS="2" NUMERO_OBLIGACIONES_TELEFONIA_VIGENTES_AL_DIA="1" NUMERO_OBLIGACIONES_TELEFONIA_VIGENTES_MORA="0" NUMERO_OBLIGACIONES_VIGENTES_AL_DIA_CE="3" NUMERO_OBLIGACIONES_VIGENTES_AL_DIA_SECTOR_REAL_CE="0" NUMERO_OBLIGACIONES_VIGENTES_CON_SALDO_CE="3" NUMERO_OBLIGACIONES_VIGENTES_EN_MORA_CE="0" NUMERO_OBLIGACIONES_VIGENTES_EN_MORA_SECTOR_REAL_CE="0" NUMERO_OBLIGACIONES_VIGENTES_SIN_SALDO_CE="0" NUMERO_PRODUCTOS_ABIERTOS_UA_CE="3" NUMERO_PRODUCTOS_CARTERA_COMERCIAL_SALDADA_CE="3" NUMERO_PRODUCTOS_CARTERA_COMERCIAL_VIGENTE_CE="1" NUMERO_PRODUCTOS_CARTERA_CONSUMO_SALDADOS_CE="4" NUMERO_PRODUCTOS_CARTERA_CONSUMO_VIGENTES_CE="0" NUMERO_PRODUCTOS_COMPANIAS_FINANCIAMIENTO_COMERCIAL_CE="2" NUMERO_PRODUCTOS_RIESGO_SALDADOS_CE="10" NUMERO_PRODUCTOS_RIESGO_TOTALES_SECTOR_FINANCIERO_CE="10" NUMERO_PRODUCTOS_RIESGO_VIGENTES_CE="3" NUMERO_TARJETAS_CREDITO_COMO_PRINCIPAL_CE="1" PAGO_MENSUAL_TARJETA_CREDITO_COMO_PRINCIPAL_CE="41" SALDO_CREDITO_COMERCIAL_COMO_PRINCIPAL_CE="62044" SALDO_CREDITO_COMERCIAL_SMMLV_COMO_PRINCIPAL_CE="0.062044000000000" SALDO_CREDITO_CONSUMO_COMO_PRINCIPAL_CE="41" SALDO_CREDITO_CONSUMO_SMMLV_COMO_PRINCIPAL_CE="0.000041000000000" SALDO_CREDITO_HIPOTECARIO_COMO_PRINCIPAL_CE="16810" SALDO_CREDITO_HIPOTECARIO_SMMLV_COMO_PRINCIPAL_CE="0.016810000000000" UTILIZACION_PROMEDIO_CE_TDC="0.136666666666667" VALOR_INICIAL_CREDITO_COMERCIAL_COMO_PRINCIPAL_CE="0" VALOR_INICIAL_CREDITO_COMERCIAL_SMMLV_COMO_PRINCIPAL_CE="0.063000000000000" VALOR_INICIAL_CREDITO_HIPOTECARIO_COMO_PRINCIPAL_CE="0" VALOR_INICIAL_CREDITO_HIPOTECARIO_SMMLV_COMO_PRINCIPAL_CE="0.140000000000000"/>
<CONSULTAS_CENTRALES ENTIDAD_CONSULTAS_CENTRALES="SANTANDER      FINANCING" FECHA_CONSULTA_CONSULTAS_CENTRALES="2022-02-28"/>
<CONSULTAS_CENTRALES ENTIDAD_CONSULTAS_CENTRALES="CONSULTAS LOTE" FECHA_CONSULTA_CONSULTAS_CENTRALES="2022-02-21"/>
<CONSULTAS_CENTRALES ENTIDAD_CONSULTAS_CENTRALES="BCO COLPATRIA" FECHA_CONSULTA_CONSULTAS_CENTRALES="2022-02-18"/>
<CONSULTAS_CENTRALES ENTIDAD_CONSULTAS_CENTRALES="BANCO DE       BOGOTA S. A." FECHA_CONSULTA_CONSULTAS_CENTRALES="2021-12-10"/>
<CONSULTAS_CENTRALES ENTIDAD_CONSULTAS_CENTRALES="BANCOLOMBIA    S.A." FECHA_CONSULTA_CONSULTAS_CENTRALES="2021-09-21"/>
<CONSULTAS_CENTRALES ENTIDAD_CONSULTAS_CENTRALES="BANCO          DAVIVIENDA S.A" FECHA_CONSULTA_CONSULTAS_CENTRALES="2021-09-15"/>
<CONSULTAS_CENTRALES ENTIDAD_CONSULTAS_CENTRALES="CLARO SOLUCION MOVILES" FECHA_CONSULTA_CONSULTAS_CENTRALES="2021-09-14"/>
<CONSULTAS_CENTRALES ENTIDAD_CONSULTAS_CENTRALES="FINANZAUTO SA" FECHA_CONSULTA_CONSULTAS_CENTRALES="2021-09-03"/>
<CONTADORES_CE CONTADOR_MORA_CONSOLIDADO_N_TOTAL_CLIENTE_UA_CE="2" CONTADOR_MORA_INDIVIDUAL_N_TOTAL_CLIENTE_UA_CE="40" CONTADOR_MORA_N_CONSOLIDADO_SECTOR_FINANCIERO_SOLIDARIO_UA="2" CONTADOR_MORA_N_CONSOLIDADO_TDC_UA_CE="2" CONTADOR_MORA_N_CONSOLIDADO_TELEFONIA_CELULAR_UA_CE="12" CONTADOR_MORA_N_INDIVIDUAL_SECTOR_FINANCIERO_SOLIDARIO_UA_CE="38" CONTADOR_MORA_N_INDIVIDUAL_SECTOR_REAL_UA_CE="9" CONTADOR_MORA_N_INDIVIDUAL_TDC_UA_CE="26" CONTADOR_MORA_N_INDIVIDUAL_TELEFONIA_CELULAR_UA_CE="36"/>
<CUENTA_CORRIENTE_AHORROS CIUDAD_CTA_CTE_CE="SANTA MARTA" DIAS_SOBREGIRO_CTA_CTE_CE="15" ESTADO_CTA_CTE_AHORROS_CE="1" FECHA_CORTE_CUENTA_CE="2022-01-31" FECHA_INICIAL_CUENTA_CE="2009-07-06" IDENTIFICACION_CUENTA_CORRIENTE="00890903938" MONTO_CUPO_SOBREGIRO_CTA_CTE_CE="100000.0" NOMBRE_ENTIDAD_CTA_CTE_CE="BANCOLOMBIA" NUMERO_DEVOLUCIONES_ULTIMO_MES_CTA_CTE_CE="0" NUMERO_OBLIGACION_CTA_CTE_CE="451283283" SUCURSAL_CTA_CTE_CE="EL RODADERO"/>
<CUENTA_CORRIENTE_AHORROS CIUDAD_CTA_CTE_CE="BOGOTA D.E." DIAS_SOBREGIRO_CTA_CTE_CE="30" ESTADO_CTA_CTE_AHORROS_CE="5" FECHA_CORTE_CUENTA_CE="2021-11-30" FECHA_INICIAL_CUENTA_CE="2006-07-27" IDENTIFICACION_CUENTA_CORRIENTE="00860034594" MONTO_CUPO_SOBREGIRO_CTA_CTE_CE="0" NOMBRE_ENTIDAD_CTA_CTE_CE="BCO COLPATRIA" NUMERO_DEVOLUCIONES_ULTIMO_MES_CTA_CTE_CE="0" NUMERO_OBLIGACION_CTA_CTE_CE="391012852" SUCURSAL_CTA_CTE_CE="BOGOTA TOBERIN"/>
<CUENTA_CORRIENTE_AHORROS CIUDAD_CTA_CTE_CE="BOGOTA" DIAS_SOBREGIRO_CTA_CTE_CE="60" ESTADO_CTA_CTE_AHORROS_CE="5" FECHA_CORTE_CUENTA_CE="2021-05-31" FECHA_INICIAL_CUENTA_CE="2018-05-25" IDENTIFICACION_CUENTA_CORRIENTE="00860034313" MONTO_CUPO_SOBREGIRO_CTA_CTE_CE="1200000.0" NOMBRE_ENTIDAD_CTA_CTE_CE="BCO DAVIVIENDA" NUMERO_DEVOLUCIONES_ULTIMO_MES_CTA_CTE_CE="0" NUMERO_OBLIGACION_CTA_CTE_CE="160005817" SUCURSAL_CTA_CTE_CE="FUNZA"/>
<CUENTA_CORRIENTE_AHORROS CIUDAD_CTA_CTE_CE="SANTA MARTA" ESTADO_CTA_CTE_AHORROS_CE="1" FECHA_CORTE_CUENTA_CE="2022-01-31" FECHA_INICIAL_CUENTA_CE="2021-12-22" IDENTIFICACION_CUENTA_AHORRO="00860002964" NOMBRE_ENTIDAD_CTA_CTE_CE="BCO DE BOGOTA" NUMERO_OBLIGACION_CTA_CTE_CE="439227091" SUCURSAL_CTA_CTE_CE="0439 OFICINA TORRE BANCO DE BO" TIPO_CONTRATO_CTA_CTE_CE="0"/>
<CUENTA_CORRIENTE_AHORROS CIUDAD_CTA_CTE_CE="FUNZA" ESTADO_CTA_CTE_AHORROS_CE="3" FECHA_CORTE_CUENTA_CE="2022-01-31" FECHA_INICIAL_CUENTA_CE="2020-01-29" IDENTIFICACION_CUENTA_AHORRO="00860002964" NOMBRE_ENTIDAD_CTA_CTE_CE="BCO DE BOGOTA" NUMERO_OBLIGACION_CTA_CTE_CE="001123934" SUCURSAL_CTA_CTE_CE="0011 MB BACATA FUNZA" TIPO_CONTRATO_CTA_CTE_CE="0"/>
<ENDEUDAMIENTO_GLOBAL FECHA_T1_CE="2021-12-31" FECHA_T2_CE="2021-12-31" FECHA_T3_CE="2021-12-31" NOMBRE_ENTIDAD_ENDEUDAMIENTO_GLOBAL_CE="DAVIVIENDA - BC              0" TIPO_MONEDA_CE="ML" VALOR_DEUDA_COMERCIAL_CE="19803000"/>
<RESUMEN_NO_PRINCIPAL CANTIDAD_OBLIGACIONES_EN_MORA_CE="0" CUOTA_OBLIGACIONES_AL_DIA_CE="0" CUOTA_OBLIGACIONES_EN_MORA="0" NUMERO_DE_OBLIGACIONES_AL_DIA_CE="0" NUMERO_DE_OBLIGACIONES_CE="0" PARTICIPACION_DEUDA_CE="0" SALDO_OBLIGACIONES_AL_DIA_CE="0" SALDO_OBLIGACIONES_EN_MORA_CE="0" TOTAL_SALDO_CE="0" VALOR_MORA_CE="0"/>
<RESUMEN_PRINCIPAL CANTIDAD_OBLIGACIONES_EN_MORA_CE="0" CUOTA_OBLIGACIONES_AL_DIA_CE="10722" CUOTA_OBLIGACIONES_EN_MORA="0" NUMERO_DE_OBLIGACIONES_AL_DIA_CE="6" NUMERO_DE_OBLIGACIONES_CE="52" PARTICIPACION_DEUDA_CE="0" SALDO_OBLIGACIONES_AL_DIA_CE="192206" SALDO_OBLIGACIONES_EN_MORA_CE="0" TOTAL_SALDO_CE="192206" VALOR_MORA_CE="0"/>
<RESUMEN_REGISTRO_TOTAL CANTIDAD_OBLIGACIONES_EN_MORA_CE="0" CUOTA_OBLIGACIONES_AL_DIA_CE="10722" CUOTA_OBLIGACIONES_EN_MORA="0" NUMERO_DE_OBLIGACIONES_AL_DIA_CE="6" NUMERO_DE_OBLIGACIONES_CE="52" PARTICIPACION_DEUDA_CE="0" SALDO_OBLIGACIONES_AL_DIA_CE="192206" SALDO_OBLIGACIONES_EN_MORA_CE="0" TOTAL_SALDO_CE="192206" VALOR_MORA_CE="0"/>
<SECTOR_FINANCIERO_SOLIDARIO CALIDAD_FINANCIERO_SOLIDARIO_CE="T" CALIFICACION_FINANCIERO_SOLIDARIO_CE="1" CIUDAD_FINANCIERO_SOLIDARIO_CE="SANTA MARTA" COMPORTAMIENTO_SECTOR_FINANCIERO_SOLIDARIO_CE="I|I|I|I|I|I|I|I|I|I|N|N|N|N|N|N|N|N|N|N|N|N|N|N|" CUOTAS_CANCELADAS_FINANCIERO_SOLIDARIO_CE="13" CUOTAS_PACTADAS_CE="36" ESTADO_CONTRATO_FINANCIERO_SOLIDARIO_CE="1" ESTADO_FINANCIERO_SOLIDARIO_CE="1" ESTADO_TITULAR_FINANCIERO_SOLIDARIO_CE="6" FECHA_CORTE_FINANCIERO_SOLIDARIO_CE="2022-02-07" FECHA_INICIAL_FINANCIERO_SOLIDARIO_CE="2020-12-07" FECHA_PAGO_FINANCIERO_SOLIDARIO_CE="2022-01-07" FECHA_TERMINACION_FINANCIERO_SOLIDARIO_CE="2022-01-31" IDENTIFICACION_FINANCIERO_SOLIDARIO="00890903938" LINEA_CREDITO_FINANCIERO_SOLIDARIO_CE="155" MODALIDAD_CREDITO_FINANCIERO_SOLIDARIO_CE="1" MODO_EXTINCION_FINANCIERO_SOLIDARIO_CE="19" NOMBRE_ENTIDAD_FINANCIERO_SOLIDARIO_CE="BANCOLOMBIA" NUMERO_DE_CUOTAS_EN_MORA_SECTOR_FINANCIERO_SOLIDARIO_CE="0" NUMERO_OBLIGACION_FINANCIERO_SOLIDARIO_CE="170087968" NUMERO_REESTRUCTURACIONES_CE="0" PARTICIPACION_DEUDA_FINANCIERO_SOLIDARIO_CE="31" PERIODICIDAD_FINANCIERO_SOLIDARIO_CE="8" PROBABILIDAD_NO_PAGO_FINANCIERO_SOLIDARIO_CE="12.0" REESTUCTURADO_CE="2" SALDO_OBLIGACION_FINANCIERO_SOLIDARIO_CE="59506" SUCURSAL_FINANCIERO_SOLIDARIO_CE="EL RODADERO" TIPO_CONTRATO_FINANCIERO_SOLIDARIO_CE="1" TIPO_GARANTIA_FINANCIERO_SOLIDARIO_CE="1" TIPO_MONEDA_FINANCIERO_SOLIDARIO_CE="1" TIPO_PAGO_FINANCIERO_SOLIDARIO_CE="0" VALOR_CUOTA_FINANCIERO_SOLIDARIO_CE="0" VALOR_INICIAL_FINANCIERO_SOLIDARIO_CE="0" VALOR_MORA_FINANCIERO_SOLIDARIO_CE="0"/>
<SECTOR_FINANCIERO_SOLIDARIO CALIDAD_FINANCIERO_SOLIDARIO_CE="T" CALIFICACION_FINANCIERO_SOLIDARIO_CE="1" CIUDAD_FINANCIERO_SOLIDARIO_CE="SANTA MARTA" COMPORTAMIENTO_SECTOR_FINANCIERO_SOLIDARIO_CE="I|I|I|I|I|I|I|I|I|I|I|I|I|I|I|I|I|I|I|N|N|N|N|N|" CUOTAS_CANCELADAS_FINANCIERO_SOLIDARIO_CE="4" CUOTAS_PACTADAS_CE="36" ESTADO_CONTRATO_FINANCIERO_SOLIDARIO_CE="1" ESTADO_FINANCIERO_SOLIDARIO_CE="1" ESTADO_TITULAR_FINANCIERO_SOLIDARIO_CE="6" FECHA_CORTE_FINANCIERO_SOLIDARIO_CE="2022-02-07" FECHA_INICIAL_FINANCIERO_SOLIDARIO_CE="2021-09-07" FECHA_PAGO_FINANCIERO_SOLIDARIO_CE="2022-01-07" FECHA_TERMINACION_FINANCIERO_SOLIDARIO_CE="2022-01-31" IDENTIFICACION_FINANCIERO_SOLIDARIO="00890903938" LINEA_CREDITO_FINANCIERO_SOLIDARIO_CE="155" MODALIDAD_CREDITO_FINANCIERO_SOLIDARIO_CE="1" MODO_EXTINCION_FINANCIERO_SOLIDARIO_CE="19" NOMBRE_ENTIDAD_FINANCIERO_SOLIDARIO_CE="BANCOLOMBIA" NUMERO_DE_CUOTAS_EN_MORA_SECTOR_FINANCIERO_SOLIDARIO_CE="0" NUMERO_OBLIGACION_FINANCIERO_SOLIDARIO_CE="170088731" NUMERO_REESTRUCTURACIONES_CE="0" PARTICIPACION_DEUDA_FINANCIERO_SOLIDARIO_CE="28" PERIODICIDAD_FINANCIERO_SOLIDARIO_CE="8" PROBABILIDAD_NO_PAGO_FINANCIERO_SOLIDARIO_CE="12.0" REESTUCTURADO_CE="2" SALDO_OBLIGACION_FINANCIERO_SOLIDARIO_CE="53805" SUCURSAL_FINANCIERO_SOLIDARIO_CE="EL RODADERO" TIPO_CONTRATO_FINANCIERO_SOLIDARIO_CE="1" TIPO_GARANTIA_FINANCIERO_SOLIDARIO_CE="1" TIPO_MONEDA_FINANCIERO_SOLIDARIO_CE="1" TIPO_PAGO_FINANCIERO_SOLIDARIO_CE="0" VALOR_CUOTA_FINANCIERO_SOLIDARIO_CE="0" VALOR_INICIAL_FINANCIERO_SOLIDARIO_CE="0" VALOR_MORA_FINANCIERO_SOLIDARIO_CE="0"/>
<SECTOR_FINANCIERO_SOLIDARIO CALIDAD_FINANCIERO_SOLIDARIO_CE="T" CALIFICACION_FINANCIERO_SOLIDARIO_CE="1" CIUDAD_FINANCIERO_SOLIDARIO_CE="SANTA MARTA" COMPORTAMIENTO_SECTOR_FINANCIERO_SOLIDARIO_CE="I|I|I|I|I|I|I|I|I|I|I|I|I|I|I|I|I|I|I|I|I|I|N|N|" CUOTAS_CANCELADAS_FINANCIERO_SOLIDARIO_CE="1" CUOTAS_PACTADAS_CE="47" ESTADO_CONTRATO_FINANCIERO_SOLIDARIO_CE="1" ESTADO_FINANCIERO_SOLIDARIO_CE="1" ESTADO_TITULAR_FINANCIERO_SOLIDARIO_CE="6" FECHA_CORTE_FINANCIERO_SOLIDARIO_CE="2022-02-23" FECHA_INICIAL_FINANCIERO_SOLIDARIO_CE="2021-12-23" FECHA_PAGO_FINANCIERO_SOLIDARIO_CE="2022-01-24" FECHA_TERMINACION_FINANCIERO_SOLIDARIO_CE="2022-01-31" IDENTIFICACION_FINANCIERO_SOLIDARIO="00860002964" LINEA_CREDITO_FINANCIERO_SOLIDARIO_CE="155" MODALIDAD_CREDITO_FINANCIERO_SOLIDARIO_CE="1" MODO_EXTINCION_FINANCIERO_SOLIDARIO_CE="19" NOMBRE_ENTIDAD_FINANCIERO_SOLIDARIO_CE="BCO DE BOGOTA" NUMERO_DE_CUOTAS_EN_MORA_SECTOR_FINANCIERO_SOLIDARIO_CE="0" NUMERO_OBLIGACION_FINANCIERO_SOLIDARIO_CE="000077968" NUMERO_REESTRUCTURACIONES_CE="0" PARTICIPACION_DEUDA_FINANCIERO_SOLIDARIO_CE="32" PERIODICIDAD_FINANCIERO_SOLIDARIO_CE="8" PROBABILIDAD_NO_PAGO_FINANCIERO_SOLIDARIO_CE="0.0" REESTUCTURADO_CE="2" SALDO_OBLIGACION_FINANCIERO_SOLIDARIO_CE="62044" SUCURSAL_FINANCIERO_SOLIDARIO_CE="0439 OFICINA TORRE BANCO DE BO" TIPO_CONTRATO_FINANCIERO_SOLIDARIO_CE="1" TIPO_GARANTIA_FINANCIERO_SOLIDARIO_CE="G" TIPO_MONEDA_FINANCIERO_SOLIDARIO_CE="1" TIPO_PAGO_FINANCIERO_SOLIDARIO_CE="0" VALOR_CUOTA_FINANCIERO_SOLIDARIO_CE="0" VALOR_INICIAL_FINANCIERO_SOLIDARIO_CE="0" VALOR_MORA_FINANCIERO_SOLIDARIO_CE="0"/>
<SECTOR_FINANCIERO_SOLIDARIO CALIDAD_FINANCIERO_SOLIDARIO_CE="T" CALIFICACION_FINANCIERO_SOLIDARIO_CE="1" CIUDAD_FINANCIERO_SOLIDARIO_CE="SANTA MARTA" COMPORTAMIENTO_SECTOR_FINANCIERO_SOLIDARIO_CE="I|I|I|N|N|N|N|N|N|N|N|N|N|N|N|N|N|N|N|N|N|N|N|N|" CUOTAS_CANCELADAS_FINANCIERO_SOLIDARIO_CE="20" CUOTAS_PACTADAS_CE="180" ESTADO_CONTRATO_FINANCIERO_SOLIDARIO_CE="1" ESTADO_FINANCIERO_SOLIDARIO_CE="1" ESTADO_TITULAR_FINANCIERO_SOLIDARIO_CE="6" FECHA_CORTE_FINANCIERO_SOLIDARIO_CE="2022-02-15" FECHA_INICIAL_FINANCIERO_SOLIDARIO_CE="2020-06-09" FECHA_PAGO_FINANCIERO_SOLIDARIO_CE="2022-02-09" FECHA_TERMINACION_FINANCIERO_SOLIDARIO_CE="2022-02-15" IDENTIFICACION_FINANCIERO_SOLIDARIO="00860034313" LINEA_CREDITO_FINANCIERO_SOLIDARIO_CE="88" MODALIDAD_CREDITO_FINANCIERO_SOLIDARIO_CE="3" MODO_EXTINCION_FINANCIERO_SOLIDARIO_CE="19" NOMBRE_ENTIDAD_FINANCIERO_SOLIDARIO_CE="BCO DAVIVIENDA HIPOTECARIO" NUMERO_DE_CUOTAS_EN_MORA_SECTOR_FINANCIERO_SOLIDARIO_CE="0" NUMERO_OBLIGACION_FINANCIERO_SOLIDARIO_CE="100155283" NUMERO_REESTRUCTURACIONES_CE="0" PARTICIPACION_DEUDA_FINANCIERO_SOLIDARIO_CE="8" PERIODICIDAD_FINANCIERO_SOLIDARIO_CE="8" PROBABILIDAD_NO_PAGO_FINANCIERO_SOLIDARIO_CE="0.0" REESTUCTURADO_CE="2" SALDO_OBLIGACION_FINANCIERO_SOLIDARIO_CE="16810" SUCURSAL_FINANCIERO_SOLIDARIO_CE="BUENAVISTA" TIPO_CONTRATO_FINANCIERO_SOLIDARIO_CE="1" TIPO_GARANTIA_FINANCIERO_SOLIDARIO_CE="1" TIPO_MONEDA_FINANCIERO_SOLIDARIO_CE="1" TIPO_PAGO_FINANCIERO_SOLIDARIO_CE="0" VALOR_CUOTA_FINANCIERO_SOLIDARIO_CE="0" VALOR_INICIAL_FINANCIERO_SOLIDARIO_CE="0" VALOR_MORA_FINANCIERO_SOLIDARIO_CE="0"/>
<SECTOR_FINANCIERO_SOLIDARIO CALIDAD_FINANCIERO_SOLIDARIO_CE="T" CALIFICACION_FINANCIERO_SOLIDARIO_CE="1" CIUDAD_FINANCIERO_SOLIDARIO_CE="SANTA MARTA" COMPORTAMIENTO_SECTOR_FINANCIERO_SOLIDARIO_CE="N|N|N|N|N|N|N|N|N|N|N|N|N|N|N|N|N|N|N|N|N|N|N|N|" CUOTAS_CANCELADAS_FINANCIERO_SOLIDARIO_CE="32" CUOTAS_PACTADAS_CE="36" ESTADO_CONTRATO_FINANCIERO_SOLIDARIO_CE="2" ESTADO_FINANCIERO_SOLIDARIO_CE="5" ESTADO_TITULAR_FINANCIERO_SOLIDARIO_CE="5" FECHA_CORTE_FINANCIERO_SOLIDARIO_CE="2021-09-27" FECHA_INICIAL_FINANCIERO_SOLIDARIO_CE="2018-09-27" FECHA_PAGO_FINANCIERO_SOLIDARIO_CE="2021-07-29" FECHA_TERMINACION_FINANCIERO_SOLIDARIO_CE="2021-08-31" IDENTIFICACION_SOLIDARIO_EXTINGUIDAS="00890903938" LINEA_CREDITO_FINANCIERO_SOLIDARIO_CE="155" MODALIDAD_CREDITO_FINANCIERO_SOLIDARIO_CE="1" MODO_EXTINCION_FINANCIERO_SOLIDARIO_CE="16" NOMBRE_ENTIDAD_FINANCIERO_SOLIDARIO_CE="BANCOLOMBIA" NUMERO_DE_CUOTAS_EN_MORA_SECTOR_FINANCIERO_SOLIDARIO_CE="0" NUMERO_OBLIGACION_FINANCIERO_SOLIDARIO_CE="590084263" NUMERO_REESTRUCTURACIONES_CE="0" PERIODICIDAD_FINANCIERO_SOLIDARIO_CE="8" PROBABILIDAD_NO_PAGO_FINANCIERO_SOLIDARIO_CE="0.0" REESTUCTURADO_CE="2" SALDO_OBLIGACION_FINANCIERO_SOLIDARIO_CE="0" SUCURSAL_FINANCIERO_SOLIDARIO_CE="EL RODADERO" TIPO_CONTRATO_FINANCIERO_SOLIDARIO_CE="1" TIPO_GARANTIA_FINANCIERO_SOLIDARIO_CE="2" TIPO_MONEDA_FINANCIERO_SOLIDARIO_CE="1" TIPO_PAGO_FINANCIERO_SOLIDARIO_CE="1" VALOR_CUOTA_FINANCIERO_SOLIDARIO_CE="0" VALOR_INICIAL_FINANCIERO_SOLIDARIO_CE="0" VALOR_MORA_FINANCIERO_SOLIDARIO_CE="0"/>
<SECTOR_FINANCIERO_SOLIDARIO CALIDAD_FINANCIERO_SOLIDARIO_CE="T" CALIFICACION_FINANCIERO_SOLIDARIO_CE="1" CIUDAD_FINANCIERO_SOLIDARIO_CE="SANTA MARTA" COMPORTAMIENTO_SECTOR_FINANCIERO_SOLIDARIO_CE="I|I|I|I|I|N|N|N|N|N|N|N|N|N|N|N|N|N|N|N|N|N|N|N|" CUOTAS_CANCELADAS_FINANCIERO_SOLIDARIO_CE="13" CUOTAS_PACTADAS_CE="36" ESTADO_CONTRATO_FINANCIERO_SOLIDARIO_CE="2" ESTADO_FINANCIERO_SOLIDARIO_CE="5" ESTADO_TITULAR_FINANCIERO_SOLIDARIO_CE="5" FECHA_CORTE_FINANCIERO_SOLIDARIO_CE="2021-01-08" FECHA_INICIAL_FINANCIERO_SOLIDARIO_CE="2019-07-08" FECHA_PAGO_FINANCIERO_SOLIDARIO_CE="2020-12-11" FECHA_TERMINACION_FINANCIERO_SOLIDARIO_CE="2021-01-31" IDENTIFICACION_SOLIDARIO_EXTINGUIDAS="00890903938" LINEA_CREDITO_FINANCIERO_SOLIDARIO_CE="155" MODALIDAD_CREDITO_FINANCIERO_SOLIDARIO_CE="1" MODO_EXTINCION_FINANCIERO_SOLIDARIO_CE="16" NOMBRE_ENTIDAD_FINANCIERO_SOLIDARIO_CE="BANCOLOMBIA" NUMERO_DE_CUOTAS_EN_MORA_SECTOR_FINANCIERO_SOLIDARIO_CE="0" NUMERO_OBLIGACION_FINANCIERO_SOLIDARIO_CE="590085118" NUMERO_REESTRUCTURACIONES_CE="0" PERIODICIDAD_FINANCIERO_SOLIDARIO_CE="8" PROBABILIDAD_NO_PAGO_FINANCIERO_SOLIDARIO_CE="0.0" REESTUCTURADO_CE="2" SALDO_OBLIGACION_FINANCIERO_SOLIDARIO_CE="0" SUCURSAL_FINANCIERO_SOLIDARIO_CE="EL RODADERO" TIPO_CONTRATO_FINANCIERO_SOLIDARIO_CE="1" TIPO_GARANTIA_FINANCIERO_SOLIDARIO_CE="2" TIPO_MONEDA_FINANCIERO_SOLIDARIO_CE="1" TIPO_PAGO_FINANCIERO_SOLIDARIO_CE="1" VALOR_CUOTA_FINANCIERO_SOLIDARIO_CE="0" VALOR_INICIAL_FINANCIERO_SOLIDARIO_CE="0" VALOR_MORA_FINANCIERO_SOLIDARIO_CE="0"/>
<SECTOR_FINANCIERO_SOLIDARIO CALIDAD_FINANCIERO_SOLIDARIO_CE="T" CALIFICACION_FINANCIERO_SOLIDARIO_CE="1" CIUDAD_FINANCIERO_SOLIDARIO_CE="BOGOTA D.E." COMPORTAMIENTO_SECTOR_FINANCIERO_SOLIDARIO_CE="N|N|N|N|N|N|N|N|N|N|N|N|N|N|N|N|N|N|N|N|N|N|N|N|" CUOTAS_CANCELADAS_FINANCIERO_SOLIDARIO_CE="24" CUOTAS_PACTADAS_CE="24" ESTADO_CONTRATO_FINANCIERO_SOLIDARIO_CE="2" ESTADO_FINANCIERO_SOLIDARIO_CE="5" ESTADO_TITULAR_FINANCIERO_SOLIDARIO_CE="6" FECHA_CORTE_FINANCIERO_SOLIDARIO_CE="2020-06-30" FECHA_INICIAL_FINANCIERO_SOLIDARIO_CE="2018-06-15" FECHA_PAGO_FINANCIERO_SOLIDARIO_CE="2020-06-10" FECHA_TERMINACION_FINANCIERO_SOLIDARIO_CE="2020-06-30" IDENTIFICACION_SOLIDARIO_EXTINGUIDAS="00860034594" LINEA_CREDITO_FINANCIERO_SOLIDARIO_CE="155" MODALIDAD_CREDITO_FINANCIERO_SOLIDARIO_CE="2" MODO_EXTINCION_FINANCIERO_SOLIDARIO_CE="16" NOMBRE_ENTIDAD_FINANCIERO_SOLIDARIO_CE="BCO COLPATRIA" NUMERO_DE_CUOTAS_EN_MORA_SECTOR_FINANCIERO_SOLIDARIO_CE="0" NUMERO_OBLIGACION_FINANCIERO_SOLIDARIO_CE="419285852" NUMERO_REESTRUCTURACIONES_CE="0" PERIODICIDAD_FINANCIERO_SOLIDARIO_CE="8" PROBABILIDAD_NO_PAGO_FINANCIERO_SOLIDARIO_CE="0.0" REESTUCTURADO_CE="2" SALDO_OBLIGACION_FINANCIERO_SOLIDARIO_CE="0" SUCURSAL_FINANCIERO_SOLIDARIO_CE="BOGOTA CARRERA DECIMA" TIPO_CONTRATO_FINANCIERO_SOLIDARIO_CE="1" TIPO_GARANTIA_FINANCIERO_SOLIDARIO_CE="Q" TIPO_MONEDA_FINANCIERO_SOLIDARIO_CE="1" TIPO_PAGO_FINANCIERO_SOLIDARIO_CE="1" VALOR_CUOTA_FINANCIERO_SOLIDARIO_CE="0" VALOR_INICIAL_FINANCIERO_SOLIDARIO_CE="0" VALOR_MORA_FINANCIERO_SOLIDARIO_CE="0"/>
<SECTOR_FINANCIERO_SOLIDARIO CALIDAD_FINANCIERO_SOLIDARIO_CE="T" CALIFICACION_FINANCIERO_SOLIDARIO_CE="1" CIUDAD_FINANCIERO_SOLIDARIO_CE="SANTAFE DE BOGOTA D." COMPORTAMIENTO_SECTOR_FINANCIERO_SOLIDARIO_CE="N|N|N|N|N|N|N|N|N|N|N|N|N|N|N|N|N|N|N|N|N|N|N|N|" CUOTAS_CANCELADAS_FINANCIERO_SOLIDARIO_CE="24" CUOTAS_PACTADAS_CE="24" ESTADO_CONTRATO_FINANCIERO_SOLIDARIO_CE="2" ESTADO_FINANCIERO_SOLIDARIO_CE="5" ESTADO_TITULAR_FINANCIERO_SOLIDARIO_CE="6" FECHA_CORTE_FINANCIERO_SOLIDARIO_CE="2020-04-30" FECHA_INICIAL_FINANCIERO_SOLIDARIO_CE="2018-05-21" FECHA_PAGO_FINANCIERO_SOLIDARIO_CE="2020-04-21" FECHA_TERMINACION_FINANCIERO_SOLIDARIO_CE="2020-05-31" IDENTIFICACION_SOLIDARIO_EXTINGUIDAS="00860034313" LINEA_CREDITO_FINANCIERO_SOLIDARIO_CE="155" MODALIDAD_CREDITO_FINANCIERO_SOLIDARIO_CE="2" MODO_EXTINCION_FINANCIERO_SOLIDARIO_CE="16" NOMBRE_ENTIDAD_FINANCIERO_SOLIDARIO_CE="BCO DAVIVIENDA LIBRE INVERS." NUMERO_DE_CUOTAS_EN_MORA_SECTOR_FINANCIERO_SOLIDARIO_CE="0" NUMERO_OBLIGACION_FINANCIERO_SOLIDARIO_CE="100151432" NUMERO_REESTRUCTURACIONES_CE="0" PERIODICIDAD_FINANCIERO_SOLIDARIO_CE="8" PROBABILIDAD_NO_PAGO_FINANCIERO_SOLIDARIO_CE="3.0" REESTUCTURADO_CE="2" SALDO_OBLIGACION_FINANCIERO_SOLIDARIO_CE="0" SUCURSAL_FINANCIERO_SOLIDARIO_CE="FUNZA" TIPO_CONTRATO_FINANCIERO_SOLIDARIO_CE="1" TIPO_GARANTIA_FINANCIERO_SOLIDARIO_CE="2" TIPO_MONEDA_FINANCIERO_SOLIDARIO_CE="1" TIPO_PAGO_FINANCIERO_SOLIDARIO_CE="1" VALOR_CUOTA_FINANCIERO_SOLIDARIO_CE="0" VALOR_INICIAL_FINANCIERO_SOLIDARIO_CE="0" VALOR_MORA_FINANCIERO_SOLIDARIO_CE="0"/>
<SECTOR_FINANCIERO_SOLIDARIO CALIDAD_FINANCIERO_SOLIDARIO_CE="T" CALIFICACION_FINANCIERO_SOLIDARIO_CE="1" CIUDAD_FINANCIERO_SOLIDARIO_CE="FUNZA" COMPORTAMIENTO_SECTOR_FINANCIERO_SOLIDARIO_CE="I|I|I|I|I|I|I|I|I|I|I|I|N|N|N|N|N|N|N|N|N|N|N|N|" CUOTAS_CANCELADAS_FINANCIERO_SOLIDARIO_CE="10" CUOTAS_PACTADAS_CE="10" ESTADO_CONTRATO_FINANCIERO_SOLIDARIO_CE="2" ESTADO_FINANCIERO_SOLIDARIO_CE="5" ESTADO_TITULAR_FINANCIERO_SOLIDARIO_CE="6" FECHA_CORTE_FINANCIERO_SOLIDARIO_CE="2021-02-28" FECHA_INICIAL_FINANCIERO_SOLIDARIO_CE="2020-03-17" FECHA_PAGO_FINANCIERO_SOLIDARIO_CE="2021-02-04" FECHA_TERMINACION_FINANCIERO_SOLIDARIO_CE="2021-02-04" IDENTIFICACION_SOLIDARIO_EXTINGUIDAS="00860002964" LINEA_CREDITO_FINANCIERO_SOLIDARIO_CE="155" MODALIDAD_CREDITO_FINANCIERO_SOLIDARIO_CE="1" MODO_EXTINCION_FINANCIERO_SOLIDARIO_CE="16" NOMBRE_ENTIDAD_FINANCIERO_SOLIDARIO_CE="BCO DE BOGOTA" NUMERO_DE_CUOTAS_EN_MORA_SECTOR_FINANCIERO_SOLIDARIO_CE="0" NUMERO_OBLIGACION_FINANCIERO_SOLIDARIO_CE="000054370" NUMERO_REESTRUCTURACIONES_CE="0" PERIODICIDAD_FINANCIERO_SOLIDARIO_CE="11" PROBABILIDAD_NO_PAGO_FINANCIERO_SOLIDARIO_CE="0.0" REESTUCTURADO_CE="2" SALDO_OBLIGACION_FINANCIERO_SOLIDARIO_CE="0" SUCURSAL_FINANCIERO_SOLIDARIO_CE="0439-OFICINA TORRE BANCO DE BO" TIPO_CONTRATO_FINANCIERO_SOLIDARIO_CE="1" TIPO_GARANTIA_FINANCIERO_SOLIDARIO_CE="C" TIPO_MONEDA_FINANCIERO_SOLIDARIO_CE="1" TIPO_PAGO_FINANCIERO_SOLIDARIO_CE="1" VALOR_CUOTA_FINANCIERO_SOLIDARIO_CE="0" VALOR_INICIAL_FINANCIERO_SOLIDARIO_CE="0" VALOR_MORA_FINANCIERO_SOLIDARIO_CE="0"/>
<SECTOR_FINANCIERO_SOLIDARIO CALIDAD_FINANCIERO_SOLIDARIO_CE="T" CALIFICACION_FINANCIERO_SOLIDARIO_CE="1" CIUDAD_FINANCIERO_SOLIDARIO_CE="BOGOTA DC" COMPORTAMIENTO_SECTOR_FINANCIERO_SOLIDARIO_CE="N|N|N|N|N|N|N|N|N|N|N|N|N|N|N|N|N|N|N|N|N|N|N|N|" CUOTAS_CANCELADAS_FINANCIERO_SOLIDARIO_CE="36" CUOTAS_PACTADAS_CE="36" ESTADO_CONTRATO_FINANCIERO_SOLIDARIO_CE="2" ESTADO_FINANCIERO_SOLIDARIO_CE="5" ESTADO_TITULAR_FINANCIERO_SOLIDARIO_CE="6" FECHA_INICIAL_FINANCIERO_SOLIDARIO_CE="2018-10-04" FECHA_PAGO_FINANCIERO_SOLIDARIO_CE="2021-09-16" FECHA_TERMINACION_FINANCIERO_SOLIDARIO_CE="2021-10-31" IDENTIFICACION_SOLIDARIO_EXTINGUIDAS="00860025971" LINEA_CREDITO_FINANCIERO_SOLIDARIO_CE="155" MODALIDAD_CREDITO_FINANCIERO_SOLIDARIO_CE="1" MODO_EXTINCION_FINANCIERO_SOLIDARIO_CE="16" NOMBRE_ENTIDAD_FINANCIERO_SOLIDARIO_CE="MI BANCO       FINAMERICA" NUMERO_DE_CUOTAS_EN_MORA_SECTOR_FINANCIERO_SOLIDARIO_CE="0" NUMERO_OBLIGACION_FINANCIERO_SOLIDARIO_CE="000167637" NUMERO_REESTRUCTURACIONES_CE="0" PERIODICIDAD_FINANCIERO_SOLIDARIO_CE="8" PROBABILIDAD_NO_PAGO_FINANCIERO_SOLIDARIO_CE="0.0" REESTUCTURADO_CE="2" SALDO_OBLIGACION_FINANCIERO_SOLIDARIO_CE="0" SUCURSAL_FINANCIERO_SOLIDARIO_CE="FERIAS" TIPO_CONTRATO_FINANCIERO_SOLIDARIO_CE="1" TIPO_GARANTIA_FINANCIERO_SOLIDARIO_CE="Q" TIPO_MONEDA_FINANCIERO_SOLIDARIO_CE="1" TIPO_PAGO_FINANCIERO_SOLIDARIO_CE="1" VALOR_CUOTA_FINANCIERO_SOLIDARIO_CE="0" VALOR_INICIAL_FINANCIERO_SOLIDARIO_CE="0" VALOR_MORA_FINANCIERO_SOLIDARIO_CE="0"/>
<SECTOR_FINANCIERO_SOLIDARIO CALIDAD_FINANCIERO_SOLIDARIO_CE="T" CALIFICACION_FINANCIERO_SOLIDARIO_CE="1" CIUDAD_FINANCIERO_SOLIDARIO_CE="BOGOTA D.E." COMPORTAMIENTO_SECTOR_FINANCIERO_SOLIDARIO_CE="N|N|N|N|N|N|N|N|N|N|N|N|N|N|N|N|N|N|N|N|N|N|N|N|" CUOTAS_CANCELADAS_FINANCIERO_SOLIDARIO_CE="0" CUOTAS_PACTADAS_CE="1" ESTADO_CONTRATO_FINANCIERO_SOLIDARIO_CE="2" ESTADO_FINANCIERO_SOLIDARIO_CE="5" ESTADO_TITULAR_FINANCIERO_SOLIDARIO_CE="6" FECHA_INICIAL_FINANCIERO_SOLIDARIO_CE="2006-07-27" FECHA_TERMINACION_FINANCIERO_SOLIDARIO_CE="2021-11-30" IDENTIFICACION_SOLIDARIO_EXTINGUIDAS="00860034594" LINEA_CREDITO_FINANCIERO_SOLIDARIO_CE="69" MODALIDAD_CREDITO_FINANCIERO_SOLIDARIO_CE="1" MODO_EXTINCION_FINANCIERO_SOLIDARIO_CE="16" NOMBRE_ENTIDAD_FINANCIERO_SOLIDARIO_CE="COLPATRIA      SOBREGIROS" NUMERO_DE_CUOTAS_EN_MORA_SECTOR_FINANCIERO_SOLIDARIO_CE="0" NUMERO_OBLIGACION_FINANCIERO_SOLIDARIO_CE="391012852" NUMERO_REESTRUCTURACIONES_CE="0" PERIODICIDAD_FINANCIERO_SOLIDARIO_CE="1" PROBABILIDAD_NO_PAGO_FINANCIERO_SOLIDARIO_CE="0.0" REESTUCTURADO_CE="2" SALDO_OBLIGACION_FINANCIERO_SOLIDARIO_CE="0" SUCURSAL_FINANCIERO_SOLIDARIO_CE="BOGOTA TOBERIN" TIPO_CONTRATO_FINANCIERO_SOLIDARIO_CE="1" TIPO_GARANTIA_FINANCIERO_SOLIDARIO_CE="Q" TIPO_MONEDA_FINANCIERO_SOLIDARIO_CE="1" TIPO_PAGO_FINANCIERO_SOLIDARIO_CE="1" VALOR_CUOTA_FINANCIERO_SOLIDARIO_CE="0" VALOR_INICIAL_FINANCIERO_SOLIDARIO_CE="0" VALOR_MORA_FINANCIERO_SOLIDARIO_CE="0"/>
<SECTOR_REAL CALIDAD_SECTOR_REAL_CE="T" CIUDAD_SECTOR_REAL_CE="BOGOTA" CLAUSULA_PERMANENCIA_SECTOR_REAL_CE="0" COMPORTAMIENTO_SECTOR_REAL_CE="I|I|I|I|I|I|I|I|I|I|I|I|I|I|I|N|N|N|N|N|N|N|N|N|" CUOTAS_CANCELADAS_SECTOR_REAL_CE="9" CUOTAS_PACTADAS_SECTOR_REAL_CE="0" ESTADO_CONTRATO_SECTOR_REAL_CE="2" ESTADO_SECTOR_REAL_CE="6" ESTADO_TITULAR_SECTOR_REAL_CE="3" FECHA_CORTE_SECTOR_REAL_CE="2020-12-30" FECHA_INICIAL_SECTOR_REAL_CE="2020-04-11" FECHA_PAGO_SECTOR_REAL_CE="2020-12-30" FECHA_TERMINACION_SECTOR_REAL_CE="2020-12-30" IDENTIFICACION_SECTOR_REAL_EXTINGUIDAS="00805025964" LINEA_CREDITO_SECTOR_REAL_CE="COC" MODO_EXTINCION_SECTOR_REAL_CE="16" NOMBRE_ENTIDAD_SECTOR_REAL_CE="CREDIVALORES   CREDIPOLIZA" NUMERO_DE_CUOTAS_EN_MORA_SECTOR_REAL_CE="0" NUMERO_OBLIGACION_SECTOR_REAL_CE="000151336" REESTRUCTURADO_SECTOR_REAL_CE="2" SALDO_SECTOR_REAL_CE="0" SUCURSAL_SECTOR_REAL_CE="BOGOTA 2" TIPO_PAGO_SECTOR_REAL_CE="1" VALOR_CARGO_FIJO_SECTOR_REAL_CE="0" VALOR_CUOTA_PAGO_MINIMO_SECTOR_REAL_CE="0" VALOR_INICIAL_SECTOR_REAL_CE="0" VALOR_MORA_ULTIMO_MES_SECTOR_REAL_CE="0" VIGENCIA_SECTOR_REAL_CE="1"/>
<TARJETA_CREDITO AMPARADA_TDC_CE="T" CALIDAD_TDC_CE="T" CALIFICACION_TDC_CE="1" CIUDAD_TDC_CE="SANTA MARTA" CLASE_TDC_CE="49" COMPORTAMIENTO_TDC_CE="I|I|I|I|I|I|I|I|I|I|I|I|I|I|I|I|I|I|I|I|I|I|N|N|" ESTADO_CONTRATO_TDC_CE="1" ESTADO_FINANCIERO_SOLIDARIO_CE="1" ESTADO_TDC_CE="1" ESTADO_TITULAR_TDC_CE="6" FECHA_CORTE_TDC_CE="2022-02-07" FECHA_INICIAL_TDC_CE="2021-12-14" IDENTIFICACION_TARJETAS="00860002964" MARCA_TDC_CE="1" MODALIDAD_CREDITO_FINANCIERO_SOLIDARIO_CE="2" MODO_EXTINCION_TDC_CE="19" NOMBRE_ENTIDAD_TDC_CE="BCO DE BOGOTA" NUMERO_CUOTAS_MORA_TDC="0" NUMERO_OBLIGACION_TDC_CE="474630576" PARTICIPACION_DEUDA_TDC_CE="0" REESTRUCTURADO_TDC_CE="2" SALDO_TDC_CE="41" SUCURSAL_TDC_CE="0439 OFICINA TORRE BANCO DE BO" TIPO_PAGO_TDC_CE="0" VALOR_CUOTA_TDC_CE="41" VALOR_INICIAL_TDC_CE="30000" VALOR_MORA_ULTIMO_MES_TDC_CE="0"/>
<TARJETA_CREDITO AMPARADA_TDC_CE="T" CALIDAD_TDC_CE="T" CALIFICACION_TDC_CE="1" CLASE_TDC_CE="49" COMPORTAMIENTO_TDC_CE="N|N|N|N|N|N|N|N|N|N|N|N|N|N|N|N|N|N|N|N|N|N|N|N|" ESTADO_CONTRATO_TDC_CE="2" ESTADO_FINANCIERO_SOLIDARIO_CE="15" ESTADO_TDC_CE="15" ESTADO_TITULAR_TDC_CE="6" FECHA_CORTE_TDC_CE="2020-11-18" FECHA_INICIAL_TDC_CE="2018-06-13" FECHA_PAGO_TDC_CE="2020-10-19" IDENTIFICACION_TARJETAS_EXTINGUIDAS="00860034594" IDENTIFICACION_TELEFONIA_EXTINGUIDAS="00860034594" MARCA_TDC_CE="1" MODALIDAD_CREDITO_FINANCIERO_SOLIDARIO_CE="2" MODO_EXTINCION_TDC_CE="16" NOMBRE_ENTIDAD_TDC_CE="BCO COLPATRIA" NUMERO_CUOTAS_MORA_TDC="0" NUMERO_OBLIGACION_TDC_CE="250000400" REESTRUCTURADO_TDC_CE="2" SALDO_TDC_CE="0" SUCURSAL_TDC_CE="CEDRITOS" TIPO_PAGO_TDC_CE="1" VALOR_CUOTA_TDC_CE="0" VALOR_INICIAL_TDC_CE="20000" VALOR_MORA_ULTIMO_MES_TDC_CE="0"/>
<TARJETA_CREDITO AMPARADA_TDC_CE="T" CALIDAD_TDC_CE="T" CALIFICACION_TDC_CE="1" CIUDAD_TDC_CE="SANTAFE DE BOGOTA D." CLASE_TDC_CE="49" COMPORTAMIENTO_TDC_CE="N|N|N|N|N|N|N|N|N|N|N|N|N|N|N|N|N|N|N|N|N|N|N|N|" ESTADO_CONTRATO_TDC_CE="2" ESTADO_FINANCIERO_SOLIDARIO_CE="15" ESTADO_TDC_CE="15" ESTADO_TITULAR_TDC_CE="6" FECHA_CORTE_TDC_CE="2020-12-31" FECHA_INICIAL_TDC_CE="2018-05-21" FECHA_PAGO_TDC_CE="2020-12-11" IDENTIFICACION_TARJETAS_EXTINGUIDAS="00860034313" IDENTIFICACION_TELEFONIA_EXTINGUIDAS="00860034313" MARCA_TDC_CE="2" MODALIDAD_CREDITO_FINANCIERO_SOLIDARIO_CE="2" MODO_EXTINCION_TDC_CE="16" NOMBRE_ENTIDAD_TDC_CE="BCO DAVIVIENDA" NUMERO_CUOTAS_MORA_TDC="0" NUMERO_OBLIGACION_TDC_CE="552336645" REESTRUCTURADO_TDC_CE="2" SALDO_TDC_CE="0" SUCURSAL_TDC_CE="FUNZA" TIPO_PAGO_TDC_CE="1" VALOR_CUOTA_TDC_CE="0" VALOR_INICIAL_TDC_CE="6000" VALOR_MORA_ULTIMO_MES_TDC_CE="0"/>
<TELEFONIA_CELULAR CALIDAD_TELEFONIA_CELULAR_CE="T" CIUDAD_TELEFONIA_CELULAR_CE="BOGOTA D.C." CLAUSULA_PERMANENCIA_TELEFONIA_CELULAR_CE="0" COMPORTAMIENTO_TELEFONIA_CELULAR_CE="I|I|I|I|I|I|I|I|I|I|I|N|N|N|N|N|N|N|N|N|N|N|N|N|" CUOTAS_CANCELADAS_TELEFONIA_CELULAR_CE="0" CUOTAS_EN_MORA_TELEFONIA_CELULAR_CE="0" CUOTAS_PACTADAS_TELEFONIA_CELULAR_CE="12" ESTADO_CONTRATO_TELEFONIA_CELULAR_CE="2" ESTADO_TELEFONIA_CELULAR_CE="6" ESTADO_TITULAR_TELEFONIA_CELULAR_CE="6" FECHA_CORTE_TELEFONIA_CELULAR_CE="2020-12-02" FECHA_INICIAL_TELEFONIA_CELULAR_CE="2019-09-05" FECHA_PAGO_TELEFONIA_CELULAR_CE="2020-09-18" FECHA_TERMINACION_TELEFONIA_CELULAR_CE="2020-09-18" MODO_EXTINCION_TELEFONIA_CELULAR_CE="16" NOMBRE_ENTIDAD_TELEFONIA_CELULAR_CE="CLARO SOLUCION MOVILES" NUMERO_OBLIGACION_TELEFONIA_CELULAR_CE="054264798" PERIODICIDAD_TELEFONIA_CELULAR_CE="9" REESTRUCTURADO_TELEFONIA_CELULAR_CE="2" SALDO_TELEFONIA_CELULAR_CE="0" SUCURSAL_TELEFONIA_CELULAR_CE="SANTAFE DE BOGOTA" TIPO_PAGO_TELEFONIA_CELULAR_CE="1" VALOR_CUOTA_PAGO_MINIMO_TELEFONIA_CELULAR_CE="0" VALOR_INICIAL_TELEFONIA_CELULAR_CE="0" VALOR_MORA_ULTIMO_MES_TELEFONIA_CELULAR_CE="0" VIGENCIA_TELEFONIA_CELULAR_CE="1"/>
<TELEFONIA_CELULAR CALIDAD_TELEFONIA_CELULAR_CE="T" CLAUSULA_PERMANENCIA_TELEFONIA_CELULAR_CE="0" COMPORTAMIENTO_TELEFONIA_CELULAR_CE="N|N|N|N|N|N|N|N|N|N|N|N|N|N|N|N|N|N|N|N|N|N|N|N|" CUOTAS_CANCELADAS_TELEFONIA_CELULAR_CE="-1" CUOTAS_EN_MORA_TELEFONIA_CELULAR_CE="0" CUOTAS_PACTADAS_TELEFONIA_CELULAR_CE="-1" ESTADO_CONTRATO_TELEFONIA_CELULAR_CE="2" ESTADO_TELEFONIA_CELULAR_CE="6" ESTADO_TITULAR_TELEFONIA_CELULAR_CE="6" FECHA_INICIAL_TELEFONIA_CELULAR_CE="2013-12-31" FECHA_TERMINACION_TELEFONIA_CELULAR_CE="2021-11-30" MODO_EXTINCION_TELEFONIA_CELULAR_CE="16" NOMBRE_ENTIDAD_TELEFONIA_CELULAR_CE="CLARO SOLUCION MOVILES" NUMERO_OBLIGACION_TELEFONIA_CELULAR_CE=".04813150" PERIODICIDAD_TELEFONIA_CELULAR_CE="9" REESTRUCTURADO_TELEFONIA_CELULAR_CE="2" SALDO_TELEFONIA_CELULAR_CE="0" TIPO_PAGO_TELEFONIA_CELULAR_CE="1" VALOR_CUOTA_PAGO_MINIMO_TELEFONIA_CELULAR_CE="0" VALOR_INICIAL_TELEFONIA_CELULAR_CE="0" VALOR_MORA_ULTIMO_MES_TELEFONIA_CELULAR_CE="0" VIGENCIA_TELEFONIA_CELULAR_CE="1"/>
<TELEFONIA_CELULAR CALIDAD_TELEFONIA_CELULAR_CE="T" CLAUSULA_PERMANENCIA_TELEFONIA_CELULAR_CE="0" COMPORTAMIENTO_TELEFONIA_CELULAR_CE="N|N|N|N|N|N|N|N|N|N|N|N|N|N|N|N|N|N|N|N|N|N|N|N|" CUOTAS_CANCELADAS_TELEFONIA_CELULAR_CE="-1" CUOTAS_EN_MORA_TELEFONIA_CELULAR_CE="0" CUOTAS_PACTADAS_TELEFONIA_CELULAR_CE="-1" ESTADO_CONTRATO_TELEFONIA_CELULAR_CE="1" ESTADO_TELEFONIA_CELULAR_CE="1" ESTADO_TITULAR_TELEFONIA_CELULAR_CE="6" FECHA_INICIAL_TELEFONIA_CELULAR_CE="2011-03-06" FECHA_TERMINACION_TELEFONIA_CELULAR_CE="2022-01-31" IDENTIFICACION_TELEFONIA_CELULAR="00800153993" LINEA_CREDITO_TELEFONIA_CELULAR_CE="01" MODO_EXTINCION_TELEFONIA_CELULAR_CE="19" NOMBRE_ENTIDAD_TELEFONIA_CELULAR_CE="CLARO SOLUCION MOVILES" NUMERO_OBLIGACION_TELEFONIA_CELULAR_CE=".00869624" PERIODICIDAD_TELEFONIA_CELULAR_CE="9" REESTRUCTURADO_TELEFONIA_CELULAR_CE="2" SALDO_TELEFONIA_CELULAR_CE="0" TIPO_PAGO_TELEFONIA_CELULAR_CE="0" VALOR_CUOTA_PAGO_MINIMO_TELEFONIA_CELULAR_CE="0" VALOR_INICIAL_TELEFONIA_CELULAR_CE="0" VALOR_MORA_ULTIMO_MES_TELEFONIA_CELULAR_CE="0" VIGENCIA_TELEFONIA_CELULAR_CE="1"/>
<TELEFONIA_CELULAR CALIDAD_TELEFONIA_CELULAR_CE="00" CLAUSULA_PERMANENCIA_TELEFONIA_CELULAR_CE="0" COMPORTAMIENTO_TELEFONIA_CELULAR_CE="N|N|N|N|N|N|N|N|N|N|N|N|N|N|N|N|N|N|N|N|N|N|N|N|" CUOTAS_CANCELADAS_TELEFONIA_CELULAR_CE="-1" CUOTAS_EN_MORA_TELEFONIA_CELULAR_CE="0" CUOTAS_PACTADAS_TELEFONIA_CELULAR_CE="-1" ESTADO_CONTRATO_TELEFONIA_CELULAR_CE="2" ESTADO_TELEFONIA_CELULAR_CE="6" ESTADO_TITULAR_TELEFONIA_CELULAR_CE="6" FECHA_INICIAL_TELEFONIA_CELULAR_CE="2013-12-31" MODO_EXTINCION_TELEFONIA_CELULAR_CE="16" NOMBRE_ENTIDAD_TELEFONIA_CELULAR_CE="CLARO SOLUCION MOVILES" NUMERO_OBLIGACION_TELEFONIA_CELULAR_CE=".04813150" PERIODICIDAD_TELEFONIA_CELULAR_CE="9" SALDO_TELEFONIA_CELULAR_CE="0" VALOR_CUOTA_PAGO_MINIMO_TELEFONIA_CELULAR_CE="0" VALOR_INICIAL_TELEFONIA_CELULAR_CE="0" VALOR_MORA_ULTIMO_MES_TELEFONIA_CELULAR_CE="0"/>
<VARIABLES_CALCULADAS_CE CANT_CASTIGOS_ULT4A_TOTAL_BR="0" CANTIDAD_CONSULTAS_ULT12M_FINANCIERO_BR="4" CANTIDAD_CTAS_AHORRO_INACTIVAS_BR="0" CANTIDAD_ENTIDADES_TDC_BR="1" CANTIDAD_OBL_ABIERTAS_ULT12M_TOTAL_BR="3" CANTIDAD_OBL_SALDADAS_AL_DIA_CONSUMO_BR="0" CANTIDAD_OBLIGACIONES_TOTAL_CLIENTE_BR="52" CANTIDAD_PRODUCTOS_ABIERTOS_ULT12M_TOTAL_BR="3" CANTIDAD_TDC_MASTER_BR="0" CONTADOR_MORA_1_ULT12M_FINANCIERO_BR="0" CONTADOR_N_TOTAL_CLIENTE_ULT12M_BR="45" CUOTA_TOT_PROD_HIP_CE="1640000" CUOTA_TOT_PROD_INSTAL_CE="9040000" CUOTA_TOT_PROD_OTROS_CE="0" CUOTA_TOT_PROD_ROTA_CE="40000" CUOTA_TOT_PROD_TELCOS_CE="0" CUOTA_TOT_PROD_VEHI_CE="0" ESTIMADOR_INGRESOS_CE="3000" ESTIMADOR_INGRESOS_MAX_CE="3000" ESTIMADOR_INGRESOS_MIN_CE="3000" EXCL_ADVANCE="999" EXP_BAJO_MONTO_CE="true" EXP_OBL_ABIERTAS_CE="1" EXP_OBL_CERRADAS_CE="1" MESES_PRIMPROD_ABIERTO_CE="232" SALDO_ACTUAL_OBL_AL_DIA_FINANCIERO_BR="145368000" SCORE_ADVANCE="900" SUM_SALDOS_AL_DIA_3_MESES_TOTAL_BR="145368000" TIEMPO_DESDE_LA_PRIMERA_CTAAHO_BR="0" TIEMPO_PRIMER_PDCTO_ABIERTO_CTAAHO_BR="92" TIEMPO_PRIMER_PRODUCTO_ABIERTO_FINANCIERO_BR="232" TIEMPO_PRIMER_PRODUCTO_ABIERTO_TOTAL_BR="232" TIEMPO_ULTIMA_TDC_FINANCIERO_BR="1" TIEMPO_ULTIMO_PRODUCTO_ABIERTO_FINANCIERO_BR="0" VALOR_INICIAL_TOTAL_FINANCIERO_BR="382999"/>
</CENTRAL_EXTERNA>
</SOLICITANTE>
</CDA_ENTRADA>
<CreditRequest ProductCategory="Hipotecario" ProductCode="FlujoCredito"/>
</Application>
