<Application xmlns:xsi="http://www.w3.org/2001/XMLSchema-instance" ApplicationCrossReferenceId="" ApplicationDate="2001-01-01" DeliveryOptionCode="bancolombia" ProcessingRequestType="DA" ResubmissionFlag="false" StrategySelectionRandomNumber="0" Timestamp="2001-12-31T12:00:00" TransactionId="" xsi:noNamespaceSchemaLocation="COS.SMWDisplayValues.xsd">
<CDA_ENTRADA APROBACION="0" IDENTIFICADOR_LLAMADA="2" NUMERO_PARTICIPANTES="1" TIPO_PRODUCTO_SOLICITUD="2">
<SOLICITANTE NUMERO_DE_SOLICITUD="1737303" NUMERO_DEL_PARTICIPANTE="1" TIPO_DE_PARTICIPANTE="0" TIPO_PARTICIPANTE="1">
<CENTRAL_EXTERNA ESTADO_DOCUMENTO_CE="16" FECHA_CONSULTA_CE="2019-04-09" FECHA_EXPEDICION_CE="1977-08-19" HORA_CONSULTA_CE="2019-04-09T15:39:42" LUGAR_EXPEDICION_CE="FONTIBON" NOMBRE_TITULAR_CE="HERNANDEZ DIAZ ANTONIA JUANA" NUMERO_DE_PARTICIPANTES="1" NUMERO_DEL_PARTICIPANTE="1" NUMERO_IDENTIFICACION="1018425746" NUMERO_IDENTIFICACION_CE="1018425746" RANGO_EDAD_CE2="65" RESPUESTA_CENTRAL_DATA="13" RESPUESTA_CONSULTA_CE="2" SCORE_DATACREDITO_CE="709.0" SEGMENTO_CLIENTE="01" SUBSEGMENTO_CLIENTE="05" TIPO_DOCUMENTO_CE="1">
<CALCULOS_CE ANTIGUEDAD_APERTURA_HISTORIA_CREDITICIA_SECTOR_FINANCIERO_CE="1987-01-01" CLIENTE_SIN_INFORMACION_DE_RIESGO_CE="0" CLIENTE_SIN_INFORMACION_FINANCIERA_CE="0" INDICADOR_CARTERA_CASTIGADA_CE="0" MAYOR_PORCENTAJE_DE_UTILIZACION_CE_TDC="0" NUMERO_CONSULTAS_L6M_CE="1" NUMERO_CREDITOS_HIPOTECARIOS_SALDADOS_CE="2" NUMERO_CREDITOS_HIPOTECARIOS_VIGENTES_CE="0" NUMERO_CUENTAS_AHORRO_SALDADAS_CE="0" NUMERO_CUENTAS_AHORRO_VIGENTES_CE="4" NUMERO_OBLIGACIONES_SALDADAS_SECTOR_REAL_CE="1" NUMERO_OBLIGACIONES_VIGENTES_AL_DIA_CE="0" NUMERO_OBLIGACIONES_VIGENTES_AL_DIA_SECTOR_REAL_CE="0" NUMERO_OBLIGACIONES_VIGENTES_CON_SALDO_CE="0" NUMERO_OBLIGACIONES_VIGENTES_EN_MORA_CE="0" NUMERO_OBLIGACIONES_VIGENTES_EN_MORA_SECTOR_REAL_CE="0" NUMERO_OBLIGACIONES_VIGENTES_SIN_SALDO_CE="0" NUMERO_PRODUCTOS_ABIERTOS_UA_CE="0" NUMERO_PRODUCTOS_CARTERA_COMERCIAL_SALDADA_CE="0" NUMERO_PRODUCTOS_CARTERA_COMERCIAL_VIGENTE_CE="0" NUMERO_PRODUCTOS_CARTERA_CONSUMO_SALDADOS_CE="4" NUMERO_PRODUCTOS_CARTERA_CONSUMO_VIGENTES_CE="0" NUMERO_PRODUCTOS_COMPANIAS_FINANCIAMIENTO_COMERCIAL_CE="0" NUMERO_PRODUCTOS_RIESGO_SALDADOS_CE="8" NUMERO_PRODUCTOS_RIESGO_TOTALES_SECTOR_FINANCIERO_CE="7" NUMERO_PRODUCTOS_RIESGO_VIGENTES_CE="0" NUMERO_TARJETAS_CREDITO_COMO_PRINCIPAL_CE="0" UTILIZACION_PROMEDIO_CE_TDC="0"/>
<CONSULTAS_CENTRALES ENTIDAD_CONSULTAS_CENTRALES="CONSULTAS LOTE" FECHA_CONSULTA_CONSULTAS_CENTRALES="2019-02-06"/>
<CONTADORES_CE CONTADOR_MORA_4_INDIVIDUAL_SECTOR_FINANCIERO_SOLIDARIO_UA_CE="11" CONTADOR_MORA_INDIVIDUAL_4_TOTAL_CLIENTE_UA_CE="11" CONTADOR_MORA_INDIVIDUAL_N_TOTAL_CLIENTE_UA_CE="36" CONTADOR_MORA_N_INDIVIDUAL_SECTOR_FINANCIERO_SOLIDARIO_UA_CE="33" CONTADOR_MORA_N_INDIVIDUAL_SECTOR_REAL_UA_CE="1" CONTADOR_MORA_N_INDIVIDUAL_TDC_UA_CE="2"/>
<CUENTA_CORRIENTE_AHORROS CIUDAD_CTA_CTE_CE="IBAGUE" ESTADO_CTA_CTE_AHORROS_CE="1" FECHA_CORTE_CUENTA_CE="2019-02-28" FECHA_INICIAL_CUENTA_CE="2005-11-01" NOMBRE_ENTIDAD_CTA_CTE_CE="BANCOLOMBIA" NUMERO_OBLIGACION_CTA_CTE_CE="755114716" SUCURSAL_CTA_CTE_CE="MULTICENTRO IBAGUE" TIPO_CONTRATO_CTA_CTE_CE="2"/>
<CUENTA_CORRIENTE_AHORROS CIUDAD_CTA_CTE_CE="CHAPAR" ESTADO_CTA_CTE_AHORROS_CE="3" FECHA_INICIAL_CUENTA_CE="1991-05-31" NOMBRE_ENTIDAD_CTA_CTE_CE="BBVA           COLOMBIA" NUMERO_OBLIGACION_CTA_CTE_CE="200025813" SUCURSAL_CTA_CTE_CE="CHAPARRAL" TIPO_CONTRATO_CTA_CTE_CE="0"/>
<CUENTA_CORRIENTE_AHORROS CIUDAD_CTA_CTE_CE="IBAGUE" ESTADO_CTA_CTE_AHORROS_CE="2" FECHA_CORTE_CUENTA_CE="2019-02-28" FECHA_INICIAL_CUENTA_CE="1997-06-17" NOMBRE_ENTIDAD_CTA_CTE_CE="BCO AGRARIO" NUMERO_OBLIGACION_CTA_CTE_CE="010049769" SUCURSAL_CTA_CTE_CE="IBAGUE SUCURSAL" TIPO_CONTRATO_CTA_CTE_CE="0"/>
<CUENTA_CORRIENTE_AHORROS CIUDAD_CTA_CTE_CE="IBAGUE" ESTADO_CTA_CTE_AHORROS_CE="2" FECHA_CORTE_CUENTA_CE="2019-02-28" FECHA_INICIAL_CUENTA_CE="1997-07-31" NOMBRE_ENTIDAD_CTA_CTE_CE="BCO DE BOGOTA" NUMERO_OBLIGACION_CTA_CTE_CE="474001948" SUCURSAL_CTA_CTE_CE="0474 PIEDRAPINTADA (IBAGUE)" TIPO_CONTRATO_CTA_CTE_CE="0"/>
<CUENTA_CORRIENTE_AHORROS CIUDAD_CTA_CTE_CE="IBAGUE" ESTADO_CTA_CTE_AHORROS_CE="3" FECHA_CORTE_CUENTA_CE="2019-02-28" FECHA_INICIAL_CUENTA_CE="1997-03-06" NOMBRE_ENTIDAD_CTA_CTE_CE="BCO DE BOGOTA" NUMERO_OBLIGACION_CTA_CTE_CE="474001385" SUCURSAL_CTA_CTE_CE="0474 PIEDRAPINTADA (IBAGUE)" TIPO_CONTRATO_CTA_CTE_CE="0"/>
<SECTOR_FINANCIERO_SOLIDARIO CALIDAD_FINANCIERO_SOLIDARIO_CE="C" CALIFICACION_FINANCIERO_SOLIDARIO_CE="2" COMPORTAMIENTO_SECTOR_FINANCIERO_SOLIDARIO_CE="N|N|N|N|N|N|N|N|N|N|N|N|N|N|N|N|N|N|N|N|I|I|N|N|" ESTADO_FINANCIERO_SOLIDARIO_CE="5" ESTADO_TITULAR_FINANCIERO_SOLIDARIO_CE="6" FECHA_INICIAL_FINANCIERO_SOLIDARIO_CE="2002-05-01" MODALIDAD_CREDITO_FINANCIERO_SOLIDARIO_CE="1" MODO_EXTINCION_FINANCIERO_SOLIDARIO_CE="16" NOMBRE_ENTIDAD_FINANCIERO_SOLIDARIO_CE="BANCOOMEVA" NUMERO_OBLIGACION_FINANCIERO_SOLIDARIO_CE="308146066" PROBABILIDAD_NO_PAGO_FINANCIERO_SOLIDARIO_CE="0.0" REESTRUCTURADO_FINANCIERO_SOLIDARIO_CE="0" SUCURSAL_FINANCIERO_SOLIDARIO_CE="NO INFORMO" TIPO_GARANTIA_FINANCIERO_SOLIDARIO_CE="1"/>
<SECTOR_FINANCIERO_SOLIDARIO CALIDAD_FINANCIERO_SOLIDARIO_CE="T" CALIFICACION_FINANCIERO_SOLIDARIO_CE="1" COMPORTAMIENTO_SECTOR_FINANCIERO_SOLIDARIO_CE="I|N|N|N|N|N|N|N|N|I|I|I|I|I|I|I|I|I|N|N|N|N|N|N|" ESTADO_FINANCIERO_SOLIDARIO_CE="5" ESTADO_TITULAR_FINANCIERO_SOLIDARIO_CE="6" FECHA_INICIAL_FINANCIERO_SOLIDARIO_CE="1989-10-01" MODALIDAD_CREDITO_FINANCIERO_SOLIDARIO_CE="3" MODO_EXTINCION_FINANCIERO_SOLIDARIO_CE="16" NOMBRE_ENTIDAD_FINANCIERO_SOLIDARIO_CE="BANCO CAJA SOC" NUMERO_OBLIGACION_FINANCIERO_SOLIDARIO_CE="170322484" PROBABILIDAD_NO_PAGO_FINANCIERO_SOLIDARIO_CE="0.0" REESTRUCTURADO_FINANCIERO_SOLIDARIO_CE="0" SUCURSAL_FINANCIERO_SOLIDARIO_CE="NO INFORMO" TIPO_GARANTIA_FINANCIERO_SOLIDARIO_CE="1"/>
<SECTOR_FINANCIERO_SOLIDARIO CALIDAD_FINANCIERO_SOLIDARIO_CE="T" COMPORTAMIENTO_SECTOR_FINANCIERO_SOLIDARIO_CE="N|N|N|N|N|N|N|N|N|N|N|I|N|N|N|N|N|N|N|N|N|N|N|N|" ESTADO_FINANCIERO_SOLIDARIO_CE="5" ESTADO_TITULAR_FINANCIERO_SOLIDARIO_CE="6" FECHA_INICIAL_FINANCIERO_SOLIDARIO_CE="1994-04-01" MODALIDAD_CREDITO_FINANCIERO_SOLIDARIO_CE="3" MODO_EXTINCION_FINANCIERO_SOLIDARIO_CE="19" NOMBRE_ENTIDAD_FINANCIERO_SOLIDARIO_CE="BCO COLPATRIA" NUMERO_OBLIGACION_FINANCIERO_SOLIDARIO_CE="500004448" PROBABILIDAD_NO_PAGO_FINANCIERO_SOLIDARIO_CE="0.0" REESTRUCTURADO_FINANCIERO_SOLIDARIO_CE="0" SUCURSAL_FINANCIERO_SOLIDARIO_CE="NO INFORMO" TIPO_GARANTIA_FINANCIERO_SOLIDARIO_CE="1"/>
<SECTOR_FINANCIERO_SOLIDARIO CALIDAD_FINANCIERO_SOLIDARIO_CE="T" COMPORTAMIENTO_SECTOR_FINANCIERO_SOLIDARIO_CE="I|I|I|I|I|I|I|I|I|I|I|N|N|N|N|N|N|N|N|N|N|N|N|N|" ESTADO_FINANCIERO_SOLIDARIO_CE="5" ESTADO_TITULAR_FINANCIERO_SOLIDARIO_CE="6" FECHA_INICIAL_FINANCIERO_SOLIDARIO_CE="1988-08-01" MODALIDAD_CREDITO_FINANCIERO_SOLIDARIO_CE="7" MODO_EXTINCION_FINANCIERO_SOLIDARIO_CE="19" NOMBRE_ENTIDAD_FINANCIERO_SOLIDARIO_CE="BCO DAVIVIENDA HIPOTECARIO" NUMERO_OBLIGACION_FINANCIERO_SOLIDARIO_CE="160088640" PROBABILIDAD_NO_PAGO_FINANCIERO_SOLIDARIO_CE="0.0" REESTRUCTURADO_FINANCIERO_SOLIDARIO_CE="0" SUCURSAL_FINANCIERO_SOLIDARIO_CE="NO INFORMO" TIPO_GARANTIA_FINANCIERO_SOLIDARIO_CE="0"/>
<SECTOR_FINANCIERO_SOLIDARIO CALIDAD_FINANCIERO_SOLIDARIO_CE="T" CALIFICACION_FINANCIERO_SOLIDARIO_CE="1" CIUDAD_FINANCIERO_SOLIDARIO_CE="BOGOTA" COMPORTAMIENTO_SECTOR_FINANCIERO_SOLIDARIO_CE="6|6|6|6|6|6|6|6|6|6|6|6|6|6|6|6|6|6|6|6|6|6|6|D|" CUOTAS_CANCELADAS_FINANCIERO_SOLIDARIO_CE="0" CUOTAS_PACTADAS_CE="1" ESTADO_FINANCIERO_SOLIDARIO_CE="8" ESTADO_TITULAR_FINANCIERO_SOLIDARIO_CE="6" FECHA_INICIAL_FINANCIERO_SOLIDARIO_CE="1998-05-30" FECHA_PAGO_FINANCIERO_SOLIDARIO_CE="2005-07-01" MODALIDAD_CREDITO_FINANCIERO_SOLIDARIO_CE="2" MODO_EXTINCION_FINANCIERO_SOLIDARIO_CE="9" NOMBRE_ENTIDAD_FINANCIERO_SOLIDARIO_CE="MUNDIAL LTDA   LA FORTALEZA" NUMERO_DE_CUOTAS_EN_MORA_SECTOR_FINANCIERO_SOLIDARIO_CE="0" NUMERO_OBLIGACION_FINANCIERO_SOLIDARIO_CE="121281379" PERIODICIDAD_FINANCIERO_SOLIDARIO_CE="8" PROBABILIDAD_NO_PAGO_FINANCIERO_SOLIDARIO_CE="0.0" REESTRUCTURADO_FINANCIERO_SOLIDARIO_CE="4" SALDO_OBLIGACION_FINANCIERO_SOLIDARIO_CE="0" SUCURSAL_FINANCIERO_SOLIDARIO_CE="MUNDIAL DE COBRANZAS LTDA" TIPO_GARANTIA_FINANCIERO_SOLIDARIO_CE="2" TIPO_MONEDA_FINANCIERO_SOLIDARIO_CE="1" VALOR_CUOTA_FINANCIERO_SOLIDARIO_CE="0" VALOR_INICIAL_FINANCIERO_SOLIDARIO_CE="2336" VALOR_MORA_FINANCIERO_SOLIDARIO_CE="0"/>
<SECTOR_FINANCIERO_SOLIDARIO CALIDAD_FINANCIERO_SOLIDARIO_CE="T" COMPORTAMIENTO_SECTOR_FINANCIERO_SOLIDARIO_CE="I|I|I|I|I|I|I|I|I|I|I|I|I|I|I|I|I|I|I|I|I|N|N|N|" ESTADO_FINANCIERO_SOLIDARIO_CE="5" ESTADO_TITULAR_FINANCIERO_SOLIDARIO_CE="6" FECHA_INICIAL_FINANCIERO_SOLIDARIO_CE="1994-05-01" MODALIDAD_CREDITO_FINANCIERO_SOLIDARIO_CE="2" MODO_EXTINCION_FINANCIERO_SOLIDARIO_CE="16" NOMBRE_ENTIDAD_FINANCIERO_SOLIDARIO_CE="MUNDIAL LTDA   LA FORTALEZA" NUMERO_OBLIGACION_FINANCIERO_SOLIDARIO_CE="121234041" PROBABILIDAD_NO_PAGO_FINANCIERO_SOLIDARIO_CE="0.0" REESTRUCTURADO_FINANCIERO_SOLIDARIO_CE="0" SUCURSAL_FINANCIERO_SOLIDARIO_CE="NO INFORMO" TIPO_GARANTIA_FINANCIERO_SOLIDARIO_CE="2"/>
<SECTOR_FINANCIERO_SOLIDARIO REESTRUCTURADO_FINANCIERO_SOLIDARIO_CE="-1"/>
<SECTOR_FINANCIERO_SOLIDARIO REESTRUCTURADO_FINANCIERO_SOLIDARIO_CE="-1"/>
<SECTOR_REAL CALIDAD_SECTOR_REAL_CE="T" CIUDAD_SECTOR_REAL_CE="IBAGUE" CLAUSULA_PERMANENCIA_SECTOR_REAL_CE="0" COMPORTAMIENTO_SECTOR_REAL_CE="I|I|I|I|I|I|I|I|I|I|I|I|I|I|I|I|I|I|I|I|I|I|I|N|" CUOTAS_CANCELADAS_SECTOR_REAL_CE="1" CUOTAS_PACTADAS_SECTOR_REAL_CE="1" ESTADO_CONTRATO_SECTOR_REAL_CE="08" ESTADO_SECTOR_REAL_CE="6" ESTADO_TITULAR_SECTOR_REAL_CE="6" FECHA_CORTE_SECTOR_REAL_CE="2015-11-30" FECHA_INICIAL_SECTOR_REAL_CE="2015-11-20" FECHA_PAGO_SECTOR_REAL_CE="2015-11-21" MODO_EXTINCION_SECTOR_REAL_CE="16" NOMBRE_ENTIDAD_SECTOR_REAL_CE="INVERSIONISTAS" NUMERO_DE_CUOTAS_EN_MORA_SECTOR_REAL_CE="0" NUMERO_OBLIGACION_SECTOR_REAL_CE="791141210" SALDO_SECTOR_REAL_CE="0" SUCURSAL_SECTOR_REAL_CE="MEDELLIN" VALOR_CUOTA_PAGO_MINIMO_SECTOR_REAL_CE="0" VALOR_INICIAL_SECTOR_REAL_CE="0" VALOR_MORA_ULTIMO_MES_SECTOR_REAL_CE="0" VIGENCIA_SECTOR_REAL_CE="0"/>
<TARJETA_CREDITO AMPARADA_TDC_CE="T" CLASE_TDC_CE="0" COMPORTAMIENTO_TDC_CE="I|I|I|I|I|I|I|I|I|I|I|I|I|I|I|I|I|I|I|I|I|I|I|N|" ESTADO_CONTRATO_TDC_CE="2" ESTADO_FINANCIERO_SOLIDARIO_CE="15" ESTADO_TDC_CE="15" ESTADO_TITULAR_TDC_CE="6" FECHA_INICIAL_TDC_CE="1987-01-01" MARCA_TDC_CE="0" MODALIDAD_CREDITO_FINANCIERO_SOLIDARIO_CE="2" MODO_EXTINCION_TDC_CE="19" NOMBRE_ENTIDAD_TDC_CE="BCO DE BOGOTA" NUMERO_OBLIGACION_TDC_CE="017526443" SUCURSAL_TDC_CE="NO INFORMO"/>
<TARJETA_CREDITO AMPARADA_TDC_CE="T" CLASE_TDC_CE="0" COMPORTAMIENTO_TDC_CE="I|I|I|I|I|I|I|I|I|I|I|I|I|I|I|I|I|I|I|I|I|I|I|N|" ESTADO_CONTRATO_TDC_CE="2" ESTADO_FINANCIERO_SOLIDARIO_CE="15" ESTADO_TDC_CE="15" ESTADO_TITULAR_TDC_CE="6" FECHA_INICIAL_TDC_CE="1998-09-01" MARCA_TDC_CE="0" MODALIDAD_CREDITO_FINANCIERO_SOLIDARIO_CE="2" MODO_EXTINCION_TDC_CE="16" NOMBRE_ENTIDAD_TDC_CE="MUNDIAL LTDA   LA FORTALEZA T" NUMERO_OBLIGACION_TDC_CE="041309008" SUCURSAL_TDC_CE="NO INFORMO"/>
<VARIABLES_CALCULADAS_CE CANT_CASTIGOS_ULT4A_TOTAL_BR="1" CANTIDAD_CONSULTAS_ULT12M_FINANCIERO_BR="1" CANTIDAD_CTAS_AHORRO_INACTIVAS_BR="0" CANTIDAD_ENTIDADES_TDC_BR="0" CANTIDAD_OBL_ABIERTAS_ULT12M_TOTAL_BR="0" CANTIDAD_OBL_SALDADAS_AL_DIA_CONSUMO_BR="0" CANTIDAD_PRODUCTOS_ABIERTOS_ULT12M_TOTAL_BR="0" CANTIDAD_TDC_MASTER_BR="0" CONTADOR_MORA_1_ULT12M_FINANCIERO_BR="0" CONTADOR_MORA_2_ULT12M_TOTAL_BR="0" CONTADOR_N_TOTAL_CLIENTE_ULT12M_BR="0" ESTIMADOR_INGRESOS_CE="2418" ESTIMADOR_INGRESOS_MAX_CE="3143" ESTIMADOR_INGRESOS_MIN_CE="1692" PEOR_CALIF_ACT_TOTAL_CE="SP" SALDO_ACTUAL_OBL_AL_DIA_FINANCIERO_BR="0" SUM_SALDOS_AL_DIA_3_MESES_TOTAL_BR="0" TIEMPO_DESDE_LA_PRIMERA_CTAAHO_BR="0" TIEMPO_PRIMER_PDCTO_ABIERTO_CTAAHO_BR="333" TIEMPO_PRIMER_PRODUCTO_ABIERTO_TOTAL_BR="385" TIEMPO_ULTIMA_TDC_FINANCIERO_BR="92" TIEMPO_ULTIMO_PRODUCTO_ABIERTO_FINANCIERO_BR="0"/>
</CENTRAL_EXTERNA>
</SOLICITANTE>
</CDA_ENTRADA>
<CreditRequest ProductCategory="Hipotecario" ProductCode="FlujoCredito"/>
</Application>