<Application xmlns:xsi="http://www.w3.org/2001/XMLSchema-instance" ApplicationCrossReferenceId="" ApplicationDate="2001-01-01" DeliveryOptionCode="bancolombia" ProcessingRequestType="DA" ResubmissionFlag="false" StrategySelectionRandomNumber="0" Timestamp="2001-12-31T12:00:00" TransactionId="" xsi:noNamespaceSchemaLocation="COS.SMWDisplayValues.xsd">
<CDA_ENTRADA APROBACION="0" IDENTIFICADOR_LLAMADA="2" NUMERO_PARTICIPANTES="1" TIPO_PRODUCTO_SOLICITUD="2">
<SOLICITANTE NUMERO_DE_SOLICITUD="8898840" NUMERO_DEL_PARTICIPANTE="1" TIPO_DE_PARTICIPANTE="0" TIPO_PARTICIPANTE="1">
<CENTRAL_EXTERNA ESTADO_DOCUMENTO_CE="16" FECHA_CONSULTA_CE="2022-01-05" FECHA_EXPEDICION_CE="1999-05-03" HORA_CONSULTA_CE="2022-01-05T14:20:51" LUGAR_EXPEDICION_CE="ARBOLETES" NOMBRE_TITULAR_CE="FLOREZ DE HOYOS ARNOLYS" NUMERO_DE_PARTICIPANTES="1" NUMERO_DEL_PARTICIPANTE="1" NUMERO_IDENTIFICACION="1010202003" NUMERO_IDENTIFICACION_CE="1010202003" RANGO_EDAD_CE2="45" RESPUESTA_CENTRAL_DATA="13" RESPUESTA_CONSULTA_CE="2" SEGMENTO_CLIENTE="01" SUBSEGMENTO_CLIENTE="05" TIPO_DOCUMENTO_CE="1">
<CALCULOS_CE CLIENTE_SIN_INFORMACION_DE_RIESGO_CE="1" CLIENTE_SIN_INFORMACION_FINANCIERA_CE="0" INDICADOR_CARTERA_CASTIGADA_CE="0" NUMERO_CONSULTAS_L6M_CE="0" NUMERO_CUENTAS_AHORRO_SALDADAS_CE="0" NUMERO_CUENTAS_AHORRO_VIGENTES_CE="2" NUMERO_OBLIGACIONES_TELEFONIA_SALDADAS="0" NUMERO_OBLIGACIONES_TELEFONIA_VIGENTES_AL_DIA="1" NUMERO_OBLIGACIONES_TELEFONIA_VIGENTES_MORA="0" NUMERO_OBLIGACIONES_VIGENTES_CON_SALDO_CE="0" NUMERO_OBLIGACIONES_VIGENTES_SIN_SALDO_CE="1" NUMERO_PRODUCTOS_ABIERTOS_UA_CE="0" NUMERO_PRODUCTOS_COMPANIAS_FINANCIAMIENTO_COMERCIAL_CE="0"/>
<CONTADORES_CE CONTADOR_MORA_N_CONSOLIDADO_TELEFONIA_CELULAR_UA_CE="11" CONTADOR_MORA_N_INDIVIDUAL_TELEFONIA_CELULAR_UA_CE="11"/>
<CUENTA_CORRIENTE_AHORROS CIUDAD_CTA_CTE_CE="MONTERIA" ESTADO_CTA_CTE_AHORROS_CE="3" FECHA_CORTE_CUENTA_CE="2021-11-30" FECHA_INICIAL_CUENTA_CE="2015-03-31" IDENTIFICACION_CUENTA_AHORRO="00860034313" NOMBRE_ENTIDAD_CTA_CTE_CE="BANCO          DAVIVIENDA" NUMERO_OBLIGACION_CTA_CTE_CE="070310263" SUCURSAL_CTA_CTE_CE="PRINCIPAL MONTERIA" TIPO_CONTRATO_CTA_CTE_CE="0"/>
<CUENTA_CORRIENTE_AHORROS CIUDAD_CTA_CTE_CE="ARBOLETES" ESTADO_CTA_CTE_AHORROS_CE="4" FECHA_CORTE_CUENTA_CE="2021-11-30" FECHA_INICIAL_CUENTA_CE="2004-01-09" IDENTIFICACION_CUENTA_AHORRO="00800037800" NOMBRE_ENTIDAD_CTA_CTE_CE="BCO AGRARIO" NUMERO_OBLIGACION_CTA_CTE_CE="180092735" SUCURSAL_CTA_CTE_CE="ARBOLETES" TIPO_CONTRATO_CTA_CTE_CE="0"/>
<ENDEUDAMIENTO_GLOBAL FECHA_T1_CE="2021-09-30" FECHA_T2_CE="2021-09-30" FECHA_T3_CE="2021-09-30" NOMBRE_ENTIDAD_ENDEUDAMIENTO_GLOBAL_CE="CLARO SOLUCION MOVILES" TIPO_MONEDA_CE="MC" VALOR_DEUDA_COMERCIAL_CE="85000"/>
<RESUMEN_NO_PRINCIPAL CANTIDAD_OBLIGACIONES_EN_MORA_CE="0" CUOTA_OBLIGACIONES_AL_DIA_CE="0" CUOTA_OBLIGACIONES_EN_MORA="0" NUMERO_DE_OBLIGACIONES_AL_DIA_CE="0" NUMERO_DE_OBLIGACIONES_CE="0" PARTICIPACION_DEUDA_CE="0" SALDO_OBLIGACIONES_AL_DIA_CE="0" SALDO_OBLIGACIONES_EN_MORA_CE="0" TOTAL_SALDO_CE="0" VALOR_MORA_CE="0"/>
<RESUMEN_PRINCIPAL CANTIDAD_OBLIGACIONES_EN_MORA_CE="0" CUOTA_OBLIGACIONES_AL_DIA_CE="0" CUOTA_OBLIGACIONES_EN_MORA="0" NUMERO_DE_OBLIGACIONES_AL_DIA_CE="1" NUMERO_DE_OBLIGACIONES_CE="2" PARTICIPACION_DEUDA_CE="0" SALDO_OBLIGACIONES_AL_DIA_CE="0" SALDO_OBLIGACIONES_EN_MORA_CE="0" TOTAL_SALDO_CE="0" VALOR_MORA_CE="0"/>
<RESUMEN_REGISTRO_TOTAL CANTIDAD_OBLIGACIONES_EN_MORA_CE="0" CUOTA_OBLIGACIONES_AL_DIA_CE="0" CUOTA_OBLIGACIONES_EN_MORA="0" NUMERO_DE_OBLIGACIONES_AL_DIA_CE="1" NUMERO_DE_OBLIGACIONES_CE="2" PARTICIPACION_DEUDA_CE="0" SALDO_OBLIGACIONES_AL_DIA_CE="0" SALDO_OBLIGACIONES_EN_MORA_CE="0" TOTAL_SALDO_CE="0" VALOR_MORA_CE="0"/>
<TELEFONIA_CELULAR CALIDAD_TELEFONIA_CELULAR_CE="T" CLAUSULA_PERMANENCIA_TELEFONIA_CELULAR_CE="0" COMPORTAMIENTO_TELEFONIA_CELULAR_CE="-|-|-|-|-|-|-|-|-|-|N|N|N|N|N|N|N|N|N|N|-|N|N|N|" CUOTAS_CANCELADAS_TELEFONIA_CELULAR_CE="-1" CUOTAS_EN_MORA_TELEFONIA_CELULAR_CE="0" CUOTAS_PACTADAS_TELEFONIA_CELULAR_CE="-1" ESTADO_CONTRATO_TELEFONIA_CELULAR_CE="1" ESTADO_TELEFONIA_CELULAR_CE="1" ESTADO_TITULAR_TELEFONIA_CELULAR_CE="6" FECHA_INICIAL_TELEFONIA_CELULAR_CE="2020-10-31" FECHA_TERMINACION_TELEFONIA_CELULAR_CE="2021-11-30" IDENTIFICACION_TELEFONIA_CELULAR="00800153993" LINEA_CREDITO_TELEFONIA_CELULAR_CE="01" MODO_EXTINCION_TELEFONIA_CELULAR_CE="19" NOMBRE_ENTIDAD_TELEFONIA_CELULAR_CE="CLARO SOLUCION MOVILES" NUMERO_OBLIGACION_TELEFONIA_CELULAR_CE=".36162435" PERIODICIDAD_TELEFONIA_CELULAR_CE="9" REESTRUCTURADO_TELEFONIA_CELULAR_CE="2" SALDO_TELEFONIA_CELULAR_CE="0" TIPO_PAGO_TELEFONIA_CELULAR_CE="0" VALOR_CUOTA_PAGO_MINIMO_TELEFONIA_CELULAR_CE="0" VALOR_INICIAL_TELEFONIA_CELULAR_CE="0" VALOR_MORA_ULTIMO_MES_TELEFONIA_CELULAR_CE="0" VIGENCIA_TELEFONIA_CELULAR_CE="1"/>
<VARIABLES_CALCULADAS_CE CANT_CASTIGOS_ULT4A_TOTAL_BR="0" CANTIDAD_CONSULTAS_ULT12M_FINANCIERO_BR="0" CANTIDAD_CTAS_AHORRO_INACTIVAS_BR="0" CANTIDAD_ENTIDADES_TDC_BR="0" CANTIDAD_OBL_ABIERTAS_ULT12M_TOTAL_BR="0" CANTIDAD_OBL_SALDADAS_AL_DIA_CONSUMO_BR="0" CANTIDAD_OBLIGACIONES_TOTAL_CLIENTE_BR="2" CANTIDAD_PRODUCTOS_ABIERTOS_ULT12M_TOTAL_BR="0" CANTIDAD_TDC_MASTER_BR="0" CONTADOR_MORA_1_ULT12M_FINANCIERO_BR="0" CONTADOR_N_TOTAL_CLIENTE_ULT12M_BR="11" CUOTA_TOT_PROD_HIP_CE="0" CUOTA_TOT_PROD_INSTAL_CE="0" CUOTA_TOT_PROD_OTROS_CE="0" CUOTA_TOT_PROD_ROTA_CE="0" CUOTA_TOT_PROD_TELCOS_CE="0" CUOTA_TOT_PROD_VEHI_CE="0" ESTIMADOR_INGRESOS_CE="1760" ESTIMADOR_INGRESOS_MAX_CE="2288" ESTIMADOR_INGRESOS_MIN_CE="1232" EXCL_ADVANCE="999" EXP_BAJO_MONTO_CE="false" EXP_OBL_ABIERTAS_CE="0" EXP_OBL_CERRADAS_CE="0" MESES_PRIMPROD_ABIERTO_CE="214" PEOR_CALIF_ACT_TOTAL_CE="SP" SALDO_ACTUAL_OBL_AL_DIA_FINANCIERO_BR="0" SCORE_ADVANCE="731" SUM_SALDOS_AL_DIA_3_MESES_TOTAL_BR="0" TIEMPO_DESDE_LA_PRIMERA_CTAAHO_BR="0" TIEMPO_PRIMER_PDCTO_ABIERTO_CTAAHO_BR="214" TIEMPO_PRIMER_PRODUCTO_ABIERTO_FINANCIERO_BR="0" TIEMPO_PRIMER_PRODUCTO_ABIERTO_TOTAL_BR="99" TIEMPO_ULTIMA_TDC_FINANCIERO_BR="0" TIEMPO_ULTIMO_PRODUCTO_ABIERTO_FINANCIERO_BR="0" VALOR_INICIAL_TOTAL_FINANCIERO_BR="0" VI_AFP_CE="NA" VI_EPS_CE="NA" VI_FECHACONSULTA_CE="01/05/2022 02:20:49 PM" VI_ID_EMP1_CE="900368807" VI_ID_EMP2_CE="0" VI_ID_EMP3_CE="0" VI_ID_EMP4_CE="0" VI_ID_EMP5_CE="0" VI_IDCONSULTA_CE="2022010514204997" VI_MEDIANA_INGRESO_CE="908526" VI_PROM_ULT12M_CE="908526" VI_PROM_ULT3M_CE="908526" VI_RESPUESTA_CE="4" VI_SALARIO_INTEGRAL_EMP1_CE="false" VI_SALARIO_INTEGRAL_EMP2_CE="false" VI_SALARIO_INTEGRAL_EMP3_CE="0" VI_SALARIO_INTEGRAL_EMP4_CE="false" VI_SALARIO_INTEGRAL_EMP5_CE="false" VI_SALARIO_TOT_ULTMES_CE="908526" VI_T_CONPAGO_ULT12M_CE="12" VI_T_SINPAGO_ULT12M_CE="0" VI_TIPO_COTIZANTE_EMP1_CE="2" VI_TIPO_COTIZANTE_EMP2_CE="0" VI_TIPO_COTIZANTE_EMP3_CE="0" VI_TIPO_COTIZANTE_EMP4_CE="0" VI_TIPO_COTIZANTE_EMP5_CE="0" VI_TIPOID_EMP1_CE="2" VI_TIPOID_EMP2_CE="0" VI_TIPOID_EMP3_CE="0" VI_TIPOID_EMP4_CE="0" VI_TIPOID_EMP5_CE="0" VI_ULT_PERIODO_COTIZADO_CE="202112"/>
</CENTRAL_EXTERNA>
</SOLICITANTE>
</CDA_ENTRADA>
<CreditRequest ProductCategory="Hipotecario" ProductCode="FlujoCredito"/>
</Application>
