<Application xmlns:xsi="http://www.w3.org/2001/XMLSchema-instance" ApplicationCrossReferenceId="" ApplicationDate="2001-01-01" DeliveryOptionCode="bancolombia" ProcessingRequestType="DA" ResubmissionFlag="false" StrategySelectionRandomNumber="0" Timestamp="2001-12-31T12:00:00" TransactionId="" xsi:noNamespaceSchemaLocation="COS.SMWDisplayValues.xsd">
<CDA_ENTRADA APROBACION="0" IDENTIFICADOR_LLAMADA="2" NUMERO_PARTICIPANTES="1" TIPO_PRODUCTO_SOLICITUD="2">
<SOLICITANTE NUMERO_DE_SOLICITUD="4918263" NUMERO_DEL_PARTICIPANTE="1" TIPO_DE_PARTICIPANTE="0" TIPO_PARTICIPANTE="1">
<CENTRAL_EXTERNA ESTADO_DOCUMENTO_CE="16" FECHA_CONSULTA_CE="2020-07-07" FECHA_EXPEDICION_CE="2008-12-10" HORA_CONSULTA_CE="2020-07-07T17:45:31" LUGAR_EXPEDICION_CE="PEREIRA" NOMBRE_TITULAR_CE="DELGADO VASQUEZ BELLI SULID" NUMERO_DE_PARTICIPANTES="1" NUMERO_DEL_PARTICIPANTE="1" NUMERO_IDENTIFICACION="1088284340" NUMERO_IDENTIFICACION_CE="1088284340" RANGO_EDAD_CE2="35" RESPUESTA_CENTRAL_DATA="13" RESPUESTA_CONSULTA_CE="2" SCORE_ACIERTA_TDC="834.0" SCORE_ACIERTAAFINAN_CE="805.0" SCORE_DATACREDITO_CE="870" SEGMENTO_CLIENTE="01" SUBSEGMENTO_CLIENTE="05" TIPO_DOCUMENTO_CE="1">
<CALCULOS_CE ANTIGUEDAD_APERTURA_HISTORIA_CREDITICIA_SECTOR_FINANCIERO_CE="2019-10-06" CLIENTE_SIN_INFORMACION_DE_RIESGO_CE="0" CLIENTE_SIN_INFORMACION_FINANCIERA_CE="0" CUPO_TARJETA_CREDITO_COMO_PRINCIPAL_CE="3350" INDICADOR_CARTERA_CASTIGADA_CE="0" MAYOR_PORCENTAJE_DE_UTILIZACION_CE_TDC="0" NUMERO_CONSULTAS_L6M_CE="1" NUMERO_OBLIGACIONES_VIGENTES_AL_DIA_CE="1" NUMERO_OBLIGACIONES_VIGENTES_CON_SALDO_CE="0" NUMERO_OBLIGACIONES_VIGENTES_EN_MORA_CE="0" NUMERO_OBLIGACIONES_VIGENTES_SIN_SALDO_CE="1" NUMERO_PRODUCTOS_ABIERTOS_UA_CE="1" NUMERO_PRODUCTOS_CARTERA_CONSUMO_SALDADOS_CE="0" NUMERO_PRODUCTOS_CARTERA_CONSUMO_VIGENTES_CE="0" NUMERO_PRODUCTOS_COMPANIAS_FINANCIAMIENTO_COMERCIAL_CE="0" NUMERO_PRODUCTOS_RIESGO_TOTALES_SECTOR_FINANCIERO_CE="1" NUMERO_PRODUCTOS_RIESGO_VIGENTES_CE="1" NUMERO_TARJETAS_CREDITO_COMO_PRINCIPAL_CE="1" PAGO_MENSUAL_TARJETA_CREDITO_COMO_PRINCIPAL_CE="0" SALDO_CREDITO_CONSUMO_COMO_PRINCIPAL_CE="0" SALDO_CREDITO_CONSUMO_SMMLV_COMO_PRINCIPAL_CE="0" UTILIZACION_PROMEDIO_CE_TDC="0"/>
<CONSULTAS_CENTRALES ENTIDAD_CONSULTAS_CENTRALES="CONSULTAS LOTE" FECHA_CONSULTA_CONSULTAS_CENTRALES="2020-03-11"/>
<CONTADORES_CE CONTADOR_MORA_CONSOLIDADO_N_TOTAL_CLIENTE_UA_CE="8" CONTADOR_MORA_INDIVIDUAL_N_TOTAL_CLIENTE_UA_CE="8" CONTADOR_MORA_N_CONSOLIDADO_TDC_UA_CE="8" CONTADOR_MORA_N_INDIVIDUAL_TDC_UA_CE="8"/>
<CUENTA_CORRIENTE_AHORROS CIUDAD_CTA_CTE_CE="PEREIRA" ESTADO_CTA_CTE_AHORROS_CE="1" FECHA_CORTE_CUENTA_CE="2020-05-31" FECHA_INICIAL_CUENTA_CE="2016-06-21" NOMBRE_ENTIDAD_CTA_CTE_CE="BANCOLOMBIA" NUMERO_OBLIGACION_CTA_CTE_CE="761483308" SUCURSAL_CTA_CTE_CE="30 DE AGOSTO" TIPO_CONTRATO_CTA_CTE_CE="0"/>
<ENDEUDAMIENTO_GLOBAL FECHA_T1_CE="2020-03-31" FECHA_T2_CE="2020-03-31" FECHA_T3_CE="2020-03-31" NOMBRE_ENTIDAD_ENDEUDAMIENTO_GLOBAL_CE="BANCOLOMBIA-BC               0" TIPO_MONEDA_CE="ML" VALOR_DEUDA_COMERCIAL_CE="29758000"/>
<RESUMEN_NO_PRINCIPAL CANTIDAD_OBLIGACIONES_EN_MORA_CE="0" CUOTA_OBLIGACIONES_AL_DIA_CE="0" CUOTA_OBLIGACIONES_EN_MORA="0" NUMERO_DE_OBLIGACIONES_AL_DIA_CE="0" NUMERO_DE_OBLIGACIONES_CE="0" PARTICIPACION_DEUDA_CE="0" SALDO_OBLIGACIONES_AL_DIA_CE="0" SALDO_OBLIGACIONES_EN_MORA_CE="0" TOTAL_SALDO_CE="0" VALOR_MORA_CE="0"/>
<RESUMEN_PRINCIPAL CANTIDAD_OBLIGACIONES_EN_MORA_CE="0" CUOTA_OBLIGACIONES_AL_DIA_CE="0" CUOTA_OBLIGACIONES_EN_MORA="0" NUMERO_DE_OBLIGACIONES_AL_DIA_CE="4" NUMERO_DE_OBLIGACIONES_CE="14" PARTICIPACION_DEUDA_CE="0" SALDO_OBLIGACIONES_AL_DIA_CE="30935" SALDO_OBLIGACIONES_EN_MORA_CE="0" TOTAL_SALDO_CE="30935" VALOR_MORA_CE="0"/>
<RESUMEN_REGISTRO_TOTAL CANTIDAD_OBLIGACIONES_EN_MORA_CE="0" CUOTA_OBLIGACIONES_AL_DIA_CE="0" CUOTA_OBLIGACIONES_EN_MORA="0" NUMERO_DE_OBLIGACIONES_AL_DIA_CE="4" NUMERO_DE_OBLIGACIONES_CE="14" PARTICIPACION_DEUDA_CE="0" SALDO_OBLIGACIONES_AL_DIA_CE="30935" SALDO_OBLIGACIONES_EN_MORA_CE="0" TOTAL_SALDO_CE="30935" VALOR_MORA_CE="0"/>
<SECTOR_FINANCIERO_SOLIDARIO CALIDAD_FINANCIERO_SOLIDARIO_CE="T" CALIFICACION_FINANCIERO_SOLIDARIO_CE="1" CIUDAD_FINANCIERO_SOLIDARIO_CE="PEREIRA" COMPORTAMIENTO_SECTOR_FINANCIERO_SOLIDARIO_CE="N|N|N|N|N|N|N|N|N|N|N|N|N|N|N|N|N|N|N|N|N|N|N|N|" CUOTAS_CANCELADAS_FINANCIERO_SOLIDARIO_CE="45" CUOTAS_PACTADAS_CE="49" ESTADO_CONTRATO_FINANCIERO_SOLIDARIO_CE="1" ESTADO_FINANCIERO_SOLIDARIO_CE="1" ESTADO_TITULAR_FINANCIERO_SOLIDARIO_CE="6" FECHA_CORTE_FINANCIERO_SOLIDARIO_CE="2020-07-01" FECHA_INICIAL_FINANCIERO_SOLIDARIO_CE="2016-07-01" FECHA_PAGO_FINANCIERO_SOLIDARIO_CE="2020-03-21" FECHA_TERMINACION_FINANCIERO_SOLIDARIO_CE="2020-05-31" LINEA_CREDITO_FINANCIERO_SOLIDARIO_CE="155" MODALIDAD_CREDITO_FINANCIERO_SOLIDARIO_CE="2" MODO_EXTINCION_FINANCIERO_SOLIDARIO_CE="19" NOMBRE_ENTIDAD_FINANCIERO_SOLIDARIO_CE="BANCOLOMBIA" NUMERO_DE_CUOTAS_EN_MORA_SECTOR_FINANCIERO_SOLIDARIO_CE="0" NUMERO_OBLIGACION_FINANCIERO_SOLIDARIO_CE="270084596" NUMERO_REESTRUCTURACIONES_CE="0" PARTICIPACION_DEUDA_FINANCIERO_SOLIDARIO_CE="2" PERIODICIDAD_FINANCIERO_SOLIDARIO_CE="8" PROBABILIDAD_NO_PAGO_FINANCIERO_SOLIDARIO_CE="0.0" REESTUCTURADO_CE="2" SALDO_OBLIGACION_FINANCIERO_SOLIDARIO_CE="770" SUCURSAL_FINANCIERO_SOLIDARIO_CE="30 DE AGOSTO" TIPO_CONTRATO_FINANCIERO_SOLIDARIO_CE="1" TIPO_GARANTIA_FINANCIERO_SOLIDARIO_CE="2" TIPO_MONEDA_FINANCIERO_SOLIDARIO_CE="1" TIPO_PAGO_FINANCIERO_SOLIDARIO_CE="0" VALOR_CUOTA_FINANCIERO_SOLIDARIO_CE="0" VALOR_INICIAL_FINANCIERO_SOLIDARIO_CE="8400" VALOR_MORA_FINANCIERO_SOLIDARIO_CE="0"/>
<SECTOR_FINANCIERO_SOLIDARIO CALIDAD_FINANCIERO_SOLIDARIO_CE="T" CALIFICACION_FINANCIERO_SOLIDARIO_CE="1" CIUDAD_FINANCIERO_SOLIDARIO_CE="PEREIRA" COMPORTAMIENTO_SECTOR_FINANCIERO_SOLIDARIO_CE="N|N|N|N|N|N|N|N|N|N|N|N|N|N|N|N|N|N|N|N|N|N|N|N|" CUOTAS_CANCELADAS_FINANCIERO_SOLIDARIO_CE="22" CUOTAS_PACTADAS_CE="48" ESTADO_CONTRATO_FINANCIERO_SOLIDARIO_CE="1" ESTADO_FINANCIERO_SOLIDARIO_CE="1" ESTADO_TITULAR_FINANCIERO_SOLIDARIO_CE="6" FECHA_CORTE_FINANCIERO_SOLIDARIO_CE="2020-07-17" FECHA_INICIAL_FINANCIERO_SOLIDARIO_CE="2018-05-17" FECHA_PAGO_FINANCIERO_SOLIDARIO_CE="2020-03-18" FECHA_TERMINACION_FINANCIERO_SOLIDARIO_CE="2020-05-31" LINEA_CREDITO_FINANCIERO_SOLIDARIO_CE="155" MODALIDAD_CREDITO_FINANCIERO_SOLIDARIO_CE="2" MODO_EXTINCION_FINANCIERO_SOLIDARIO_CE="19" NOMBRE_ENTIDAD_FINANCIERO_SOLIDARIO_CE="BANCOLOMBIA" NUMERO_DE_CUOTAS_EN_MORA_SECTOR_FINANCIERO_SOLIDARIO_CE="0" NUMERO_OBLIGACION_FINANCIERO_SOLIDARIO_CE="530084502" NUMERO_REESTRUCTURACIONES_CE="0" PARTICIPACION_DEUDA_FINANCIERO_SOLIDARIO_CE="17" PERIODICIDAD_FINANCIERO_SOLIDARIO_CE="8" PROBABILIDAD_NO_PAGO_FINANCIERO_SOLIDARIO_CE="0.0" REESTUCTURADO_CE="2" SALDO_OBLIGACION_FINANCIERO_SOLIDARIO_CE="5453" SUCURSAL_FINANCIERO_SOLIDARIO_CE="30 DE AGOSTO" TIPO_CONTRATO_FINANCIERO_SOLIDARIO_CE="1" TIPO_GARANTIA_FINANCIERO_SOLIDARIO_CE="2" TIPO_MONEDA_FINANCIERO_SOLIDARIO_CE="1" TIPO_PAGO_FINANCIERO_SOLIDARIO_CE="0" VALOR_CUOTA_FINANCIERO_SOLIDARIO_CE="0" VALOR_INICIAL_FINANCIERO_SOLIDARIO_CE="8000" VALOR_MORA_FINANCIERO_SOLIDARIO_CE="0"/>
<SECTOR_FINANCIERO_SOLIDARIO CALIDAD_FINANCIERO_SOLIDARIO_CE="T" CALIFICACION_FINANCIERO_SOLIDARIO_CE="1" CIUDAD_FINANCIERO_SOLIDARIO_CE="PEREIRA" COMPORTAMIENTO_SECTOR_FINANCIERO_SOLIDARIO_CE="I|I|I|I|I|I|I|I|I|I|I|I|I|I|I|I|N|N|N|N|N|N|N|N|" CUOTAS_CANCELADAS_FINANCIERO_SOLIDARIO_CE="5" CUOTAS_PACTADAS_CE="60" ESTADO_CONTRATO_FINANCIERO_SOLIDARIO_CE="1" ESTADO_FINANCIERO_SOLIDARIO_CE="1" ESTADO_TITULAR_FINANCIERO_SOLIDARIO_CE="6" FECHA_CORTE_FINANCIERO_SOLIDARIO_CE="2020-07-30" FECHA_INICIAL_FINANCIERO_SOLIDARIO_CE="2019-10-30" FECHA_PAGO_FINANCIERO_SOLIDARIO_CE="2020-03-21" FECHA_TERMINACION_FINANCIERO_SOLIDARIO_CE="2020-05-31" LINEA_CREDITO_FINANCIERO_SOLIDARIO_CE="155" MODALIDAD_CREDITO_FINANCIERO_SOLIDARIO_CE="2" MODO_EXTINCION_FINANCIERO_SOLIDARIO_CE="19" NOMBRE_ENTIDAD_FINANCIERO_SOLIDARIO_CE="BANCOLOMBIA" NUMERO_DE_CUOTAS_EN_MORA_SECTOR_FINANCIERO_SOLIDARIO_CE="0" NUMERO_OBLIGACION_FINANCIERO_SOLIDARIO_CE="853008585" NUMERO_REESTRUCTURACIONES_CE="0" PARTICIPACION_DEUDA_FINANCIERO_SOLIDARIO_CE="79" PERIODICIDAD_FINANCIERO_SOLIDARIO_CE="8" PROBABILIDAD_NO_PAGO_FINANCIERO_SOLIDARIO_CE="0.0" REESTUCTURADO_CE="2" SALDO_OBLIGACION_FINANCIERO_SOLIDARIO_CE="24712" SUCURSAL_FINANCIERO_SOLIDARIO_CE="30 DE AGOSTO" TIPO_CONTRATO_FINANCIERO_SOLIDARIO_CE="1" TIPO_GARANTIA_FINANCIERO_SOLIDARIO_CE="2" TIPO_MONEDA_FINANCIERO_SOLIDARIO_CE="1" TIPO_PAGO_FINANCIERO_SOLIDARIO_CE="0" VALOR_CUOTA_FINANCIERO_SOLIDARIO_CE="0" VALOR_INICIAL_FINANCIERO_SOLIDARIO_CE="25100" VALOR_MORA_FINANCIERO_SOLIDARIO_CE="0"/>
<SECTOR_FINANCIERO_SOLIDARIO CALIDAD_FINANCIERO_SOLIDARIO_CE="T" CALIFICACION_FINANCIERO_SOLIDARIO_CE="1" CIUDAD_FINANCIERO_SOLIDARIO_CE="PEREIRA" COMPORTAMIENTO_SECTOR_FINANCIERO_SOLIDARIO_CE="N|N|N|N|N|N|N|N|N|N|N|N|N|N|N|N|N|N|N|N|N|N|N|N|" CUOTAS_CANCELADAS_FINANCIERO_SOLIDARIO_CE="33" CUOTAS_PACTADAS_CE="48" ESTADO_CONTRATO_FINANCIERO_SOLIDARIO_CE="2" ESTADO_FINANCIERO_SOLIDARIO_CE="5" ESTADO_TITULAR_FINANCIERO_SOLIDARIO_CE="5" FECHA_CORTE_FINANCIERO_SOLIDARIO_CE="2019-10-21" FECHA_INICIAL_FINANCIERO_SOLIDARIO_CE="2016-12-21" FECHA_PAGO_FINANCIERO_SOLIDARIO_CE="2019-09-20" FECHA_TERMINACION_FINANCIERO_SOLIDARIO_CE="2019-10-31" LINEA_CREDITO_FINANCIERO_SOLIDARIO_CE="155" MODALIDAD_CREDITO_FINANCIERO_SOLIDARIO_CE="2" MODO_EXTINCION_FINANCIERO_SOLIDARIO_CE="16" NOMBRE_ENTIDAD_FINANCIERO_SOLIDARIO_CE="BANCOLOMBIA" NUMERO_DE_CUOTAS_EN_MORA_SECTOR_FINANCIERO_SOLIDARIO_CE="0" NUMERO_OBLIGACION_FINANCIERO_SOLIDARIO_CE="270084827" NUMERO_REESTRUCTURACIONES_CE="0" PERIODICIDAD_FINANCIERO_SOLIDARIO_CE="8" PROBABILIDAD_NO_PAGO_FINANCIERO_SOLIDARIO_CE="0.0" REESTUCTURADO_CE="2" SALDO_OBLIGACION_FINANCIERO_SOLIDARIO_CE="0" SUCURSAL_FINANCIERO_SOLIDARIO_CE="30 DE AGOSTO" TIPO_CONTRATO_FINANCIERO_SOLIDARIO_CE="1" TIPO_GARANTIA_FINANCIERO_SOLIDARIO_CE="2" TIPO_MONEDA_FINANCIERO_SOLIDARIO_CE="1" TIPO_PAGO_FINANCIERO_SOLIDARIO_CE="1" VALOR_CUOTA_FINANCIERO_SOLIDARIO_CE="0" VALOR_INICIAL_FINANCIERO_SOLIDARIO_CE="0" VALOR_MORA_FINANCIERO_SOLIDARIO_CE="0"/>
<SECTOR_FINANCIERO_SOLIDARIO CALIDAD_FINANCIERO_SOLIDARIO_CE="T" CALIFICACION_FINANCIERO_SOLIDARIO_CE="1" CIUDAD_FINANCIERO_SOLIDARIO_CE="PEREIRA" COMPORTAMIENTO_SECTOR_FINANCIERO_SOLIDARIO_CE="N|N|N|N|N|N|N|N|N|N|N|N|N|N|N|N|N|N|N|N|N|N|N|N|" CUOTAS_CANCELADAS_FINANCIERO_SOLIDARIO_CE="34" CUOTAS_PACTADAS_CE="36" ESTADO_CONTRATO_FINANCIERO_SOLIDARIO_CE="2" ESTADO_FINANCIERO_SOLIDARIO_CE="5" ESTADO_TITULAR_FINANCIERO_SOLIDARIO_CE="5" FECHA_CORTE_FINANCIERO_SOLIDARIO_CE="2020-03-10" FECHA_INICIAL_FINANCIERO_SOLIDARIO_CE="2017-04-10" FECHA_PAGO_FINANCIERO_SOLIDARIO_CE="2020-01-21" FECHA_TERMINACION_FINANCIERO_SOLIDARIO_CE="2020-02-29" LINEA_CREDITO_FINANCIERO_SOLIDARIO_CE="155" MODALIDAD_CREDITO_FINANCIERO_SOLIDARIO_CE="2" MODO_EXTINCION_FINANCIERO_SOLIDARIO_CE="16" NOMBRE_ENTIDAD_FINANCIERO_SOLIDARIO_CE="BANCOLOMBIA" NUMERO_DE_CUOTAS_EN_MORA_SECTOR_FINANCIERO_SOLIDARIO_CE="0" NUMERO_OBLIGACION_FINANCIERO_SOLIDARIO_CE="530083739" NUMERO_REESTRUCTURACIONES_CE="0" PERIODICIDAD_FINANCIERO_SOLIDARIO_CE="8" PROBABILIDAD_NO_PAGO_FINANCIERO_SOLIDARIO_CE="0.0" REESTUCTURADO_CE="2" SALDO_OBLIGACION_FINANCIERO_SOLIDARIO_CE="0" SUCURSAL_FINANCIERO_SOLIDARIO_CE="30 DE AGOSTO" TIPO_CONTRATO_FINANCIERO_SOLIDARIO_CE="1" TIPO_GARANTIA_FINANCIERO_SOLIDARIO_CE="2" TIPO_MONEDA_FINANCIERO_SOLIDARIO_CE="1" TIPO_PAGO_FINANCIERO_SOLIDARIO_CE="1" VALOR_CUOTA_FINANCIERO_SOLIDARIO_CE="0" VALOR_INICIAL_FINANCIERO_SOLIDARIO_CE="0" VALOR_MORA_FINANCIERO_SOLIDARIO_CE="0"/>
<TARJETA_CREDITO AMPARADA_TDC_CE="T" CALIDAD_TDC_CE="T" CALIFICACION_TDC_CE="10" CIUDAD_TDC_CE="CALI" CLASE_TDC_CE="49" COMPORTAMIENTO_TDC_CE="I|I|I|I|I|I|I|I|I|I|I|I|I|I|I|I|N|N|N|N|N|N|N|N|" ESTADO_CONTRATO_TDC_CE="1" ESTADO_FINANCIERO_SOLIDARIO_CE="1" ESTADO_TDC_CE="1" ESTADO_TITULAR_TDC_CE="6" FECHA_INICIAL_TDC_CE="2019-10-06" FECHA_PAGO_TDC_CE="2019-11-16" MARCA_TDC_CE="13" MODALIDAD_CREDITO_FINANCIERO_SOLIDARIO_CE="2" MODO_EXTINCION_TDC_CE="19" NOMBRE_ENTIDAD_TDC_CE="TUYA S.A." NUMERO_CUOTAS_MORA_TDC="0" NUMERO_OBLIGACION_TDC_CE="150534751" PARTICIPACION_DEUDA_TDC_CE="0" REESTRUCTURADO_TDC_CE="2" SALDO_TDC_CE="0" SUCURSAL_TDC_CE="CALI" TIPO_PAGO_TDC_CE="0" VALOR_CUOTA_TDC_CE="0" VALOR_INICIAL_TDC_CE="3350" VALOR_MORA_ULTIMO_MES_TDC_CE="0"/>
<TARJETA_CREDITO AMPARADA_TDC_CE="T" CALIDAD_TDC_CE="T" CALIFICACION_TDC_CE="1" CIUDAD_TDC_CE="PEREIRA" CLASE_TDC_CE="13" COMPORTAMIENTO_TDC_CE="I|I|I|I|I|I|I|I|I|I|I|I|N|N|N|N|N|N|N|N|N|N|N|N|" ESTADO_CONTRATO_TDC_CE="2" ESTADO_FINANCIERO_SOLIDARIO_CE="15" ESTADO_TDC_CE="15" ESTADO_TITULAR_TDC_CE="5" FECHA_CORTE_TDC_CE="2019-04-30" FECHA_INICIAL_TDC_CE="2018-05-24" FECHA_PAGO_TDC_CE="2019-02-01" MARCA_TDC_CE="1" MODALIDAD_CREDITO_FINANCIERO_SOLIDARIO_CE="2" MODO_EXTINCION_TDC_CE="16" NOMBRE_ENTIDAD_TDC_CE="BANCOLOMBIA    VISA" NUMERO_CUOTAS_MORA_TDC="0" NUMERO_OBLIGACION_TDC_CE="03029700" REESTRUCTURADO_TDC_CE="2" SALDO_TDC_CE="0" SUCURSAL_TDC_CE="30 DE AGOSTO" TIPO_PAGO_TDC_CE="1" VALOR_CUOTA_TDC_CE="0" VALOR_INICIAL_TDC_CE="3100" VALOR_MORA_ULTIMO_MES_TDC_CE="0"/>
<VARIABLES_CALCULADAS_CE CANT_CASTIGOS_ULT4A_TOTAL_BR="0" CANTIDAD_CONSULTAS_ULT12M_FINANCIERO_BR="1" CANTIDAD_CTAS_AHORRO_INACTIVAS_BR="0" CANTIDAD_ENTIDADES_TDC_BR="1" CANTIDAD_OBL_ABIERTAS_ULT12M_TOTAL_BR="2" CANTIDAD_OBL_SALDADAS_AL_DIA_CONSUMO_BR="1" CANTIDAD_OBLIGACIONES_TOTAL_CLIENTE_BR="14" CANTIDAD_PRODUCTOS_ABIERTOS_ULT12M_TOTAL_BR="2" CANTIDAD_TDC_MASTER_BR="0" CONTADOR_MORA_1_ULT12M_FINANCIERO_BR="0" CONTADOR_N_TOTAL_CLIENTE_ULT12M_BR="40" CUOTA_TOT_PROD_HIP_CE="0" CUOTA_TOT_PROD_INSTAL_CE="0" CUOTA_TOT_PROD_OTROS_CE="0" CUOTA_TOT_PROD_ROTA_CE="0" CUOTA_TOT_PROD_TELCOS_CE="0" CUOTA_TOT_PROD_VEHI_CE="0" ESTIMADOR_INGRESOS_CE="3598" ESTIMADOR_INGRESOS_MAX_CE="4677" ESTIMADOR_INGRESOS_MIN_CE="2518" EXP_OBL_ABIERTAS_CE="4" EXP_OBL_CERRADAS_CE="3" MESES_PRIMPROD_ABIERTO_CE="88" PEOR_CALIF_ACT_TOTAL_CE="A" RECUP_FINANC_12M_CE="0" RECUP_SR_CE="0" SALDO_ACTUAL_OBL_AL_DIA_FINANCIERO_BR="30302000" SUM_SALDOS_AL_DIA_3_MESES_TOTAL_BR="30302000" TIEMPO_DESDE_LA_PRIMERA_CTAAHO_BR="0" TIEMPO_PRIMER_PDCTO_ABIERTO_CTAAHO_BR="68" TIEMPO_PRIMER_PRODUCTO_ABIERTO_FINANCIERO_BR="88" TIEMPO_PRIMER_PRODUCTO_ABIERTO_TOTAL_BR="88" TIEMPO_ULTIMA_TDC_FINANCIERO_BR="7" TIEMPO_ULTIMO_PRODUCTO_ABIERTO_FINANCIERO_BR="0" VALOR_INICIAL_TOTAL_FINANCIERO_BR="44850"/>
</CENTRAL_EXTERNA>
</SOLICITANTE>
</CDA_ENTRADA>
<CreditRequest ProductCategory="Hipotecario" ProductCode="FlujoCredito"/>
</Application>
