<Application xmlns:xsi="http://www.w3.org/2001/XMLSchema-instance" ApplicationCrossReferenceId="" ApplicationDate="2001-01-01" DeliveryOptionCode="bancolombia" ProcessingRequestType="DA" ResubmissionFlag="false" StrategySelectionRandomNumber="0" Timestamp="2001-12-31T12:00:00" TransactionId="" xsi:noNamespaceSchemaLocation="COS.SMWDisplayValues.xsd">
<CDA_ENTRADA APROBACION="0" IDENTIFICADOR_LLAMADA="2" NUMERO_PARTICIPANTES="1" TIPO_PRODUCTO_SOLICITUD="2">
<SOLICITANTE NUMERO_DE_SOLICITUD="7577457" NUMERO_DEL_PARTICIPANTE="1" TIPO_DE_PARTICIPANTE="0" TIPO_PARTICIPANTE="1">
<CENTRAL_EXTERNA ESTADO_DOCUMENTO_CE="16" FECHA_CONSULTA_CE="2021-08-19" FECHA_EXPEDICION_CE="2007-08-01" HORA_CONSULTA_CE="2021-08-19T16:54:42" LUGAR_EXPEDICION_CE="SANTANDER DE QU" NOMBRE_TITULAR_CE="BALANTA LUCUMI NESTOR" NUMERO_DE_PARTICIPANTES="1" NUMERO_DEL_PARTICIPANTE="1" NUMERO_IDENTIFICACION="1062290602" NUMERO_IDENTIFICACION_CE="1062290602" RANGO_EDAD_CE2="35" RESPUESTA_CENTRAL_DATA="13" RESPUESTA_CONSULTA_CE="2" SCORE_ACIERTA_TDC="742.0" SCORE_ACIERTAAFINAN_CE="700.0" SCORE_DATACREDITO_CE="749" SEGMENTO_CLIENTE="01" SUBSEGMENTO_CLIENTE="05" TIPO_DOCUMENTO_CE="1">
<CALCULOS_CE ANTIGUEDAD_APERTURA_HISTORIA_CREDITICIA_SECTOR_FINANCIERO_CE="2018-01-10" CLIENTE_SIN_INFORMACION_DE_RIESGO_CE="0" CLIENTE_SIN_INFORMACION_FINANCIERA_CE="0" CUOTA_CREDITO_CONSUMO_COMO_PRINCIPAL_CE="1054" CUPO_TARJETA_CREDITO_COMO_PRINCIPAL_CE="1500" INDICADOR_CARTERA_CASTIGADA_CE="0" MAYOR_PORCENTAJE_DE_UTILIZACION_CE_TDC="86.133333333333333" NUMERO_CONSULTAS_L6M_CE="5" NUMERO_CUENTAS_AHORRO_SALDADAS_CE="0" NUMERO_CUENTAS_AHORRO_VIGENTES_CE="7" NUMERO_OBLIGACIONES_SALDADAS_SECTOR_REAL_CE="5" NUMERO_OBLIGACIONES_TELEFONIA_SALDADAS="5" NUMERO_OBLIGACIONES_TELEFONIA_VIGENTES_AL_DIA="3" NUMERO_OBLIGACIONES_TELEFONIA_VIGENTES_MORA="0" NUMERO_OBLIGACIONES_VIGENTES_AL_DIA_CE="2" NUMERO_OBLIGACIONES_VIGENTES_AL_DIA_SECTOR_REAL_CE="0" NUMERO_OBLIGACIONES_VIGENTES_CON_SALDO_CE="2" NUMERO_OBLIGACIONES_VIGENTES_EN_MORA_CE="0" NUMERO_OBLIGACIONES_VIGENTES_EN_MORA_SECTOR_REAL_CE="0" NUMERO_OBLIGACIONES_VIGENTES_SIN_SALDO_CE="0" NUMERO_PRODUCTOS_ABIERTOS_UA_CE="6" NUMERO_PRODUCTOS_CARTERA_CONSUMO_SALDADOS_CE="3" NUMERO_PRODUCTOS_CARTERA_CONSUMO_VIGENTES_CE="1" NUMERO_PRODUCTOS_COMPANIAS_FINANCIAMIENTO_COMERCIAL_CE="1" NUMERO_PRODUCTOS_RIESGO_SALDADOS_CE="13" NUMERO_PRODUCTOS_RIESGO_TOTALES_SECTOR_FINANCIERO_CE="5" NUMERO_PRODUCTOS_RIESGO_VIGENTES_CE="2" NUMERO_TARJETAS_CREDITO_COMO_PRINCIPAL_CE="1" PAGO_MENSUAL_TARJETA_CREDITO_COMO_PRINCIPAL_CE="0" SALDO_CREDITO_CONSUMO_COMO_PRINCIPAL_CE="66746" SALDO_CREDITO_CONSUMO_SMMLV_COMO_PRINCIPAL_CE="0.073466251928949" UTILIZACION_PROMEDIO_CE_TDC="86.133333333333333" VALOR_INICIAL_CREDITO_CONSUMO_COMO_PRINCIPAL_CE="65372" VALOR_INICIAL_CREDITO_CONSUMO_SMMLV_COMO_PRINCIPAL_CE="0.071953912161017"/>
<CONSULTAS_CENTRALES ENTIDAD_CONSULTAS_CENTRALES="BANCO DE       BOGOTA S. A." FECHA_CONSULTA_CONSULTAS_CENTRALES="2021-08-18"/>
<CONSULTAS_CENTRALES ENTIDAD_CONSULTAS_CENTRALES="NANOCRED COLOM BIA S.A.S." FECHA_CONSULTA_CONSULTAS_CENTRALES="2021-08-02"/>
<CONSULTAS_CENTRALES ENTIDAD_CONSULTAS_CENTRALES="BANCO          DAVIVIENDA S.A" FECHA_CONSULTA_CONSULTAS_CENTRALES="2021-06-18"/>
<CONSULTAS_CENTRALES ENTIDAD_CONSULTAS_CENTRALES="CONSULTAS LOTE" FECHA_CONSULTA_CONSULTAS_CENTRALES="2021-06-18"/>
<CONSULTAS_CENTRALES ENTIDAD_CONSULTAS_CENTRALES="ACR PLUS SAS" FECHA_CONSULTA_CONSULTAS_CENTRALES="2021-03-27"/>
<CONTADORES_CE CONTADOR_MORA_CONSOLIDADO_N_TOTAL_CLIENTE_UA_CE="1" CONTADOR_MORA_INDIVIDUAL_N_TOTAL_CLIENTE_UA_CE="46" CONTADOR_MORA_N_CONSOLIDADO_SECTOR_FINANCIERO_SOLIDARIO_UA="11" CONTADOR_MORA_N_CONSOLIDADO_SECTOR_REAL_UA_CE="1" CONTADOR_MORA_N_CONSOLIDADO_TDC_UA_CE="5" CONTADOR_MORA_N_CONSOLIDADO_TELEFONIA_CELULAR_UA_CE="10" CONTADOR_MORA_N_INDIVIDUAL_SECTOR_FINANCIERO_SOLIDARIO_UA_CE="23" CONTADOR_MORA_N_INDIVIDUAL_SECTOR_REAL_UA_CE="24" CONTADOR_MORA_N_INDIVIDUAL_TDC_UA_CE="11" CONTADOR_MORA_N_INDIVIDUAL_TELEFONIA_CELULAR_UA_CE="76"/>
<CUENTA_CORRIENTE_AHORROS CIUDAD_CTA_CTE_CE="IBAGUE" ESTADO_CTA_CTE_AHORROS_CE="1" FECHA_CORTE_CUENTA_CE="2021-07-31" FECHA_INICIAL_CUENTA_CE="2015-11-18" NOMBRE_ENTIDAD_CTA_CTE_CE="BANCO          DAVIVIENDA" NUMERO_OBLIGACION_CTA_CTE_CE="400095342" SUCURSAL_CTA_CTE_CE="CHAPARRAL" TIPO_CONTRATO_CTA_CTE_CE="1"/>
<CUENTA_CORRIENTE_AHORROS CIUDAD_CTA_CTE_CE="YOPAL" ESTADO_CTA_CTE_AHORROS_CE="1" FECHA_CORTE_CUENTA_CE="2021-07-31" FECHA_INICIAL_CUENTA_CE="2020-03-10" NOMBRE_ENTIDAD_CTA_CTE_CE="BBVA COLOMBIA" NUMERO_OBLIGACION_CTA_CTE_CE="200117251" SUCURSAL_CTA_CTE_CE="YOPAL UNICENTRO" TIPO_CONTRATO_CTA_CTE_CE="0"/>
<CUENTA_CORRIENTE_AHORROS CIUDAD_CTA_CTE_CE="YOPAL" ESTADO_CTA_CTE_AHORROS_CE="1" FECHA_CORTE_CUENTA_CE="2021-07-31" FECHA_INICIAL_CUENTA_CE="2021-02-24" NOMBRE_ENTIDAD_CTA_CTE_CE="BBVA COLOMBIA" NUMERO_OBLIGACION_CTA_CTE_CE="200125643" SUCURSAL_CTA_CTE_CE="YOPAL UNICENTRO" TIPO_CONTRATO_CTA_CTE_CE="0"/>
<CUENTA_CORRIENTE_AHORROS CIUDAD_CTA_CTE_CE="SANTANDER DE QUILICHAO" ESTADO_CTA_CTE_AHORROS_CE="3" FECHA_CORTE_CUENTA_CE="2021-07-31" FECHA_INICIAL_CUENTA_CE="2019-07-15" NOMBRE_ENTIDAD_CTA_CTE_CE="BBVA COLOMBIA" NUMERO_OBLIGACION_CTA_CTE_CE="200069358" SUCURSAL_CTA_CTE_CE="SANTANDER DE QUILICHAO" TIPO_CONTRATO_CTA_CTE_CE="0"/>
<CUENTA_CORRIENTE_AHORROS CIUDAD_CTA_CTE_CE="GIRARDOT" ESTADO_CTA_CTE_AHORROS_CE="3" FECHA_CORTE_CUENTA_CE="2021-07-31" FECHA_INICIAL_CUENTA_CE="2011-02-18" NOMBRE_ENTIDAD_CTA_CTE_CE="BBVA COLOMBIA" NUMERO_OBLIGACION_CTA_CTE_CE="200185018" SUCURSAL_CTA_CTE_CE="GIRARDOT" TIPO_CONTRATO_CTA_CTE_CE="0"/>
<CUENTA_CORRIENTE_AHORROS CIUDAD_CTA_CTE_CE="PUERTO ASIS" ESTADO_CTA_CTE_AHORROS_CE="3" FECHA_CORTE_CUENTA_CE="2021-07-31" FECHA_INICIAL_CUENTA_CE="2012-04-25" NOMBRE_ENTIDAD_CTA_CTE_CE="BBVA COLOMBIA" NUMERO_OBLIGACION_CTA_CTE_CE="200225444" SUCURSAL_CTA_CTE_CE="PUERTO ASIS" TIPO_CONTRATO_CTA_CTE_CE="0"/>
<CUENTA_CORRIENTE_AHORROS CIUDAD_CTA_CTE_CE="YOPAL" ESTADO_CTA_CTE_AHORROS_CE="3" FECHA_CORTE_CUENTA_CE="2021-07-31" FECHA_INICIAL_CUENTA_CE="2020-09-08" NOMBRE_ENTIDAD_CTA_CTE_CE="BCO DE BOGOTA" NUMERO_OBLIGACION_CTA_CTE_CE="409085578" SUCURSAL_CTA_CTE_CE="0409 UNICENTRO YOPAL" TIPO_CONTRATO_CTA_CTE_CE="0"/>
<ENDEUDAMIENTO_GLOBAL FECHA_T1_CE="2021-03-31" FECHA_T2_CE="2021-03-31" FECHA_T3_CE="2021-03-31" NOMBRE_ENTIDAD_ENDEUDAMIENTO_GLOBAL_CE="CLARO SOLUCION MOVILES" TIPO_MONEDA_CE="MC" VALOR_DEUDA_COMERCIAL_CE="1643000"/>
<RESUMEN_NO_PRINCIPAL CANTIDAD_OBLIGACIONES_EN_MORA_CE="0" CUOTA_OBLIGACIONES_AL_DIA_CE="0" CUOTA_OBLIGACIONES_EN_MORA="0" NUMERO_DE_OBLIGACIONES_AL_DIA_CE="0" NUMERO_DE_OBLIGACIONES_CE="0" PARTICIPACION_DEUDA_CE="0" SALDO_OBLIGACIONES_AL_DIA_CE="0" SALDO_OBLIGACIONES_EN_MORA_CE="0" TOTAL_SALDO_CE="0" VALOR_MORA_CE="0"/>
<RESUMEN_PRINCIPAL CANTIDAD_OBLIGACIONES_EN_MORA_CE="0" CUOTA_OBLIGACIONES_AL_DIA_CE="1127" CUOTA_OBLIGACIONES_EN_MORA="0" NUMERO_DE_OBLIGACIONES_AL_DIA_CE="5" NUMERO_DE_OBLIGACIONES_CE="26" PARTICIPACION_DEUDA_CE="0" SALDO_OBLIGACIONES_AL_DIA_CE="66933" SALDO_OBLIGACIONES_EN_MORA_CE="0" TOTAL_SALDO_CE="66933" VALOR_MORA_CE="0"/>
<RESUMEN_REGISTRO_TOTAL CANTIDAD_OBLIGACIONES_EN_MORA_CE="0" CUOTA_OBLIGACIONES_AL_DIA_CE="1127" CUOTA_OBLIGACIONES_EN_MORA="0" NUMERO_DE_OBLIGACIONES_AL_DIA_CE="5" NUMERO_DE_OBLIGACIONES_CE="26" PARTICIPACION_DEUDA_CE="0" SALDO_OBLIGACIONES_AL_DIA_CE="66933" SALDO_OBLIGACIONES_EN_MORA_CE="0" TOTAL_SALDO_CE="66933" VALOR_MORA_CE="0"/>
<SECTOR_FINANCIERO_SOLIDARIO CALIDAD_FINANCIERO_SOLIDARIO_CE="T" CALIFICACION_FINANCIERO_SOLIDARIO_CE="1" CIUDAD_FINANCIERO_SOLIDARIO_CE="SANTANDER DE QUILICH" COMPORTAMIENTO_SECTOR_FINANCIERO_SOLIDARIO_CE="I|I|I|I|I|I|I|I|I|I|I|I|I|N|N|N|N|N|N|N|N|N|N|N|" CUOTAS_CANCELADAS_FINANCIERO_SOLIDARIO_CE="6" CUOTAS_PACTADAS_CE="103" ESTADO_CONTRATO_FINANCIERO_SOLIDARIO_CE="1" ESTADO_FINANCIERO_SOLIDARIO_CE="1" ESTADO_TITULAR_FINANCIERO_SOLIDARIO_CE="6" FECHA_CORTE_FINANCIERO_SOLIDARIO_CE="2021-08-05" FECHA_INICIAL_FINANCIERO_SOLIDARIO_CE="2020-09-04" FECHA_PAGO_FINANCIERO_SOLIDARIO_CE="2021-07-01" FECHA_TERMINACION_FINANCIERO_SOLIDARIO_CE="2021-07-31" LINEA_CREDITO_FINANCIERO_SOLIDARIO_CE="143" MODALIDAD_CREDITO_FINANCIERO_SOLIDARIO_CE="2" MODO_EXTINCION_FINANCIERO_SOLIDARIO_CE="19" NOMBRE_ENTIDAD_FINANCIERO_SOLIDARIO_CE="BCO DE BOGOTA" NUMERO_DE_CUOTAS_EN_MORA_SECTOR_FINANCIERO_SOLIDARIO_CE="0" NUMERO_OBLIGACION_FINANCIERO_SOLIDARIO_CE="556768101" NUMERO_REESTRUCTURACIONES_CE="0" PARTICIPACION_DEUDA_FINANCIERO_SOLIDARIO_CE="97" PERIODICIDAD_FINANCIERO_SOLIDARIO_CE="8" PROBABILIDAD_NO_PAGO_FINANCIERO_SOLIDARIO_CE="0.0" REESTUCTURADO_CE="2" SALDO_OBLIGACION_FINANCIERO_SOLIDARIO_CE="65454" SUCURSAL_FINANCIERO_SOLIDARIO_CE="0348-GIRARDOT" TIPO_CONTRATO_FINANCIERO_SOLIDARIO_CE="1" TIPO_GARANTIA_FINANCIERO_SOLIDARIO_CE="0" TIPO_MONEDA_FINANCIERO_SOLIDARIO_CE="1" TIPO_PAGO_FINANCIERO_SOLIDARIO_CE="0" VALOR_CUOTA_FINANCIERO_SOLIDARIO_CE="1054" VALOR_INICIAL_FINANCIERO_SOLIDARIO_CE="65372" VALOR_MORA_FINANCIERO_SOLIDARIO_CE="0"/>
<SECTOR_FINANCIERO_SOLIDARIO CALIDAD_FINANCIERO_SOLIDARIO_CE="T" CALIFICACION_FINANCIERO_SOLIDARIO_CE="1" CIUDAD_FINANCIERO_SOLIDARIO_CE="MELGAR" COMPORTAMIENTO_SECTOR_FINANCIERO_SOLIDARIO_CE="I|I|N|N|N|N|N|N|N|N|N|N|N|N|N|N|N|N|N|N|N|N|N|N|" CUOTAS_CANCELADAS_FINANCIERO_SOLIDARIO_CE="20" CUOTAS_PACTADAS_CE="74" ESTADO_CONTRATO_FINANCIERO_SOLIDARIO_CE="2" ESTADO_FINANCIERO_SOLIDARIO_CE="5" ESTADO_TITULAR_FINANCIERO_SOLIDARIO_CE="6" FECHA_CORTE_FINANCIERO_SOLIDARIO_CE="2019-10-31" FECHA_INICIAL_FINANCIERO_SOLIDARIO_CE="2018-01-10" FECHA_PAGO_FINANCIERO_SOLIDARIO_CE="2019-09-01" FECHA_TERMINACION_FINANCIERO_SOLIDARIO_CE="2019-10-31" LINEA_CREDITO_FINANCIERO_SOLIDARIO_CE="155" MODALIDAD_CREDITO_FINANCIERO_SOLIDARIO_CE="2" MODO_EXTINCION_FINANCIERO_SOLIDARIO_CE="16" NOMBRE_ENTIDAD_FINANCIERO_SOLIDARIO_CE="BCO DAVIVIENDA LIBRE INVERS." NUMERO_DE_CUOTAS_EN_MORA_SECTOR_FINANCIERO_SOLIDARIO_CE="0" NUMERO_OBLIGACION_FINANCIERO_SOLIDARIO_CE="890003521" NUMERO_REESTRUCTURACIONES_CE="0" PERIODICIDAD_FINANCIERO_SOLIDARIO_CE="8" PROBABILIDAD_NO_PAGO_FINANCIERO_SOLIDARIO_CE="3.0" REESTUCTURADO_CE="2" SALDO_OBLIGACION_FINANCIERO_SOLIDARIO_CE="0" SUCURSAL_FINANCIERO_SOLIDARIO_CE="TOLEMAIDA" TIPO_CONTRATO_FINANCIERO_SOLIDARIO_CE="1" TIPO_GARANTIA_FINANCIERO_SOLIDARIO_CE="0" TIPO_MONEDA_FINANCIERO_SOLIDARIO_CE="1" TIPO_PAGO_FINANCIERO_SOLIDARIO_CE="1" VALOR_CUOTA_FINANCIERO_SOLIDARIO_CE="0" VALOR_INICIAL_FINANCIERO_SOLIDARIO_CE="38664" VALOR_MORA_FINANCIERO_SOLIDARIO_CE="0"/>
<SECTOR_FINANCIERO_SOLIDARIO CALIDAD_FINANCIERO_SOLIDARIO_CE="T" CALIFICACION_FINANCIERO_SOLIDARIO_CE="1" CIUDAD_FINANCIERO_SOLIDARIO_CE="IBAGUE" COMPORTAMIENTO_SECTOR_FINANCIERO_SOLIDARIO_CE="I|I|I|I|I|I|I|I|I|I|I|I|N|N|N|N|N|N|N|N|N|N|N|N|" CUOTAS_CANCELADAS_FINANCIERO_SOLIDARIO_CE="10" CUOTAS_PACTADAS_CE="122" ESTADO_CONTRATO_FINANCIERO_SOLIDARIO_CE="2" ESTADO_FINANCIERO_SOLIDARIO_CE="5" ESTADO_TITULAR_FINANCIERO_SOLIDARIO_CE="6" FECHA_CORTE_FINANCIERO_SOLIDARIO_CE="2020-10-05" FECHA_INICIAL_FINANCIERO_SOLIDARIO_CE="2019-09-20" FECHA_PAGO_FINANCIERO_SOLIDARIO_CE="2020-09-26" FECHA_TERMINACION_FINANCIERO_SOLIDARIO_CE="2020-09-30" LINEA_CREDITO_FINANCIERO_SOLIDARIO_CE="143" MODALIDAD_CREDITO_FINANCIERO_SOLIDARIO_CE="2" MODO_EXTINCION_FINANCIERO_SOLIDARIO_CE="16" NOMBRE_ENTIDAD_FINANCIERO_SOLIDARIO_CE="BCO PICHINCHA  LIBRANZA" NUMERO_DE_CUOTAS_EN_MORA_SECTOR_FINANCIERO_SOLIDARIO_CE="0" NUMERO_OBLIGACION_FINANCIERO_SOLIDARIO_CE="003481986" NUMERO_REESTRUCTURACIONES_CE="0" PERIODICIDAD_FINANCIERO_SOLIDARIO_CE="8" PROBABILIDAD_NO_PAGO_FINANCIERO_SOLIDARIO_CE="0.0" REESTUCTURADO_CE="2" SALDO_OBLIGACION_FINANCIERO_SOLIDARIO_CE="0" SUCURSAL_FINANCIERO_SOLIDARIO_CE="IBAGUE CP" TIPO_CONTRATO_FINANCIERO_SOLIDARIO_CE="0" TIPO_GARANTIA_FINANCIERO_SOLIDARIO_CE="2" TIPO_MONEDA_FINANCIERO_SOLIDARIO_CE="1" TIPO_PAGO_FINANCIERO_SOLIDARIO_CE="1" VALOR_CUOTA_FINANCIERO_SOLIDARIO_CE="0" VALOR_INICIAL_FINANCIERO_SOLIDARIO_CE="50000" VALOR_MORA_FINANCIERO_SOLIDARIO_CE="0"/>
<SECTOR_REAL CALIDAD_SECTOR_REAL_CE="T" CIUDAD_SECTOR_REAL_CE="PALMIRA" CLAUSULA_PERMANENCIA_SECTOR_REAL_CE="0" COMPORTAMIENTO_SECTOR_REAL_CE="I|I|I|I|I|I|I|I|I|I|I|I|I|I|I|I|I|I|I|N|N|N|N|N|" CUOTAS_CANCELADAS_SECTOR_REAL_CE="3" CUOTAS_PACTADAS_SECTOR_REAL_CE="4" ESTADO_CONTRATO_SECTOR_REAL_CE="2" ESTADO_SECTOR_REAL_CE="6" ESTADO_TITULAR_SECTOR_REAL_CE="6" FECHA_CORTE_SECTOR_REAL_CE="2021-07-05" FECHA_INICIAL_SECTOR_REAL_CE="2021-03-27" FECHA_PAGO_SECTOR_REAL_CE="2021-07-07" FECHA_TERMINACION_SECTOR_REAL_CE="2021-07-31" LINEA_CREDITO_SECTOR_REAL_CE="COC" MODO_EXTINCION_SECTOR_REAL_CE="16" NOMBRE_ENTIDAD_SECTOR_REAL_CE="ACR PLUS SAS" NUMERO_DE_CUOTAS_EN_MORA_SECTOR_REAL_CE="0" NUMERO_OBLIGACION_SECTOR_REAL_CE="001130457" REESTRUCTURADO_SECTOR_REAL_CE="2" SALDO_SECTOR_REAL_CE="0" SUCURSAL_SECTOR_REAL_CE="OFICINA PRINCIPAL" TIPO_PAGO_SECTOR_REAL_CE="1" VALOR_CARGO_FIJO_SECTOR_REAL_CE="0" VALOR_CUOTA_PAGO_MINIMO_SECTOR_REAL_CE="0" VALOR_INICIAL_SECTOR_REAL_CE="369" VALOR_MORA_ULTIMO_MES_SECTOR_REAL_CE="0" VIGENCIA_SECTOR_REAL_CE="1"/>
<SECTOR_REAL CALIDAD_SECTOR_REAL_CE="T" CIUDAD_SECTOR_REAL_CE="YOPAL" CLAUSULA_PERMANENCIA_SECTOR_REAL_CE="0" COMPORTAMIENTO_SECTOR_REAL_CE="I|I|I|I|I|I|I|I|I|I|I|I|I|I|I|I|I|I|I|I|I|I|N|N|" CUOTAS_CANCELADAS_SECTOR_REAL_CE="1" CUOTAS_PACTADAS_SECTOR_REAL_CE="1" ESTADO_CONTRATO_SECTOR_REAL_CE="2" ESTADO_SECTOR_REAL_CE="6" ESTADO_TITULAR_SECTOR_REAL_CE="6" FECHA_INICIAL_SECTOR_REAL_CE="2020-12-12" FECHA_PAGO_SECTOR_REAL_CE="2021-01-31" FECHA_TERMINACION_SECTOR_REAL_CE="2021-01-31" LINEA_CREDITO_SECTOR_REAL_CE="CON" MODO_EXTINCION_SECTOR_REAL_CE="16" NOMBRE_ENTIDAD_SECTOR_REAL_CE="SISTECREDITO" NUMERO_DE_CUOTAS_EN_MORA_SECTOR_REAL_CE="0" NUMERO_OBLIGACION_SECTOR_REAL_CE="38-001832" REESTRUCTURADO_SECTOR_REAL_CE="2" SALDO_SECTOR_REAL_CE="0" SUCURSAL_SECTOR_REAL_CE="OFFCORSS ALCARAVAN" TIPO_PAGO_SECTOR_REAL_CE="1" VALOR_CARGO_FIJO_SECTOR_REAL_CE="0" VALOR_CUOTA_PAGO_MINIMO_SECTOR_REAL_CE="0" VALOR_INICIAL_SECTOR_REAL_CE="68" VALOR_MORA_ULTIMO_MES_SECTOR_REAL_CE="0" VIGENCIA_SECTOR_REAL_CE="1"/>
<SECTOR_REAL CALIDAD_SECTOR_REAL_CE="T" CIUDAD_SECTOR_REAL_CE="SOACHA" CLAUSULA_PERMANENCIA_SECTOR_REAL_CE="0" COMPORTAMIENTO_SECTOR_REAL_CE="I|I|I|I|I|I|I|I|I|I|I|I|I|I|I|I|I|I|N|N|N|N|N|N|" CUOTAS_CANCELADAS_SECTOR_REAL_CE="4" CUOTAS_PACTADAS_SECTOR_REAL_CE="4" ESTADO_CONTRATO_SECTOR_REAL_CE="2" ESTADO_SECTOR_REAL_CE="6" ESTADO_TITULAR_SECTOR_REAL_CE="6" FECHA_CORTE_SECTOR_REAL_CE="2019-08-25" FECHA_INICIAL_SECTOR_REAL_CE="2019-05-25" FECHA_PAGO_SECTOR_REAL_CE="2019-10-03" FECHA_TERMINACION_SECTOR_REAL_CE="2019-10-11" LINEA_CREDITO_SECTOR_REAL_CE="CON" MODO_EXTINCION_SECTOR_REAL_CE="16" NOMBRE_ENTIDAD_SECTOR_REAL_CE="SISTECREDITO" NUMERO_DE_CUOTAS_EN_MORA_SECTOR_REAL_CE="0" NUMERO_OBLIGACION_SECTOR_REAL_CE="52-006454" REESTRUCTURADO_SECTOR_REAL_CE="2" SALDO_SECTOR_REAL_CE="0" SUCURSAL_SECTOR_REAL_CE="TOTTO SOACHA CC PARQUE PEATONA" TIPO_PAGO_SECTOR_REAL_CE="1" VALOR_CARGO_FIJO_SECTOR_REAL_CE="0" VALOR_CUOTA_PAGO_MINIMO_SECTOR_REAL_CE="0" VALOR_INICIAL_SECTOR_REAL_CE="184" VALOR_MORA_ULTIMO_MES_SECTOR_REAL_CE="0" VIGENCIA_SECTOR_REAL_CE="1"/>
<SECTOR_REAL CALIDAD_SECTOR_REAL_CE="T" CIUDAD_SECTOR_REAL_CE="SOACHA" CLAUSULA_PERMANENCIA_SECTOR_REAL_CE="0" COMPORTAMIENTO_SECTOR_REAL_CE="I|I|I|I|I|I|I|I|I|I|I|I|I|I|I|I|I|I|N|N|N|N|N|N|" CUOTAS_CANCELADAS_SECTOR_REAL_CE="4" CUOTAS_PACTADAS_SECTOR_REAL_CE="4" ESTADO_CONTRATO_SECTOR_REAL_CE="2" ESTADO_SECTOR_REAL_CE="6" ESTADO_TITULAR_SECTOR_REAL_CE="6" FECHA_CORTE_SECTOR_REAL_CE="2019-08-29" FECHA_INICIAL_SECTOR_REAL_CE="2019-05-29" FECHA_PAGO_SECTOR_REAL_CE="2019-10-03" FECHA_TERMINACION_SECTOR_REAL_CE="2019-10-11" LINEA_CREDITO_SECTOR_REAL_CE="CON" MODO_EXTINCION_SECTOR_REAL_CE="16" NOMBRE_ENTIDAD_SECTOR_REAL_CE="SISTECREDITO" NUMERO_DE_CUOTAS_EN_MORA_SECTOR_REAL_CE="0" NUMERO_OBLIGACION_SECTOR_REAL_CE="52-006493" REESTRUCTURADO_SECTOR_REAL_CE="2" SALDO_SECTOR_REAL_CE="0" SUCURSAL_SECTOR_REAL_CE="TOTTO SOACHA CC PARQUE PEATONA" TIPO_PAGO_SECTOR_REAL_CE="1" VALOR_CARGO_FIJO_SECTOR_REAL_CE="0" VALOR_CUOTA_PAGO_MINIMO_SECTOR_REAL_CE="0" VALOR_INICIAL_SECTOR_REAL_CE="299" VALOR_MORA_ULTIMO_MES_SECTOR_REAL_CE="0" VIGENCIA_SECTOR_REAL_CE="1"/>
<SECTOR_REAL CALIDAD_SECTOR_REAL_CE="T" CIUDAD_SECTOR_REAL_CE="YOPAL" CLAUSULA_PERMANENCIA_SECTOR_REAL_CE="0" COMPORTAMIENTO_SECTOR_REAL_CE="I|I|I|I|I|I|I|I|I|I|I|I|I|I|I|I|I|N|N|N|N|I|I|N|" CUOTAS_CANCELADAS_SECTOR_REAL_CE="3" CUOTAS_PACTADAS_SECTOR_REAL_CE="3" ESTADO_CONTRATO_SECTOR_REAL_CE="2" ESTADO_SECTOR_REAL_CE="6" ESTADO_TITULAR_SECTOR_REAL_CE="6" FECHA_INICIAL_SECTOR_REAL_CE="2020-02-07" FECHA_PAGO_SECTOR_REAL_CE="2020-08-28" FECHA_TERMINACION_SECTOR_REAL_CE="2020-08-31" LINEA_CREDITO_SECTOR_REAL_CE="CON" MODO_EXTINCION_SECTOR_REAL_CE="16" NOMBRE_ENTIDAD_SECTOR_REAL_CE="SISTECREDITO" NUMERO_DE_CUOTAS_EN_MORA_SECTOR_REAL_CE="0" NUMERO_OBLIGACION_SECTOR_REAL_CE="67-008304" REESTRUCTURADO_SECTOR_REAL_CE="2" SALDO_SECTOR_REAL_CE="0" SUCURSAL_SECTOR_REAL_CE="TOTTO YOPAL CENTRO" TIPO_PAGO_SECTOR_REAL_CE="1" VALOR_CARGO_FIJO_SECTOR_REAL_CE="0" VALOR_CUOTA_PAGO_MINIMO_SECTOR_REAL_CE="0" VALOR_INICIAL_SECTOR_REAL_CE="243" VALOR_MORA_ULTIMO_MES_SECTOR_REAL_CE="0" VIGENCIA_SECTOR_REAL_CE="1"/>
<TARJETA_CREDITO AMPARADA_TDC_CE="T" CALIDAD_TDC_CE="T" CALIFICACION_TDC_CE="10" CIUDAD_TDC_CE="YOPAL" CLASE_TDC_CE="13" COMPORTAMIENTO_TDC_CE="I|I|I|I|I|I|I|I|I|I|I|I|I|I|I|I|I|I|I|N|N|N|N|N|" ESTADO_CONTRATO_TDC_CE="1" ESTADO_FINANCIERO_SOLIDARIO_CE="1" ESTADO_TDC_CE="1" ESTADO_TITULAR_TDC_CE="5" FECHA_INICIAL_TDC_CE="2021-02-25" MARCA_TDC_CE="1" MODALIDAD_CREDITO_FINANCIERO_SOLIDARIO_CE="2" MODO_EXTINCION_TDC_CE="19" NOMBRE_ENTIDAD_TDC_CE="BBVA COLOMBIA" NUMERO_CUOTAS_MORA_TDC="0" NUMERO_OBLIGACION_TDC_CE="130677926" PARTICIPACION_DEUDA_TDC_CE="1" REESTRUCTURADO_TDC_CE="2" SALDO_TDC_CE="1292" SUCURSAL_TDC_CE="YOPAL UNICENTRO" TIPO_PAGO_TDC_CE="0" VALOR_CUOTA_TDC_CE="0" VALOR_INICIAL_TDC_CE="1500" VALOR_MORA_ULTIMO_MES_TDC_CE="0"/>
<TARJETA_CREDITO AMPARADA_TDC_CE="T" CALIDAD_TDC_CE="T" CALIFICACION_TDC_CE="10" CIUDAD_TDC_CE="BOGOTA" CLASE_TDC_CE="49" COMPORTAMIENTO_TDC_CE="I|I|I|I|I|I|I|I|I|I|I|I|I|I|I|I|I|I|N|N|N|N|N|N|" ESTADO_CONTRATO_TDC_CE="2" ESTADO_FINANCIERO_SOLIDARIO_CE="15" ESTADO_TDC_CE="15" ESTADO_TITULAR_TDC_CE="6" FECHA_INICIAL_TDC_CE="2020-10-26" FECHA_PAGO_TDC_CE="2021-03-04" MARCA_TDC_CE="13" MODALIDAD_CREDITO_FINANCIERO_SOLIDARIO_CE="2" MODO_EXTINCION_TDC_CE="16" NOMBRE_ENTIDAD_TDC_CE="TUYA S.A." NUMERO_CUOTAS_MORA_TDC="0" NUMERO_OBLIGACION_TDC_CE="000004461" REESTRUCTURADO_TDC_CE="2" SALDO_TDC_CE="0" SUCURSAL_TDC_CE="BOGOTA" TIPO_PAGO_TDC_CE="1" VALOR_CUOTA_TDC_CE="0" VALOR_INICIAL_TDC_CE="200" VALOR_MORA_ULTIMO_MES_TDC_CE="0"/>
<TELEFONIA_CELULAR CALIDAD_TELEFONIA_CELULAR_CE="T" CIUDAD_TELEFONIA_CELULAR_CE="MEDELLIN" CLAUSULA_PERMANENCIA_TELEFONIA_CELULAR_CE="0" COMPORTAMIENTO_TELEFONIA_CELULAR_CE="N|N|N|N|N|N|N|N|N|N|N|N|N|N|N|N|N|N|N|N|N|N|N|N|" CUOTAS_CANCELADAS_TELEFONIA_CELULAR_CE="0" CUOTAS_EN_MORA_TELEFONIA_CELULAR_CE="0" CUOTAS_PACTADAS_TELEFONIA_CELULAR_CE="12" ESTADO_CONTRATO_TELEFONIA_CELULAR_CE="2" ESTADO_TELEFONIA_CELULAR_CE="6" ESTADO_TITULAR_TELEFONIA_CELULAR_CE="6" FECHA_CORTE_TELEFONIA_CELULAR_CE="2020-07-09" FECHA_INICIAL_TELEFONIA_CELULAR_CE="2017-07-17" FECHA_PAGO_TELEFONIA_CELULAR_CE="2018-06-29" FECHA_TERMINACION_TELEFONIA_CELULAR_CE="2020-06-30" MODO_EXTINCION_TELEFONIA_CELULAR_CE="16" NOMBRE_ENTIDAD_TELEFONIA_CELULAR_CE="CLARO SOLUCION MOVILES" NUMERO_OBLIGACION_TELEFONIA_CELULAR_CE="006160367" PERIODICIDAD_TELEFONIA_CELULAR_CE="9" REESTRUCTURADO_TELEFONIA_CELULAR_CE="2" SALDO_TELEFONIA_CELULAR_CE="0" SUCURSAL_TELEFONIA_CELULAR_CE="MEDELLIN" TIPO_PAGO_TELEFONIA_CELULAR_CE="1" VALOR_CUOTA_PAGO_MINIMO_TELEFONIA_CELULAR_CE="0" VALOR_INICIAL_TELEFONIA_CELULAR_CE="0" VALOR_MORA_ULTIMO_MES_TELEFONIA_CELULAR_CE="0" VIGENCIA_TELEFONIA_CELULAR_CE="1"/>
<TELEFONIA_CELULAR CALIDAD_TELEFONIA_CELULAR_CE="T" CIUDAD_TELEFONIA_CELULAR_CE="MEDELLIN" CLAUSULA_PERMANENCIA_TELEFONIA_CELULAR_CE="0" COMPORTAMIENTO_TELEFONIA_CELULAR_CE="I|I|I|I|I|I|I|I|I|I|I|I|I|I|I|I|I|I|I|I|N|N|N|N|" CUOTAS_CANCELADAS_TELEFONIA_CELULAR_CE="0" CUOTAS_EN_MORA_TELEFONIA_CELULAR_CE="0" CUOTAS_PACTADAS_TELEFONIA_CELULAR_CE="12" ESTADO_CONTRATO_TELEFONIA_CELULAR_CE="2" ESTADO_TELEFONIA_CELULAR_CE="6" ESTADO_TITULAR_TELEFONIA_CELULAR_CE="6" FECHA_CORTE_TELEFONIA_CELULAR_CE="2020-07-09" FECHA_INICIAL_TELEFONIA_CELULAR_CE="2019-06-08" FECHA_PAGO_TELEFONIA_CELULAR_CE="2019-09-28" FECHA_TERMINACION_TELEFONIA_CELULAR_CE="2019-09-28" MODO_EXTINCION_TELEFONIA_CELULAR_CE="16" NOMBRE_ENTIDAD_TELEFONIA_CELULAR_CE="CLARO SOLUCION MOVILES" NUMERO_OBLIGACION_TELEFONIA_CELULAR_CE="047222572" PERIODICIDAD_TELEFONIA_CELULAR_CE="9" REESTRUCTURADO_TELEFONIA_CELULAR_CE="2" SALDO_TELEFONIA_CELULAR_CE="0" SUCURSAL_TELEFONIA_CELULAR_CE="MEDELLIN" TIPO_PAGO_TELEFONIA_CELULAR_CE="1" VALOR_CUOTA_PAGO_MINIMO_TELEFONIA_CELULAR_CE="0" VALOR_INICIAL_TELEFONIA_CELULAR_CE="0" VALOR_MORA_ULTIMO_MES_TELEFONIA_CELULAR_CE="0" VIGENCIA_TELEFONIA_CELULAR_CE="1"/>
<TELEFONIA_CELULAR CALIDAD_TELEFONIA_CELULAR_CE="T" CIUDAD_TELEFONIA_CELULAR_CE="MEDELLIN" CLAUSULA_PERMANENCIA_TELEFONIA_CELULAR_CE="0" COMPORTAMIENTO_TELEFONIA_CELULAR_CE="I|I|I|I|I|I|I|I|I|I|I|I|I|I|N|N|N|N|N|N|N|N|N|N|" CUOTAS_CANCELADAS_TELEFONIA_CELULAR_CE="0" CUOTAS_EN_MORA_TELEFONIA_CELULAR_CE="0" CUOTAS_PACTADAS_TELEFONIA_CELULAR_CE="12" ESTADO_CONTRATO_TELEFONIA_CELULAR_CE="2" ESTADO_TELEFONIA_CELULAR_CE="6" ESTADO_TITULAR_TELEFONIA_CELULAR_CE="6" FECHA_CORTE_TELEFONIA_CELULAR_CE="2020-12-10" FECHA_INICIAL_TELEFONIA_CELULAR_CE="2019-12-09" FECHA_PAGO_TELEFONIA_CELULAR_CE="2020-09-05" FECHA_TERMINACION_TELEFONIA_CELULAR_CE="2020-09-05" MODO_EXTINCION_TELEFONIA_CELULAR_CE="16" NOMBRE_ENTIDAD_TELEFONIA_CELULAR_CE="CLARO SOLUCION MOVILES" NUMERO_OBLIGACION_TELEFONIA_CELULAR_CE="060850796" PERIODICIDAD_TELEFONIA_CELULAR_CE="9" REESTRUCTURADO_TELEFONIA_CELULAR_CE="2" SALDO_TELEFONIA_CELULAR_CE="0" SUCURSAL_TELEFONIA_CELULAR_CE="MEDELLIN" TIPO_PAGO_TELEFONIA_CELULAR_CE="1" VALOR_CUOTA_PAGO_MINIMO_TELEFONIA_CELULAR_CE="0" VALOR_INICIAL_TELEFONIA_CELULAR_CE="0" VALOR_MORA_ULTIMO_MES_TELEFONIA_CELULAR_CE="0" VIGENCIA_TELEFONIA_CELULAR_CE="1"/>
<TELEFONIA_CELULAR CALIDAD_TELEFONIA_CELULAR_CE="T" CIUDAD_TELEFONIA_CELULAR_CE="CALI" CLAUSULA_PERMANENCIA_TELEFONIA_CELULAR_CE="0" COMPORTAMIENTO_TELEFONIA_CELULAR_CE="I|I|I|I|I|I|I|I|I|I|I|N|N|N|N|N|N|N|N|N|N|N|N|N|" CUOTAS_CANCELADAS_TELEFONIA_CELULAR_CE="0" CUOTAS_EN_MORA_TELEFONIA_CELULAR_CE="0" CUOTAS_PACTADAS_TELEFONIA_CELULAR_CE="12" ESTADO_CONTRATO_TELEFONIA_CELULAR_CE="2" ESTADO_TELEFONIA_CELULAR_CE="6" ESTADO_TITULAR_TELEFONIA_CELULAR_CE="6" FECHA_CORTE_TELEFONIA_CELULAR_CE="2021-01-08" FECHA_INICIAL_TELEFONIA_CELULAR_CE="2019-12-09" FECHA_PAGO_TELEFONIA_CELULAR_CE="2020-10-09" FECHA_TERMINACION_TELEFONIA_CELULAR_CE="2020-12-30" MODO_EXTINCION_TELEFONIA_CELULAR_CE="16" NOMBRE_ENTIDAD_TELEFONIA_CELULAR_CE="CLARO SOLUCION MOVILES" NUMERO_OBLIGACION_TELEFONIA_CELULAR_CE="060859342" PERIODICIDAD_TELEFONIA_CELULAR_CE="9" REESTRUCTURADO_TELEFONIA_CELULAR_CE="2" SALDO_TELEFONIA_CELULAR_CE="0" SUCURSAL_TELEFONIA_CELULAR_CE="CALI" TIPO_PAGO_TELEFONIA_CELULAR_CE="1" VALOR_CUOTA_PAGO_MINIMO_TELEFONIA_CELULAR_CE="0" VALOR_INICIAL_TELEFONIA_CELULAR_CE="0" VALOR_MORA_ULTIMO_MES_TELEFONIA_CELULAR_CE="0" VIGENCIA_TELEFONIA_CELULAR_CE="1"/>
<TELEFONIA_CELULAR CALIDAD_TELEFONIA_CELULAR_CE="T" CIUDAD_TELEFONIA_CELULAR_CE="MEDELLIN" CLAUSULA_PERMANENCIA_TELEFONIA_CELULAR_CE="0" COMPORTAMIENTO_TELEFONIA_CELULAR_CE="I|I|I|I|I|I|I|I|I|I|I|I|I|I|N|N|N|N|N|N|N|N|N|N|" CUOTAS_CANCELADAS_TELEFONIA_CELULAR_CE="0" CUOTAS_EN_MORA_TELEFONIA_CELULAR_CE="0" CUOTAS_PACTADAS_TELEFONIA_CELULAR_CE="12" ESTADO_CONTRATO_TELEFONIA_CELULAR_CE="2" ESTADO_TELEFONIA_CELULAR_CE="6" ESTADO_TITULAR_TELEFONIA_CELULAR_CE="6" FECHA_CORTE_TELEFONIA_CELULAR_CE="2021-08-06" FECHA_INICIAL_TELEFONIA_CELULAR_CE="2020-10-29" FECHA_PAGO_TELEFONIA_CELULAR_CE="2021-07-09" FECHA_TERMINACION_TELEFONIA_CELULAR_CE="2021-07-31" MODO_EXTINCION_TELEFONIA_CELULAR_CE="16" NOMBRE_ENTIDAD_TELEFONIA_CELULAR_CE="CLARO SOLUCION MOVILES" NUMERO_OBLIGACION_TELEFONIA_CELULAR_CE="076058301" PERIODICIDAD_TELEFONIA_CELULAR_CE="9" REESTRUCTURADO_TELEFONIA_CELULAR_CE="2" SALDO_TELEFONIA_CELULAR_CE="0" SUCURSAL_TELEFONIA_CELULAR_CE="MEDELLIN" TIPO_PAGO_TELEFONIA_CELULAR_CE="1" VALOR_CUOTA_PAGO_MINIMO_TELEFONIA_CELULAR_CE="0" VALOR_INICIAL_TELEFONIA_CELULAR_CE="0" VALOR_MORA_ULTIMO_MES_TELEFONIA_CELULAR_CE="0" VIGENCIA_TELEFONIA_CELULAR_CE="1"/>
<TELEFONIA_CELULAR CALIDAD_TELEFONIA_CELULAR_CE="T" CIUDAD_TELEFONIA_CELULAR_CE="YOPAL" CLAUSULA_PERMANENCIA_TELEFONIA_CELULAR_CE="0" COMPORTAMIENTO_TELEFONIA_CELULAR_CE="-|-|-|-|-|-|-|-|-|-|-|-|-|-|-|N|N|N|N|N|N|N|N|N|" CUOTAS_CANCELADAS_TELEFONIA_CELULAR_CE="0" CUOTAS_EN_MORA_TELEFONIA_CELULAR_CE="0" CUOTAS_PACTADAS_TELEFONIA_CELULAR_CE="12" ESTADO_CONTRATO_TELEFONIA_CELULAR_CE="1" ESTADO_TELEFONIA_CELULAR_CE="1" ESTADO_TITULAR_TELEFONIA_CELULAR_CE="6" FECHA_CORTE_TELEFONIA_CELULAR_CE="2021-08-09" FECHA_INICIAL_TELEFONIA_CELULAR_CE="2020-11-06" FECHA_PAGO_TELEFONIA_CELULAR_CE="2021-07-09" FECHA_TERMINACION_TELEFONIA_CELULAR_CE="2021-07-31" LINEA_CREDITO_TELEFONIA_CELULAR_CE="01" MODO_EXTINCION_TELEFONIA_CELULAR_CE="19" NOMBRE_ENTIDAD_TELEFONIA_CELULAR_CE="CLARO SOLUCION MOVILES" NUMERO_OBLIGACION_TELEFONIA_CELULAR_CE="076353801" PERIODICIDAD_TELEFONIA_CELULAR_CE="9" REESTRUCTURADO_TELEFONIA_CELULAR_CE="2" SALDO_TELEFONIA_CELULAR_CE="187" SUCURSAL_TELEFONIA_CELULAR_CE="CASANARE" TIPO_PAGO_TELEFONIA_CELULAR_CE="0" VALOR_CUOTA_PAGO_MINIMO_TELEFONIA_CELULAR_CE="73" VALOR_INICIAL_TELEFONIA_CELULAR_CE="0" VALOR_MORA_ULTIMO_MES_TELEFONIA_CELULAR_CE="0" VIGENCIA_TELEFONIA_CELULAR_CE="1"/>
<TELEFONIA_CELULAR CALIDAD_TELEFONIA_CELULAR_CE="T" CIUDAD_TELEFONIA_CELULAR_CE="BOGOTA D.C." CLAUSULA_PERMANENCIA_TELEFONIA_CELULAR_CE="0" COMPORTAMIENTO_TELEFONIA_CELULAR_CE="-|-|-|-|-|-|-|-|-|-|-|-|-|-|-|-|-|N|N|N|N|N|N|N|" CUOTAS_CANCELADAS_TELEFONIA_CELULAR_CE="0" CUOTAS_EN_MORA_TELEFONIA_CELULAR_CE="0" CUOTAS_PACTADAS_TELEFONIA_CELULAR_CE="12" ESTADO_CONTRATO_TELEFONIA_CELULAR_CE="1" ESTADO_TELEFONIA_CELULAR_CE="1" ESTADO_TITULAR_TELEFONIA_CELULAR_CE="6" FECHA_CORTE_TELEFONIA_CELULAR_CE="2021-08-09" FECHA_INICIAL_TELEFONIA_CELULAR_CE="2021-01-29" FECHA_PAGO_TELEFONIA_CELULAR_CE="2021-07-28" FECHA_TERMINACION_TELEFONIA_CELULAR_CE="2021-07-31" LINEA_CREDITO_TELEFONIA_CELULAR_CE="01" MODO_EXTINCION_TELEFONIA_CELULAR_CE="19" NOMBRE_ENTIDAD_TELEFONIA_CELULAR_CE="CLARO SOLUCION MOVILES" NUMERO_OBLIGACION_TELEFONIA_CELULAR_CE="080054403" PERIODICIDAD_TELEFONIA_CELULAR_CE="9" REESTRUCTURADO_TELEFONIA_CELULAR_CE="2" SALDO_TELEFONIA_CELULAR_CE="0" SUCURSAL_TELEFONIA_CELULAR_CE="SANTAFE DE BOGOTA" TIPO_PAGO_TELEFONIA_CELULAR_CE="0" VALOR_CUOTA_PAGO_MINIMO_TELEFONIA_CELULAR_CE="0" VALOR_INICIAL_TELEFONIA_CELULAR_CE="0" VALOR_MORA_ULTIMO_MES_TELEFONIA_CELULAR_CE="0" VIGENCIA_TELEFONIA_CELULAR_CE="1"/>
<TELEFONIA_CELULAR CALIDAD_TELEFONIA_CELULAR_CE="T" CLAUSULA_PERMANENCIA_TELEFONIA_CELULAR_CE="0" COMPORTAMIENTO_TELEFONIA_CELULAR_CE="N|N|N|N|N|N|N|N|N|N|N|N|N|N|N|N|N|N|N|N|N|N|N|N|" CUOTAS_CANCELADAS_TELEFONIA_CELULAR_CE="-1" CUOTAS_EN_MORA_TELEFONIA_CELULAR_CE="0" CUOTAS_PACTADAS_TELEFONIA_CELULAR_CE="-1" ESTADO_CONTRATO_TELEFONIA_CELULAR_CE="1" ESTADO_TELEFONIA_CELULAR_CE="1" ESTADO_TITULAR_TELEFONIA_CELULAR_CE="6" FECHA_INICIAL_TELEFONIA_CELULAR_CE="2017-07-17" FECHA_TERMINACION_TELEFONIA_CELULAR_CE="2021-06-30" LINEA_CREDITO_TELEFONIA_CELULAR_CE="01" MODO_EXTINCION_TELEFONIA_CELULAR_CE="19" NOMBRE_ENTIDAD_TELEFONIA_CELULAR_CE="CLARO SOLUCION MOVILES" NUMERO_OBLIGACION_TELEFONIA_CELULAR_CE=".15198692" PERIODICIDAD_TELEFONIA_CELULAR_CE="9" REESTRUCTURADO_TELEFONIA_CELULAR_CE="2" SALDO_TELEFONIA_CELULAR_CE="0" TIPO_PAGO_TELEFONIA_CELULAR_CE="0" VALOR_CUOTA_PAGO_MINIMO_TELEFONIA_CELULAR_CE="0" VALOR_INICIAL_TELEFONIA_CELULAR_CE="0" VALOR_MORA_ULTIMO_MES_TELEFONIA_CELULAR_CE="0" VIGENCIA_TELEFONIA_CELULAR_CE="1"/>
<VARIABLES_CALCULADAS_CE CANT_CASTIGOS_ULT4A_TOTAL_BR="0" CANTIDAD_CONSULTAS_ULT12M_FINANCIERO_BR="7" CANTIDAD_CTAS_AHORRO_INACTIVAS_BR="0" CANTIDAD_ENTIDADES_TDC_BR="1" CANTIDAD_OBL_ABIERTAS_ULT12M_TOTAL_BR="8" CANTIDAD_OBL_SALDADAS_AL_DIA_CONSUMO_BR="1" CANTIDAD_OBLIGACIONES_TOTAL_CLIENTE_BR="26" CANTIDAD_PRODUCTOS_ABIERTOS_ULT12M_TOTAL_BR="8" CANTIDAD_TDC_MASTER_BR="0" CONTADOR_MORA_1_ULT12M_FINANCIERO_BR="0" CONTADOR_N_TOTAL_CLIENTE_ULT12M_BR="44" CUOTA_TOT_PROD_HIP_CE="0" CUOTA_TOT_PROD_INSTAL_CE="0" CUOTA_TOT_PROD_OTROS_CE="1126572.24" CUOTA_TOT_PROD_ROTA_CE="0" CUOTA_TOT_PROD_TELCOS_CE="0" CUOTA_TOT_PROD_VEHI_CE="0" ESTIMADOR_INGRESOS_CE="2271" ESTIMADOR_INGRESOS_MAX_CE="2952" ESTIMADOR_INGRESOS_MIN_CE="1589" EXCL_ADVANCE="999" EXP_BAJO_MONTO_CE="false" EXP_OBL_ABIERTAS_CE="3" EXP_OBL_CERRADAS_CE="6" MESES_PRIMPROD_ABIERTO_CE="147" PEOR_CALIF_ACT_TOTAL_CE="Otro" SALDO_ACTUAL_OBL_AL_DIA_FINANCIERO_BR="68999000" SCORE_ADVANCE="999" SUM_SALDOS_AL_DIA_3_MESES_TOTAL_BR="68999000" TIEMPO_DESDE_LA_PRIMERA_CTAAHO_BR="0" TIEMPO_PRIMER_PDCTO_ABIERTO_CTAAHO_BR="147" TIEMPO_PRIMER_PRODUCTO_ABIERTO_FINANCIERO_BR="117" TIEMPO_PRIMER_PRODUCTO_ABIERTO_TOTAL_BR="117" TIEMPO_ULTIMA_TDC_FINANCIERO_BR="4" TIEMPO_ULTIMO_PRODUCTO_ABIERTO_FINANCIERO_BR="0" VALOR_INICIAL_TOTAL_FINANCIERO_BR="66872" VI_AFP_CE="NA" VI_EPS_CE="NA" VI_FECHACONSULTA_CE="08/19/2021 04:54:39 PM" VI_ID_EMP1_CE="0" VI_ID_EMP2_CE="0" VI_ID_EMP3_CE="0" VI_ID_EMP4_CE="0" VI_ID_EMP5_CE="0" VI_IDCONSULTA_CE="20210819165439606" VI_MEDIANA_INGRESO_CE="0" VI_PROM_ULT12M_CE="0" VI_PROM_ULT3M_CE="0" VI_RESPUESTA_CE="1" VI_SALARIO_INTEGRAL_EMP1_CE="false" VI_SALARIO_INTEGRAL_EMP2_CE="false" VI_SALARIO_INTEGRAL_EMP3_CE="0" VI_SALARIO_INTEGRAL_EMP4_CE="false" VI_SALARIO_INTEGRAL_EMP5_CE="false" VI_SALARIO_TOT_ULTMES_CE="0" VI_T_CONPAGO_ULT12M_CE="0" VI_T_SINPAGO_ULT12M_CE="0" VI_TIPO_COTIZANTE_EMP1_CE="0" VI_TIPO_COTIZANTE_EMP2_CE="0" VI_TIPO_COTIZANTE_EMP3_CE="0" VI_TIPO_COTIZANTE_EMP4_CE="0" VI_TIPO_COTIZANTE_EMP5_CE="0" VI_TIPOID_EMP1_CE="0" VI_TIPOID_EMP2_CE="0" VI_TIPOID_EMP3_CE="0" VI_TIPOID_EMP4_CE="0" VI_TIPOID_EMP5_CE="0" VI_ULT_PERIODO_COTIZADO_CE="000000"/>
</CENTRAL_EXTERNA>
</SOLICITANTE>
</CDA_ENTRADA>
<CreditRequest ProductCategory="Hipotecario" ProductCode="FlujoCredito"/>
</Application>

