<Application
    xmlns:xsi="http://www.w3.org/2001/XMLSchema-instance" ApplicationCrossReferenceId="" ApplicationDate="2001-01-01" DeliveryOptionCode="bancolombia" ProcessingRequestType="DA" ResubmissionFlag="false" StrategySelectionRandomNumber="0" Timestamp="2001-12-31T12:00:00" TransactionId="" xsi:noNamespaceSchemaLocation="COS.SMWDisplayValues.xsd">
    <CDA_ENTRADA APROBACION="0" IDENTIFICADOR_LLAMADA="2" NUMERO_PARTICIPANTES="1" TIPO_PRODUCTO_SOLICITUD="2">
        <SOLICITANTE NUMERO_DE_SOLICITUD="38891" NUMERO_DEL_PARTICIPANTE="1" TIPO_PARTICIPANTE="1">
            <CENTRAL_EXTERNA ESTADO_DOCUMENTO_CE="16" FECHA_CONSULTA_CE="2017-12-17" FECHA_EXPEDICION_CE="1991-07-31" HORA_CONSULTA_CE="2017-12-17T13:26:27" LUGAR_EXPEDICION_CE="BOGOTA D.C." NOMBRE_TITULAR_CE="CORREA PUENTES HECTOR DARIO" NUMERO_DE_PARTICIPANTES="1" NUMERO_DEL_PARTICIPANTE="1" NUMERO_IDENTIFICACION="11080003" RANGO_EDAD_CE2="45" RESPUESTA_CENTRAL_DATA="13" RESPUESTA_CONSULTA_CE="2" SCORE_DATACREDITO_CE="900" SEGMENTO_CLIENTE="01" SUBSEGMENTO_CLIENTE="05" TIPO_DOCUMENTO_CE="1">
                <CALCULOS_CE ANTIGUEDAD_APERTURA_HISTORIA_CREDITICIA_SECTOR_FINANCIERO_CE="2008-10-01" CLIENTE_SIN_INFORMACION_DE_RIESGO_CE="0" CLIENTE_SIN_INFORMACION_FINANCIERA_CE="0" CUPO_TARJETA_CREDITO_COMO_PRINCIPAL_CE="500" INDICADOR_CARTERA_CASTIGADA_CE="0" MAYOR_PORCENTAJE_DE_UTILIZACION_CE_TDC="53.483146067415730" NUMERO_CONSULTAS_L6M_CE="3" NUMERO_CUENTAS_AHORRO_SALDADAS_CE="2" NUMERO_CUENTAS_AHORRO_VIGENTES_CE="0" NUMERO_OBLIGACIONES_TELEFONIA_SALDADAS="0" NUMERO_OBLIGACIONES_TELEFONIA_VIGENTES_AL_DIA="0" NUMERO_OBLIGACIONES_TELEFONIA_VIGENTES_MORA="0" NUMERO_OBLIGACIONES_VIGENTES_AL_DIA_CE="1" NUMERO_OBLIGACIONES_VIGENTES_CON_SALDO_CE="1" NUMERO_OBLIGACIONES_VIGENTES_EN_MORA_CE="0" NUMERO_OBLIGACIONES_VIGENTES_SIN_SALDO_CE="0" NUMERO_PRODUCTOS_ABIERTOS_UA_CE="1" NUMERO_PRODUCTOS_CARTERA_CONSUMO_SALDADOS_CE="1" NUMERO_PRODUCTOS_CARTERA_CONSUMO_VIGENTES_CE="0" NUMERO_PRODUCTOS_COMPANIAS_FINANCIAMIENTO_COMERCIAL_CE="0" NUMERO_PRODUCTOS_RIESGO_SALDADOS_CE="1" NUMERO_PRODUCTOS_RIESGO_TOTALES_SECTOR_FINANCIERO_CE="2" NUMERO_PRODUCTOS_RIESGO_VIGENTES_CE="1" NUMERO_TARJETAS_CREDITO_COMO_PRINCIPAL_CE="1" PAGO_MENSUAL_TARJETA_CREDITO_COMO_PRINCIPAL_CE="171" SALDO_CREDITO_CONSUMO_COMO_PRINCIPAL_CE="952" SALDO_CREDITO_CONSUMO_SMMLV_COMO_PRINCIPAL_CE="0.001290467753895" UTILIZACION_PROMEDIO_CE_TDC="53.483146067415730"/>
                <CONSULTAS_CENTRALES ENTIDAD_CONSULTAS_CENTRALES="TUYA S.A." FECHA_CONSULTA_CONSULTAS_CENTRALES="2017-12-17"/>
                <CONTADORES_CE CONTADOR_MORA_INDIVIDUAL_N_TOTAL_CLIENTE_UA_CE="1" CONTADOR_MORA_N_CONSOLIDADO_TELEFONIA_CELULAR_AA_CE="12" CONTADOR_MORA_N_CONSOLIDADO_TELEFONIA_CELULAR_UA_CE="12" CONTADOR_MORA_N_INDIVIDUAL_TDC_UA_CE="1" CONTADOR_MORA_N_INDIVIDUAL_TELEFONIA_CELULAR_AA_CE="12" CONTADOR_MORA_N_INDIVIDUAL_TELEFONIA_CELULAR_UA_CE="12"/>
                <CUENTA_CORRIENTE_AHORROS CIUDAD_CTA_CTE_CE="BOGOTA D.C." ESTADO_CTA_CTE_AHORROS_CE="1" FECHA_CORTE_CUENTA_CE="2017-11-30" FECHA_INICIAL_CUENTA_CE="2014-05-08" NOMBRE_ENTIDAD_CTA_CTE_CE="BANCOLOMBIA" NUMERO_OBLIGACION_CTA_CTE_CE="924461869" SUCURSAL_CTA_CTE_CE="EXITO FONTIBON" TIPO_CONTRATO_CTA_CTE_CE="0"/>
                <CUENTA_CORRIENTE_AHORROS CIUDAD_CTA_CTE_CE="BOGOTA" ESTADO_CTA_CTE_AHORROS_CE="5" FECHA_INICIAL_CUENTA_CE="2006-12-31" NOMBRE_ENTIDAD_CTA_CTE_CE="BANCOLOMBIA" NUMERO_OBLIGACION_CTA_CTE_CE="429724498" SUCURSAL_CTA_CTE_CE="CENTRO EMPRESAR" TIPO_CONTRATO_CTA_CTE_CE="0"/>
                <CUENTA_CORRIENTE_AHORROS ESTADO_CTA_CTE_AHORROS_CE="5" FECHA_INICIAL_CUENTA_CE="2008-05-31" NOMBRE_ENTIDAD_CTA_CTE_CE="BCO DE BOGOTA" NUMERO_OBLIGACION_CTA_CTE_CE="028349496" SUCURSAL_CTA_CTE_CE="000028"

TIPO_CONTRATO_CTA_CTE_CE="0"/>
                <CUENTA_CORRIENTE_AHORROS ESTADO_CTA_CTE_AHORROS_CE="5" FECHA_INICIAL_CUENTA_CE="2009-12-29" NOMBRE_ENTIDAD_CTA_CTE_CE="BCO DE BOGOTA" NUMERO_OBLIGACION_CTA_CTE_CE="028389922" SUCURSAL_CTA_CTE_CE="028" TIPO_CONTRATO_CTA_CTE_CE="3"/>
                <ENDEUDAMIENTO_GLOBAL FECHA_T1_CE="2017-09-30" FECHA_T2_CE="2017-09-30" FECHA_T3_CE="2017-09-30" NOMBRE_ENTIDAD_ENDEUDAMIENTO_GLOBAL_CE="COLPATRIA - BC 0" TIPO_MONEDA_CE="ML" VALOR_DEUDA_COMERCIAL_CE="1258000"/>
                <TARJETA_CREDITO AMPARADA_TDC_CE="T" CALIDAD_TDC_CE="false" CIUDAD_TDC_CE="BOGOTA D.C" CLASE_TDC_CE="49" COMPORTAMIENTO_TDC_CE="I|I|I|I|I|I|I|I|I|I|I|I|I|I|I|I|N|N|N|N|N|N|N|N|" ESTADO_CONTRATO_TDC_CE="1" ESTADO_FINANCIERO_SOLIDARIO_CE="1" ESTADO_TDC_CE="1" ESTADO_TITULAR_TDC_CE="6" FECHA_CORTE_TDC_CE="2017-12-31" FECHA_INICIAL_TDC_CE="2017-04-24" FECHA_PAGO_TDC_CE="2017-11-17" MARCA_TDC_CE="13" MODALIDAD_CREDITO_FINANCIERO_SOLIDARIO_CE="2" MODO_EXTINCION_TDC_CE="19" NOMBRE_ENTIDAD_TDC_CE="CREDIFACIL COLPATRIA" NUMERO_CUOTAS_MORA_TDC="0" NUMERO_OBLIGACION_TDC_CE="079608324" SALDO_TDC_CE="952" SUCURSAL_TDC_CE="BOGOTA CARRERA DECIMA" VALOR_CUOTA_TDC_CE="171" VALOR_INICIAL_TDC_CE="1780" VALOR_MORA_ULTIMO_MES_TDC_CE="0"/>
                <TARJETA_CREDITO AMPARADA_TDC_CE="T" CLASE_TDC_CE="0" COMPORTAMIENTO_TDC_CE="I|I|I|I|I|I|I|I|I|I|I|I|I|I|I|I|I|I|I|I|I|I|I|N|" ESTADO_CONTRATO_TDC_CE="2" ESTADO_FINANCIERO_SOLIDARIO_CE="15" ESTADO_TDC_CE="15" ESTADO_TITULAR_TDC_CE="6" FECHA_INICIAL_TDC_CE="2008-10-01" MARCA_TDC_CE="0" MODALIDAD_CREDITO_FINANCIERO_SOLIDARIO_CE="2" MODO_EXTINCION_TDC_CE="16" NOMBRE_ENTIDAD_TDC_CE="BCO DE BOGOTA" NUMERO_OBLIGACION_TDC_CE="463105846" SUCURSAL_TDC_CE="NO INFORMO"/>
                <TELEFONIA_CELULAR CALIDAD_TELEFONIA_CELULAR_CE="T" CLAUSULA_PERMANENCIA_TELEFONIA_CELULAR_CE="0" COMPORTAMIENTO_TELEFONIA_CELULAR_CE="N|N|N|N|N|N|N|N|N|N|N|N|N|N|N|N|N|N|N|N|N|N|N|N|" CUOTAS_CANCELADAS_TELEFONIA_CELULAR_CE="-1" CUOTAS_EN_MORA_TELEFONIA_CELULAR_CE="0" CUOTAS_PACTADAS_TELEFONIA_CELULAR_CE="-1" ESTADO_CONTRATO_TELEFONIA_CELULAR_CE="1" ESTADO_TELEFONIA_CELULAR_CE="01" ESTADO_TITULAR_TELEFONIA_CELULAR_CE="6" FECHA_INICIAL_TELEFONIA_CELULAR_CE="2015-04-14" FECHA_PAGO_TELEFONIA_CELULAR_CE="1999-11-30" LINEA_CREDITO_TELEFONIA_CELULAR_CE="01" MODO_EXTINCION_TELEFONIA_CELULAR_CE="19" NOMBRE_ENTIDAD_TELEFONIA_CELULAR_CE="COMCEL S.A." NUMERO_OBLIGACION_TELEFONIA_CELULAR_CE=".07660013" PERIODICIDAD_TELEFONIA_CELULAR_CE="9" SALDO_TELEFONIA_CELULAR_CE="44000.0" VALOR_CUOTA_PAGO_MINIMO_TELEFONIA_CELULAR_CE="0" VALOR_INICIAL_TELEFONIA_CELULAR_CE="0" VALOR_MORA_ULTIMO_MES_TELEFONIA_CELULAR_CE="0" VIGENCIA_TELEFONIA_CELULAR_CE="1"/>
                <TELEFONIA_CELULAR CALIDAD_TELEFONIA_CELULAR_CE="00" CLAUSULA_PERMANENCIA_TELEFONIA_CELULAR_CE="0" COMPORTAMIENTO_TELEFONIA_CELULAR_CE="-|-|N|N|N|N|N|N|N|N|N|N|N|1|2|3|4|5|6|6|6|6|6|D|" CUOTAS_CANCELADAS_TELEFONIA_CELULAR_CE="-1" CUOTAS_EN_MORA_TELEFONIA_CELULAR_CE="0" CUOTAS_PACTADAS_TELEFONIA_CELULAR_CE="-1" ESTADO_CONTRATO_TELEFONIA_CELULAR_CE="2" ESTADO_TELEFONIA_CELULAR_CE="8" ESTADO_TITULAR_TELEFONIA_CELULAR_CE="6" FECHA_INICIAL_TELEFONIA_CELULAR_CE="2015-04-20" FECHA_PAGO_TELEFONIA_CELULAR_CE="1999-11-30" MODO_EXTINCION_TELEFONIA_CELULAR_CE="16" NOMBRE_ENTIDAD_TELEFONIA_CELULAR_CE="COMCEL S.A." NUMERO_OBLIGACION_TELEFONIA_CELULAR_CE=".07710741" PERIODICIDAD_TELEFONIA_CELULAR_CE="9" SALDO_TELEFONIA_CELULAR_CE="0" VALOR_CUOTA_PAGO_MINIMO_TELEFONIA_CELULAR_CE="0" VALOR_INICIAL_TELEFONIA_CELULAR_CE="0" VALOR_MORA_ULTIMO_MES_TELEFONIA_CELULAR_CE="0"/>
                <VARIABLES_CALCULADAS_CE CANT_CASTIGOS_ULT4A_TOTAL_BR="1" EXCL_ADVANCE="999" SCORE_ADVANCE="999" CANTIDAD_CONSULTAS_ULT12M_FINANCIERO_BR="1" CANTIDAD_CTAS_AHORRO_INACTIVAS_BR="0" CANTIDAD_ENTIDADES_TDC_BR="1" CANTIDAD_OBL_ABIERTAS_ULT12M_TOTAL_BR="1" CANTIDAD_OBL_SALDADAS_AL_DIA_CONSUMO_BR="0" CANTIDAD_PRODUCTOS_ABIERTOS_ULT12M_TOTAL_BR="1" CANTIDAD_TDC_MASTER_BR="0" CONTADOR_MORA_1_ULT12M_FINANCIERO_BR="0" CONTADOR_MORA_2_ULT12M_TOTAL_BR="0" CONTADOR_N_TOTAL_CLIENTE_ULT12M_BR="20" ESTIMADOR_INGRESOS_CE="1305" ESTIMADOR_INGRESOS_MAX_CE="1696" ESTIMADOR_INGRESOS_MIN_CE="913" PEOR_CALIF_ACT_TOTAL_CE="-" SALDO_ACTUAL_OBL_AL_DIA_FINANCIERO_BR="0"

SUM_SALDOS_AL_DIA_3_MESES_TOTAL_BR="1440000" TIEMPO_DESDE_LA_PRIMERA_CTAAHO_BR="0" TIEMPO_PRIMER_PDCTO_ABIERTO_CTAAHO_BR="131" TIEMPO_PRIMER_PRODUCTO_ABIERTO_TOTAL_BR="109" TIEMPO_ULTIMA_TDC_FINANCIERO_BR="5" TIEMPO_ULTIMO_PRODUCTO_ABIERTO_FINANCIERO_BR="0"/>
            </CENTRAL_EXTERNA>
        </SOLICITANTE>
    </CDA_ENTRADA>
    <CreditRequest ProductCategory="Hipotecario" ProductCode="FlujoCredito"/>
</Application>