<Application xmlns:xsi="http://www.w3.org/2001/XMLSchema-instance" ApplicationCrossReferenceId="" ApplicationDate="2001-01-01" DeliveryOptionCode="bancolombia" ProcessingRequestType="DA" ResubmissionFlag="false" StrategySelectionRandomNumber="0" Timestamp="2001-12-31T12:00:00" TransactionId="" xsi:noNamespaceSchemaLocation="COS.SMWDisplayValues.xsd">
<CDA_ENTRADA APROBACION="0" IDENTIFICADOR_LLAMADA="2" NUMERO_PARTICIPANTES="1" TIPO_PRODUCTO_SOLICITUD="2">
<SOLICITANTE NUMERO_DE_SOLICITUD="8926854" NUMERO_DEL_PARTICIPANTE="1" TIPO_DE_PARTICIPANTE="0" TIPO_PARTICIPANTE="1">
<CENTRAL_EXTERNA ESTADO_DOCUMENTO_CE="16" FECHA_CONSULTA_CE="2022-01-07" FECHA_EXPEDICION_CE="1977-02-14" HORA_CONSULTA_CE="2022-01-07T15:15:57" LUGAR_EXPEDICION_CE="FONTIBON" NOMBRE_TITULAR_CE="RAMIREZ AROS ROSALBINA" NUMERO_DE_PARTICIPANTES="1" NUMERO_DEL_PARTICIPANTE="1" NUMERO_IDENTIFICACION="1010202007" NUMERO_IDENTIFICACION_CE="1010202007" RANGO_EDAD_CE2="65" RESPUESTA_CENTRAL_DATA="13" RESPUESTA_CONSULTA_CE="2" SEGMENTO_CLIENTE="01" SUBSEGMENTO_CLIENTE="05" TIPO_DOCUMENTO_CE="1">
<CALCULOS_CE ANTIGUEDAD_APERTURA_HISTORIA_CREDITICIA_SECTOR_FINANCIERO_CE="2010-01-26" CLIENTE_SIN_INFORMACION_DE_RIESGO_CE="0" CLIENTE_SIN_INFORMACION_FINANCIERA_CE="0" CUOTA_CREDITO_CONSUMO_COMO_PRINCIPAL_CE="475" CUPO_TARJETA_CREDITO_COMO_PRINCIPAL_CE="19793" INDICADOR_CARTERA_CASTIGADA_CE="0" MAYOR_PORCENTAJE_DE_UTILIZACION_CE_TDC="100.055379746835443" NUMERO_CONSULTAS_L6M_CE="4" NUMERO_CUENTAS_AHORRO_SALDADAS_CE="0" NUMERO_CUENTAS_AHORRO_VIGENTES_CE="1" NUMERO_OBLIGACIONES_VIGENTES_AL_DIA_CE="3" NUMERO_OBLIGACIONES_VIGENTES_CON_SALDO_CE="4" NUMERO_OBLIGACIONES_VIGENTES_EN_MORA_CE="1" NUMERO_OBLIGACIONES_VIGENTES_SIN_SALDO_CE="0" NUMERO_PRODUCTOS_ABIERTOS_UA_CE="2" NUMERO_PRODUCTOS_CARTERA_CONSUMO_SALDADOS_CE="4" NUMERO_PRODUCTOS_CARTERA_CONSUMO_VIGENTES_CE="2" NUMERO_PRODUCTOS_COMPANIAS_FINANCIAMIENTO_COMERCIAL_CE="1" NUMERO_PRODUCTOS_RIESGO_SALDADOS_CE="4" NUMERO_PRODUCTOS_RIESGO_TOTALES_SECTOR_FINANCIERO_CE="8" NUMERO_PRODUCTOS_RIESGO_VIGENTES_CE="4" NUMERO_TARJETAS_CREDITO_COMO_PRINCIPAL_CE="2" PAGO_MENSUAL_TARJETA_CREDITO_COMO_PRINCIPAL_CE="1581" SALDO_CREDITO_CONSUMO_COMO_PRINCIPAL_CE="45972" SALDO_CREDITO_CONSUMO_SMMLV_COMO_PRINCIPAL_CE="0.045972000000000" UTILIZACION_PROMEDIO_CE_TDC="100.027689873417722" VALOR_INICIAL_CREDITO_CONSUMO_COMO_PRINCIPAL_CE="33551" VALOR_INICIAL_CREDITO_CONSUMO_SMMLV_COMO_PRINCIPAL_CE="0.033551000000000"/>
<CONSULTAS_CENTRALES ENTIDAD_CONSULTAS_CENTRALES="ADEINCO S.A" FECHA_CONSULTA_CONSULTAS_CENTRALES="2022-01-07"/>
<CONSULTAS_CENTRALES ENTIDAD_CONSULTAS_CENTRALES="TUYA S.A." FECHA_CONSULTA_CONSULTAS_CENTRALES="2021-10-16"/>
<CONSULTAS_CENTRALES ENTIDAD_CONSULTAS_CENTRALES="REFINANCIA" FECHA_CONSULTA_CONSULTAS_CENTRALES="2021-08-30"/>
<CONSULTAS_CENTRALES ENTIDAD_CONSULTAS_CENTRALES="BCO AVVILLAS   COMERCIAL" FECHA_CONSULTA_CONSULTAS_CENTRALES="2021-08-27"/>
<CONTADORES_CE CONTADOR_MORA_1_CONSOLIDADO_SECTOR_FINANCIERO_SOLIDARIO_UA="1" CONTADOR_MORA_1_INDIVIDUAL_SECTOR_FINANCIERO_SOLIDARIO_UA_CE="1" CONTADOR_MORA_CONSOLIDADO_1_TOTAL_CLIENTE_UA_CE="1" CONTADOR_MORA_CONSOLIDADO_N_TOTAL_CLIENTE_UA_CE="1" CONTADOR_MORA_INDIVIDUAL_1_TOTAL_CLIENTE_UA_CE="1" CONTADOR_MORA_INDIVIDUAL_N_TOTAL_CLIENTE_UA_CE="51" CONTADOR_MORA_N_CONSOLIDADO_SECTOR_FINANCIERO_SOLIDARIO_UA="1" CONTADOR_MORA_N_CONSOLIDADO_TDC_UA_CE="2" CONTADOR_MORA_N_INDIVIDUAL_SECTOR_FINANCIERO_SOLIDARIO_UA_CE="37" CONTADOR_MORA_N_INDIVIDUAL_TDC_UA_CE="26"/>
<CUENTA_CORRIENTE_AHORROS CIUDAD_CTA_CTE_CE="BOGOTA" ESTADO_CTA_CTE_AHORROS_CE="3" FECHA_CORTE_CUENTA_CE="2021-12-31" FECHA_INICIAL_CUENTA_CE="2001-03-28" IDENTIFICACION_CUENTA_AHORRO="00860003020" NOMBRE_ENTIDAD_CTA_CTE_CE="BBVA COLOMBIA" NUMERO_OBLIGACION_CTA_CTE_CE="200170882" SUCURSAL_CTA_CTE_CE="GALERIAS" TIPO_CONTRATO_CTA_CTE_CE="0"/>
<ENDEUDAMIENTO_GLOBAL FECHA_T1_CE="2021-09-30" FECHA_T2_CE="2021-09-30" FECHA_T3_CE="2021-09-30" NOMBRE_ENTIDAD_ENDEUDAMIENTO_GLOBAL_CE="SUDAMERIS DE COLOMBIA - BC   0" TIPO_MONEDA_CE="ML" VALOR_DEUDA_COMERCIAL_CE="12398000"/>
<RESUMEN_NO_PRINCIPAL CANTIDAD_OBLIGACIONES_EN_MORA_CE="0" CUOTA_OBLIGACIONES_AL_DIA_CE="0" CUOTA_OBLIGACIONES_EN_MORA="0" NUMERO_DE_OBLIGACIONES_AL_DIA_CE="0" NUMERO_DE_OBLIGACIONES_CE="1" PARTICIPACION_DEUDA_CE="0" SALDO_OBLIGACIONES_AL_DIA_CE="0" SALDO_OBLIGACIONES_EN_MORA_CE="0" TOTAL_SALDO_CE="0" VALOR_MORA_CE="0"/>
<RESUMEN_PRINCIPAL CANTIDAD_OBLIGACIONES_EN_MORA_CE="1" CUOTA_OBLIGACIONES_AL_DIA_CE="1858" CUOTA_OBLIGACIONES_EN_MORA="198" NUMERO_DE_OBLIGACIONES_AL_DIA_CE="3" NUMERO_DE_OBLIGACIONES_CE="34" PARTICIPACION_DEUDA_CE="0" SALDO_OBLIGACIONES_AL_DIA_CE="44570" SALDO_OBLIGACIONES_EN_MORA_CE="1402" TOTAL_SALDO_CE="45972" VALOR_MORA_CE="960000"/>
<RESUMEN_REGISTRO_TOTAL CANTIDAD_OBLIGACIONES_EN_MORA_CE="1" CUOTA_OBLIGACIONES_AL_DIA_CE="1858" CUOTA_OBLIGACIONES_EN_MORA="198" NUMERO_DE_OBLIGACIONES_AL_DIA_CE="3" NUMERO_DE_OBLIGACIONES_CE="35" PARTICIPACION_DEUDA_CE="0" SALDO_OBLIGACIONES_AL_DIA_CE="44570" SALDO_OBLIGACIONES_EN_MORA_CE="1402" TOTAL_SALDO_CE="45972" VALOR_MORA_CE="960000"/>
<SECTOR_FINANCIERO_SOLIDARIO CALIDAD_FINANCIERO_SOLIDARIO_CE="T" CALIFICACION_FINANCIERO_SOLIDARIO_CE="1" CIUDAD_FINANCIERO_SOLIDARIO_CE="BOGOTA" COMPORTAMIENTO_SECTOR_FINANCIERO_SOLIDARIO_CE="I|I|I|I|I|I|I|I|I|I|I|I|I|I|I|I|I|I|I|I|I|I|N|N|" CUOTAS_CANCELADAS_FINANCIERO_SOLIDARIO_CE="0" CUOTAS_PACTADAS_CE="132" ESTADO_CONTRATO_FINANCIERO_SOLIDARIO_CE="1" ESTADO_FINANCIERO_SOLIDARIO_CE="1" ESTADO_TITULAR_FINANCIERO_SOLIDARIO_CE="5" FECHA_CORTE_FINANCIERO_SOLIDARIO_CE="2021-12-10" FECHA_INICIAL_FINANCIERO_SOLIDARIO_CE="2021-10-11" FECHA_TERMINACION_FINANCIERO_SOLIDARIO_CE="2021-11-30" IDENTIFICACION_FINANCIERO_SOLIDARIO="00860050750" LINEA_CREDITO_FINANCIERO_SOLIDARIO_CE="128" MODALIDAD_CREDITO_FINANCIERO_SOLIDARIO_CE="2" MODO_EXTINCION_FINANCIERO_SOLIDARIO_CE="19" NOMBRE_ENTIDAD_FINANCIERO_SOLIDARIO_CE="GNB SUDAMERIS" NUMERO_DE_CUOTAS_EN_MORA_SECTOR_FINANCIERO_SOLIDARIO_CE="0" NUMERO_OBLIGACION_FINANCIERO_SOLIDARIO_CE="106937966" NUMERO_REESTRUCTURACIONES_CE="0" PARTICIPACION_DEUDA_FINANCIERO_SOLIDARIO_CE="53" PERIODICIDAD_FINANCIERO_SOLIDARIO_CE="8" PROBABILIDAD_NO_PAGO_FINANCIERO_SOLIDARIO_CE="0.0" REESTUCTURADO_CE="2" SALDO_OBLIGACION_FINANCIERO_SOLIDARIO_CE="24770" SUCURSAL_FINANCIERO_SOLIDARIO_CE="CENTRO INTERNAC" TIPO_CONTRATO_FINANCIERO_SOLIDARIO_CE="2" TIPO_GARANTIA_FINANCIERO_SOLIDARIO_CE="2" TIPO_MONEDA_FINANCIERO_SOLIDARIO_CE="1" TIPO_PAGO_FINANCIERO_SOLIDARIO_CE="0" VALOR_CUOTA_FINANCIERO_SOLIDARIO_CE="277" VALOR_INICIAL_FINANCIERO_SOLIDARIO_CE="24770" VALOR_MORA_FINANCIERO_SOLIDARIO_CE="0"/>
<SECTOR_FINANCIERO_SOLIDARIO CALIDAD_FINANCIERO_SOLIDARIO_CE="T" CALIFICACION_FINANCIERO_SOLIDARIO_CE="3" CIUDAD_FINANCIERO_SOLIDARIO_CE="SANTAFE DE BOGOTA D." COMPORTAMIENTO_SECTOR_FINANCIERO_SOLIDARIO_CE="I|I|I|N|N|N|N|N|N|N|N|N|N|N|N|N|N|N|N|N|N|N|N|1|" CUOTAS_CANCELADAS_FINANCIERO_SOLIDARIO_CE="18" CUOTAS_PACTADAS_CE="92" ESTADO_CONTRATO_FINANCIERO_SOLIDARIO_CE="1" ESTADO_FINANCIERO_SOLIDARIO_CE="1" ESTADO_TITULAR_FINANCIERO_SOLIDARIO_CE="6" FECHA_CORTE_FINANCIERO_SOLIDARIO_CE="2021-11-30" FECHA_INICIAL_FINANCIERO_SOLIDARIO_CE="2020-03-17" FECHA_PAGO_FINANCIERO_SOLIDARIO_CE="2021-09-11" FECHA_TERMINACION_FINANCIERO_SOLIDARIO_CE="2021-11-30" IDENTIFICACION_FINANCIERO_SOLIDARIO_MORA="00860034313" LINEA_CREDITO_FINANCIERO_SOLIDARIO_CE="155" MODALIDAD_CREDITO_FINANCIERO_SOLIDARIO_CE="2" MODO_EXTINCION_FINANCIERO_SOLIDARIO_CE="19" NOMBRE_ENTIDAD_FINANCIERO_SOLIDARIO_CE="BCO DAVIVIENDA LIBRE INVERS." NUMERO_DE_CUOTAS_EN_MORA_SECTOR_FINANCIERO_SOLIDARIO_CE="2" NUMERO_OBLIGACION_FINANCIERO_SOLIDARIO_CE="400374804" NUMERO_REESTRUCTURACIONES_CE="0" PARTICIPACION_DEUDA_FINANCIERO_SOLIDARIO_CE="3" PERIODICIDAD_FINANCIERO_SOLIDARIO_CE="8" PROBABILIDAD_NO_PAGO_FINANCIERO_SOLIDARIO_CE="5.0" REESTUCTURADO_CE="2" SALDO_OBLIGACION_FINANCIERO_SOLIDARIO_CE="1402" SUCURSAL_FINANCIERO_SOLIDARIO_CE="APP TRANSACCIONAL" TIPO_CONTRATO_FINANCIERO_SOLIDARIO_CE="1" TIPO_GARANTIA_FINANCIERO_SOLIDARIO_CE="2" TIPO_MONEDA_FINANCIERO_SOLIDARIO_CE="1" TIPO_PAGO_FINANCIERO_SOLIDARIO_CE="0" VALOR_CUOTA_FINANCIERO_SOLIDARIO_CE="198" VALOR_INICIAL_FINANCIERO_SOLIDARIO_CE="8781" VALOR_MORA_FINANCIERO_SOLIDARIO_CE="99"/>
<SECTOR_FINANCIERO_SOLIDARIO CALIDAD_FINANCIERO_SOLIDARIO_CE="T" CALIFICACION_FINANCIERO_SOLIDARIO_CE="1" CIUDAD_FINANCIERO_SOLIDARIO_CE="SANTAFE DE BOGOTA D." COMPORTAMIENTO_SECTOR_FINANCIERO_SOLIDARIO_CE="I|I|I|I|I|I|I|I|I|I|I|I|I|I|I|I|N|N|N|N|N|N|N|N|" CUOTAS_CANCELADAS_FINANCIERO_SOLIDARIO_CE="8" CUOTAS_PACTADAS_CE="36" ESTADO_CONTRATO_FINANCIERO_SOLIDARIO_CE="2" ESTADO_FINANCIERO_SOLIDARIO_CE="5" ESTADO_TITULAR_FINANCIERO_SOLIDARIO_CE="6" FECHA_CORTE_FINANCIERO_SOLIDARIO_CE="2020-03-31" FECHA_INICIAL_FINANCIERO_SOLIDARIO_CE="2019-08-12" FECHA_PAGO_FINANCIERO_SOLIDARIO_CE="2020-03-12" FECHA_TERMINACION_FINANCIERO_SOLIDARIO_CE="2020-03-31" IDENTIFICACION_SOLIDARIO_EXTINGUIDAS="00860034313" LINEA_CREDITO_FINANCIERO_SOLIDARIO_CE="155" MODALIDAD_CREDITO_FINANCIERO_SOLIDARIO_CE="2" MODO_EXTINCION_FINANCIERO_SOLIDARIO_CE="16" NOMBRE_ENTIDAD_FINANCIERO_SOLIDARIO_CE="BCO DAVIVIENDA LIBRE INVERS." NUMERO_DE_CUOTAS_EN_MORA_SECTOR_FINANCIERO_SOLIDARIO_CE="0" NUMERO_OBLIGACION_FINANCIERO_SOLIDARIO_CE="400253388" NUMERO_REESTRUCTURACIONES_CE="0" PERIODICIDAD_FINANCIERO_SOLIDARIO_CE="8" PROBABILIDAD_NO_PAGO_FINANCIERO_SOLIDARIO_CE="3.0" REESTUCTURADO_CE="2" SALDO_OBLIGACION_FINANCIERO_SOLIDARIO_CE="0" SUCURSAL_FINANCIERO_SOLIDARIO_CE="APP TRANSACCIONAL" TIPO_CONTRATO_FINANCIERO_SOLIDARIO_CE="1" TIPO_GARANTIA_FINANCIERO_SOLIDARIO_CE="2" TIPO_MONEDA_FINANCIERO_SOLIDARIO_CE="1" TIPO_PAGO_FINANCIERO_SOLIDARIO_CE="1" VALOR_CUOTA_FINANCIERO_SOLIDARIO_CE="0" VALOR_INICIAL_FINANCIERO_SOLIDARIO_CE="10000" VALOR_MORA_FINANCIERO_SOLIDARIO_CE="0"/>
<SECTOR_FINANCIERO_SOLIDARIO CALIDAD_FINANCIERO_SOLIDARIO_CE="T" CALIFICACION_FINANCIERO_SOLIDARIO_CE="1" CIUDAD_FINANCIERO_SOLIDARIO_CE="BOGOTA" COMPORTAMIENTO_SECTOR_FINANCIERO_SOLIDARIO_CE="N|N|N|N|N|N|N|N|N|N|N|N|N|N|N|N|N|N|N|N|N|N|N|N|" CUOTAS_CANCELADAS_FINANCIERO_SOLIDARIO_CE="108" CUOTAS_PACTADAS_CE="108" ESTADO_CONTRATO_FINANCIERO_SOLIDARIO_CE="2" ESTADO_FINANCIERO_SOLIDARIO_CE="5" ESTADO_TITULAR_FINANCIERO_SOLIDARIO_CE="5" FECHA_CORTE_FINANCIERO_SOLIDARIO_CE="2021-10-10" FECHA_INICIAL_FINANCIERO_SOLIDARIO_CE="2017-08-28" FECHA_PAGO_FINANCIERO_SOLIDARIO_CE="2021-10-11" FECHA_TERMINACION_FINANCIERO_SOLIDARIO_CE="2021-10-31" IDENTIFICACION_SOLIDARIO_EXTINGUIDAS="00860050750" LINEA_CREDITO_FINANCIERO_SOLIDARIO_CE="155" MODALIDAD_CREDITO_FINANCIERO_SOLIDARIO_CE="2" MODO_EXTINCION_FINANCIERO_SOLIDARIO_CE="16" NOMBRE_ENTIDAD_FINANCIERO_SOLIDARIO_CE="GNB SUDAMERIS" NUMERO_DE_CUOTAS_EN_MORA_SECTOR_FINANCIERO_SOLIDARIO_CE="0" NUMERO_OBLIGACION_FINANCIERO_SOLIDARIO_CE="104946879" NUMERO_REESTRUCTURACIONES_CE="0" PERIODICIDAD_FINANCIERO_SOLIDARIO_CE="8" PROBABILIDAD_NO_PAGO_FINANCIERO_SOLIDARIO_CE="0.0" REESTUCTURADO_CE="2" SALDO_OBLIGACION_FINANCIERO_SOLIDARIO_CE="0" SUCURSAL_FINANCIERO_SOLIDARIO_CE="CENTRO INTERNAC" TIPO_CONTRATO_FINANCIERO_SOLIDARIO_CE="2" TIPO_GARANTIA_FINANCIERO_SOLIDARIO_CE="2" TIPO_MONEDA_FINANCIERO_SOLIDARIO_CE="1" TIPO_PAGO_FINANCIERO_SOLIDARIO_CE="1" VALOR_CUOTA_FINANCIERO_SOLIDARIO_CE="0" VALOR_INICIAL_FINANCIERO_SOLIDARIO_CE="16600" VALOR_MORA_FINANCIERO_SOLIDARIO_CE="0"/>
<SECTOR_FINANCIERO_SOLIDARIO CALIDAD_FINANCIERO_SOLIDARIO_CE="T" CALIFICACION_FINANCIERO_SOLIDARIO_CE="1" CIUDAD_FINANCIERO_SOLIDARIO_CE="BOGOTA DC" COMPORTAMIENTO_SECTOR_FINANCIERO_SOLIDARIO_CE="N|N|N|N|N|N|N|N|N|N|N|N|N|N|N|N|N|N|N|N|N|N|N|N|" CUOTAS_CANCELADAS_FINANCIERO_SOLIDARIO_CE="48" CUOTAS_PACTADAS_CE="48" ESTADO_CONTRATO_FINANCIERO_SOLIDARIO_CE="2" ESTADO_FINANCIERO_SOLIDARIO_CE="5" ESTADO_TITULAR_FINANCIERO_SOLIDARIO_CE="6" FECHA_CORTE_FINANCIERO_SOLIDARIO_CE="2021-04-10" FECHA_INICIAL_FINANCIERO_SOLIDARIO_CE="2017-04-07" FECHA_PAGO_FINANCIERO_SOLIDARIO_CE="2021-04-07" FECHA_TERMINACION_FINANCIERO_SOLIDARIO_CE="2021-04-30" IDENTIFICACION_SOLIDARIO_EXTINGUIDAS="00860056869" LINEA_CREDITO_FINANCIERO_SOLIDARIO_CE="158" MODALIDAD_CREDITO_FINANCIERO_SOLIDARIO_CE="2" MODO_EXTINCION_FINANCIERO_SOLIDARIO_CE="16" NOMBRE_ENTIDAD_FINANCIERO_SOLIDARIO_CE="COOP DE AHORRO CREDIFLORES" NUMERO_DE_CUOTAS_EN_MORA_SECTOR_FINANCIERO_SOLIDARIO_CE="0" NUMERO_OBLIGACION_FINANCIERO_SOLIDARIO_CE="700307407" NUMERO_REESTRUCTURACIONES_CE="0" PERIODICIDAD_FINANCIERO_SOLIDARIO_CE="8" PROBABILIDAD_NO_PAGO_FINANCIERO_SOLIDARIO_CE="0.0" REESTUCTURADO_CE="2" SALDO_OBLIGACION_FINANCIERO_SOLIDARIO_CE="0" SUCURSAL_FINANCIERO_SOLIDARIO_CE="SUBA RINCON" TIPO_CONTRATO_FINANCIERO_SOLIDARIO_CE="1" TIPO_GARANTIA_FINANCIERO_SOLIDARIO_CE="1" TIPO_MONEDA_FINANCIERO_SOLIDARIO_CE="1" TIPO_PAGO_FINANCIERO_SOLIDARIO_CE="1" VALOR_CUOTA_FINANCIERO_SOLIDARIO_CE="0" VALOR_INICIAL_FINANCIERO_SOLIDARIO_CE="7000" VALOR_MORA_FINANCIERO_SOLIDARIO_CE="0"/>
<TARJETA_CREDITO AMPARADA_TDC_CE="T" CALIDAD_TDC_CE="T" CALIFICACION_TDC_CE="6" CIUDAD_TDC_CE="BOGOTA D.C" CLASE_TDC_CE="49" COMPORTAMIENTO_TDC_CE="N|N|N|N|N|N|N|N|N|N|N|N|N|N|N|N|N|N|N|N|N|N|N|N|" ESTADO_CONTRATO_TDC_CE="1" ESTADO_FINANCIERO_SOLIDARIO_CE="1" ESTADO_TDC_CE="1" ESTADO_TITULAR_TDC_CE="6" FECHA_CORTE_TDC_CE="2021-12-07" FECHA_INICIAL_TDC_CE="2010-01-26" FECHA_PAGO_TDC_CE="2021-11-04" IDENTIFICACION_TARJETAS="00860034594" MARCA_TDC_CE="13" MODALIDAD_CREDITO_FINANCIERO_SOLIDARIO_CE="2" MODO_EXTINCION_TDC_CE="19" NOMBRE_ENTIDAD_TDC_CE="CREDIFACIL     COLPATRIA" NUMERO_CUOTAS_MORA_TDC="0" NUMERO_OBLIGACION_TDC_CE="000000585" PARTICIPACION_DEUDA_TDC_CE="27" REESTRUCTURADO_TDC_CE="2" SALDO_TDC_CE="12647" SUCURSAL_TDC_CE="BOGOTA CARRERA DECIMA" TIPO_PAGO_TDC_CE="0" VALOR_CUOTA_TDC_CE="1400" VALOR_INICIAL_TDC_CE="12640" VALOR_MORA_ULTIMO_MES_TDC_CE="0"/>
<TARJETA_CREDITO AMPARADA_TDC_CE="T" CALIDAD_TDC_CE="T" CALIFICACION_TDC_CE="1" CIUDAD_TDC_CE="MEDELLIN" CLASE_TDC_CE="49" COMPORTAMIENTO_TDC_CE="I|I|I|I|I|I|I|I|I|I|I|I|I|I|I|I|I|I|I|I|I|I|N|N|" ESTADO_CONTRATO_TDC_CE="1" ESTADO_FINANCIERO_SOLIDARIO_CE="1" ESTADO_TDC_CE="1" ESTADO_TITULAR_TDC_CE="6" FECHA_INICIAL_TDC_CE="2021-10-16" IDENTIFICACION_TARJETAS="00860032330" MARCA_TDC_CE="13" MODALIDAD_CREDITO_FINANCIERO_SOLIDARIO_CE="2" MODO_EXTINCION_TDC_CE="19" NOMBRE_ENTIDAD_TDC_CE="TUYA S.A." NUMERO_CUOTAS_MORA_TDC="0" NUMERO_OBLIGACION_TDC_CE="537068074" PARTICIPACION_DEUDA_TDC_CE="15" REESTRUCTURADO_TDC_CE="2" SALDO_TDC_CE="7153" SUCURSAL_TDC_CE="MEDELLIN" TIPO_PAGO_TDC_CE="0" VALOR_CUOTA_TDC_CE="181" VALOR_INICIAL_TDC_CE="7153" VALOR_MORA_ULTIMO_MES_TDC_CE="0"/>
<TARJETA_CREDITO AMPARADA_TDC_CE="T" CALIDAD_TDC_CE="T" CALIFICACION_TDC_CE="6" CIUDAD_TDC_CE="BOGOTA  BO" CLASE_TDC_CE="13" COMPORTAMIENTO_TDC_CE="N|N|N|N|N|N|N|N|N|N|N|N|N|N|N|N|N|N|N|N|N|N|N|N|" ESTADO_CONTRATO_TDC_CE="2" ESTADO_FINANCIERO_SOLIDARIO_CE="15" ESTADO_TDC_CE="15" ESTADO_TITULAR_TDC_CE="6" FECHA_CORTE_TDC_CE="2020-09-16" FECHA_INICIAL_TDC_CE="2011-12-29" FECHA_PAGO_TDC_CE="2018-05-21" IDENTIFICACION_TARJETAS_EXTINGUIDAS="00860035827" IDENTIFICACION_TELEFONIA_EXTINGUIDAS="00860035827" MARCA_TDC_CE="2" MODALIDAD_CREDITO_FINANCIERO_SOLIDARIO_CE="2" MODO_EXTINCION_TDC_CE="16" NOMBRE_ENTIDAD_TDC_CE="BCO AVVILLAS   MASTER CARD" NUMERO_CUOTAS_MORA_TDC="0" NUMERO_OBLIGACION_TDC_CE="547141916" REESTRUCTURADO_TDC_CE="2" SALDO_TDC_CE="0" SUCURSAL_TDC_CE="QUIRIGUA" TIPO_PAGO_TDC_CE="1" VALOR_CUOTA_TDC_CE="0" VALOR_INICIAL_TDC_CE="1467" VALOR_MORA_ULTIMO_MES_TDC_CE="0"/>
<VARIABLES_CALCULADAS_CE CANT_CASTIGOS_ULT4A_TOTAL_BR="0" CANTIDAD_CONSULTAS_ULT12M_FINANCIERO_BR="3" CANTIDAD_CTAS_AHORRO_INACTIVAS_BR="0" CANTIDAD_ENTIDADES_TDC_BR="2" CANTIDAD_OBL_ABIERTAS_ULT12M_TOTAL_BR="2" CANTIDAD_OBL_SALDADAS_AL_DIA_CONSUMO_BR="1" CANTIDAD_OBLIGACIONES_TOTAL_CLIENTE_BR="34" CANTIDAD_PRODUCTOS_ABIERTOS_ULT12M_TOTAL_BR="2" CANTIDAD_TDC_MASTER_BR="0" CONTADOR_MORA_1_ULT12M_FINANCIERO_BR="1" CONTADOR_N_TOTAL_CLIENTE_ULT12M_BR="27" CUOTA_TOT_PROD_HIP_CE="0" CUOTA_TOT_PROD_INSTAL_CE="520000" CUOTA_TOT_PROD_OTROS_CE="0" CUOTA_TOT_PROD_ROTA_CE="1740000" CUOTA_TOT_PROD_TELCOS_CE="0" CUOTA_TOT_PROD_VEHI_CE="0" ESTIMADOR_INGRESOS_CE="3980" ESTIMADOR_INGRESOS_MAX_CE="5174" ESTIMADOR_INGRESOS_MIN_CE="2786" EXCL_ADVANCE="999" EXP_BAJO_MONTO_CE="false" EXP_OBL_ABIERTAS_CE="2" EXP_OBL_CERRADAS_CE="3" MESES_PRIMPROD_ABIERTO_CE="248" PEOR_CALIF_ACT_TOTAL_CE="B" SALDO_ACTUAL_OBL_AL_DIA_FINANCIERO_BR="13782000" SCORE_ADVANCE="515" SUM_SALDOS_AL_DIA_3_MESES_TOTAL_BR="13782000" TIEMPO_DESDE_LA_PRIMERA_CTAAHO_BR="0" TIEMPO_PRIMER_PDCTO_ABIERTO_CTAAHO_BR="248" TIEMPO_PRIMER_PRODUCTO_ABIERTO_FINANCIERO_BR="160" TIEMPO_PRIMER_PRODUCTO_ABIERTO_TOTAL_BR="229" TIEMPO_ULTIMA_TDC_FINANCIERO_BR="1" TIEMPO_ULTIMO_PRODUCTO_ABIERTO_FINANCIERO_BR="0" VALOR_INICIAL_TOTAL_FINANCIERO_BR="53344" VI_AFP_CE="NA" VI_EPS_CE="NA" VI_FECHACONSULTA_CE="01/07/2022 03:15:56 PM" VI_ID_EMP1_CE="0" VI_ID_EMP2_CE="0" VI_ID_EMP3_CE="0" VI_ID_EMP4_CE="0" VI_ID_EMP5_CE="0" VI_IDCONSULTA_CE="2022010715155673" VI_MEDIANA_INGRESO_CE="0" VI_PROM_ULT12M_CE="0" VI_PROM_ULT3M_CE="0" VI_RESPUESTA_CE="1" VI_SALARIO_INTEGRAL_EMP1_CE="false" VI_SALARIO_INTEGRAL_EMP2_CE="false" VI_SALARIO_INTEGRAL_EMP3_CE="0" VI_SALARIO_INTEGRAL_EMP4_CE="false" VI_SALARIO_INTEGRAL_EMP5_CE="false" VI_SALARIO_TOT_ULTMES_CE="0" VI_T_CONPAGO_ULT12M_CE="0" VI_T_SINPAGO_ULT12M_CE="0" VI_TIPO_COTIZANTE_EMP1_CE="0" VI_TIPO_COTIZANTE_EMP2_CE="0" VI_TIPO_COTIZANTE_EMP3_CE="0" VI_TIPO_COTIZANTE_EMP4_CE="0" VI_TIPO_COTIZANTE_EMP5_CE="0" VI_TIPOID_EMP1_CE="0" VI_TIPOID_EMP2_CE="0" VI_TIPOID_EMP3_CE="0" VI_TIPOID_EMP4_CE="0" VI_TIPOID_EMP5_CE="0" VI_ULT_PERIODO_COTIZADO_CE="000000"/>
</CENTRAL_EXTERNA>
</SOLICITANTE>
</CDA_ENTRADA>
<CreditRequest ProductCategory="Hipotecario" ProductCode="FlujoCredito"/>
</Application>
