<Application xmlns:xsi="http://www.w3.org/2001/XMLSchema-instance" ApplicationCrossReferenceId="" ApplicationDate="2001-01-01" DeliveryOptionCode="bancolombia" ProcessingRequestType="DA" ResubmissionFlag="false" StrategySelectionRandomNumber="0" Timestamp="2001-12-31T12:00:00" TransactionId="" xsi:noNamespaceSchemaLocation="COS.SMWDisplayValues.xsd">
<CDA_ENTRADA APROBACION="0" IDENTIFICADOR_LLAMADA="2" NUMERO_PARTICIPANTES="1" TIPO_PRODUCTO_SOLICITUD="2">
<SOLICITANTE NUMERO_DE_SOLICITUD="1723589" NUMERO_DEL_PARTICIPANTE="1" TIPO_DE_PARTICIPANTE="0" TIPO_PARTICIPANTE="1">
<CENTRAL_EXTERNA ESTADO_DOCUMENTO_CE="16" FECHA_CONSULTA_CE="2019-04-07" FECHA_EXPEDICION_CE="1989-10-31" HORA_CONSULTA_CE="2019-04-07T17:16:39" LUGAR_EXPEDICION_CE="CALI" NOMBRE_TITULAR_CE="ORTEGA VASQUEZ MARIA JUANA" NUMERO_DE_PARTICIPANTES="1" NUMERO_DEL_PARTICIPANTE="1" NUMERO_IDENTIFICACION="1109209187" NUMERO_IDENTIFICACION_CE="1109209187" RANGO_EDAD_CE2="55" RESPUESTA_CENTRAL_DATA="13" RESPUESTA_CONSULTA_CE="2" SCORE_DATACREDITO_CE="789.0" SEGMENTO_CLIENTE="01" SUBSEGMENTO_CLIENTE="05" TIPO_DOCUMENTO_CE="1">
<CALCULOS_CE ANTIGUEDAD_APERTURA_HISTORIA_CREDITICIA_SECTOR_FINANCIERO_CE="2013-08-20" CLIENTE_SIN_INFORMACION_DE_RIESGO_CE="0" CLIENTE_SIN_INFORMACION_FINANCIERA_CE="0" CUOTA_CREDITO_CONSUMO_COMO_PRINCIPAL_CE="422" CUPO_TARJETA_CREDITO_COMO_PRINCIPAL_CE="30174" INDICADOR_CARTERA_CASTIGADA_CE="0" MAYOR_PORCENTAJE_DE_UTILIZACION_CE_TDC="49.661508704061896" NUMERO_CONSULTAS_L6M_CE="2" NUMERO_CUENTAS_AHORRO_SALDADAS_CE="0" NUMERO_CUENTAS_AHORRO_VIGENTES_CE="3" NUMERO_OBLIGACIONES_SALDADAS_SECTOR_REAL_CE="2" NUMERO_OBLIGACIONES_TELEFONIA_SALDADAS="0" NUMERO_OBLIGACIONES_TELEFONIA_VIGENTES_AL_DIA="0" NUMERO_OBLIGACIONES_TELEFONIA_VIGENTES_MORA="0" NUMERO_OBLIGACIONES_VIGENTES_AL_DIA_CE="7" NUMERO_OBLIGACIONES_VIGENTES_AL_DIA_SECTOR_REAL_CE="0" NUMERO_OBLIGACIONES_VIGENTES_CON_SALDO_CE="4" NUMERO_OBLIGACIONES_VIGENTES_EN_MORA_CE="0" NUMERO_OBLIGACIONES_VIGENTES_EN_MORA_SECTOR_REAL_CE="0" NUMERO_OBLIGACIONES_VIGENTES_SIN_SALDO_CE="3" NUMERO_PRODUCTOS_ABIERTOS_UA_CE="6" NUMERO_PRODUCTOS_CARTERA_COMERCIAL_SALDADA_CE="1" NUMERO_PRODUCTOS_CARTERA_COMERCIAL_VIGENTE_CE="0" NUMERO_PRODUCTOS_CARTERA_CONSUMO_SALDADOS_CE="1" NUMERO_PRODUCTOS_CARTERA_CONSUMO_VIGENTES_CE="1" NUMERO_PRODUCTOS_COMPANIAS_FINANCIAMIENTO_COMERCIAL_CE="1" NUMERO_PRODUCTOS_RIESGO_SALDADOS_CE="5" NUMERO_PRODUCTOS_RIESGO_TOTALES_SECTOR_FINANCIERO_CE="9" NUMERO_PRODUCTOS_RIESGO_VIGENTES_CE="7" NUMERO_TARJETAS_CREDITO_COMO_PRINCIPAL_CE="6" PAGO_MENSUAL_TARJETA_CREDITO_COMO_PRINCIPAL_CE="399" SALDO_CREDITO_CONSUMO_COMO_PRINCIPAL_CE="8126185.0" SALDO_CREDITO_CONSUMO_SMMLV_COMO_PRINCIPAL_CE="9.812858343517092" UTILIZACION_PROMEDIO_CE_TDC="22.497751450676983" VALOR_INICIAL_CREDITO_CONSUMO_COMO_PRINCIPAL_CE="13815" VALOR_INICIAL_CREDITO_CONSUMO_SMMLV_COMO_PRINCIPAL_CE="0.016682445454502"/>
<CONSULTAS_CENTRALES ENTIDAD_CONSULTAS_CENTRALES="CONSULTAS LOTE" FECHA_CONSULTA_CONSULTAS_CENTRALES="2019-02-15"/>
<CONSULTAS_CENTRALES ENTIDAD_CONSULTAS_CENTRALES="BANCO DE       BOGOTA S. A." FECHA_CONSULTA_CONSULTAS_CENTRALES="2019-01-15"/>
<CONTADORES_CE CONTADOR_MORA_CONSOLIDADO_N_TOTAL_CLIENTE_UA_CE="2" CONTADOR_MORA_INDIVIDUAL_N_TOTAL_CLIENTE_UA_CE="49" CONTADOR_MORA_N_CONSOLIDADO_SECTOR_FINANCIERO_SOLIDARIO_UA="2" CONTADOR_MORA_N_CONSOLIDADO_TELEFONIA_CELULAR_UA_CE="12" CONTADOR_MORA_N_INDIVIDUAL_SECTOR_FINANCIERO_SOLIDARIO_UA_CE="14" CONTADOR_MORA_N_INDIVIDUAL_SECTOR_REAL_UA_CE="23" CONTADOR_MORA_N_INDIVIDUAL_TDC_UA_CE="12" CONTADOR_MORA_N_INDIVIDUAL_TELEFONIA_CELULAR_UA_CE="27"/>
<CUENTA_CORRIENTE_AHORROS CIUDAD_CTA_CTE_CE="CALI" ESTADO_CTA_CTE_AHORROS_CE="1" FECHA_CORTE_CUENTA_CE="2019-02-28" FECHA_INICIAL_CUENTA_CE="2018-06-05" NOMBRE_ENTIDAD_CTA_CTE_CE="BANCOLOMBIA" NUMERO_OBLIGACION_CTA_CTE_CE="094613633" SUCURSAL_CTA_CTE_CE="EL LIMONAR PREMIER" TIPO_CONTRATO_CTA_CTE_CE="1"/>
<CUENTA_CORRIENTE_AHORROS CIUDAD_CTA_CTE_CE="CALI" ESTADO_CTA_CTE_AHORROS_CE="5" FECHA_CORTE_CUENTA_CE="2015-02-28" FECHA_INICIAL_CUENTA_CE="2010-12-27" NOMBRE_ENTIDAD_CTA_CTE_CE="BANCOLOMBIA" NUMERO_OBLIGACION_CTA_CTE_CE="265318126" SUCURSAL_CTA_CTE_CE="PLAZA CAYCEDO" TIPO_CONTRATO_CTA_CTE_CE="1"/>
<CUENTA_CORRIENTE_AHORROS CIUDAD_CTA_CTE_CE="CALI" ESTADO_CTA_CTE_AHORROS_CE="3" FECHA_CORTE_CUENTA_CE="2019-02-28" FECHA_INICIAL_CUENTA_CE="2015-02-23" NOMBRE_ENTIDAD_CTA_CTE_CE="BCO AVVILLAS" NUMERO_OBLIGACION_CTA_CTE_CE="135819287" SUCURSAL_CTA_CTE_CE="CHIPICHAPE" TIPO_CONTRATO_CTA_CTE_CE="2"/>
<CUENTA_CORRIENTE_AHORROS CIUDAD_CTA_CTE_CE="CALI" ESTADO_CTA_CTE_AHORROS_CE="1" FECHA_CORTE_CUENTA_CE="2019-02-28" FECHA_INICIAL_CUENTA_CE="2019-02-06" NOMBRE_ENTIDAD_CTA_CTE_CE="BCO DE BOGOTA" NUMERO_OBLIGACION_CTA_CTE_CE="018062503" SUCURSAL_CTA_CTE_CE="0180 CALI" TIPO_CONTRATO_CTA_CTE_CE="0"/>
<CUENTA_CORRIENTE_AHORROS CIUDAD_CTA_CTE_CE="CALI" ESTADO_CTA_CTE_AHORROS_CE="1" FECHA_CORTE_CUENTA_CE="2019-02-28" FECHA_INICIAL_CUENTA_CE="2019-02-06" NOMBRE_ENTIDAD_CTA_CTE_CE="BCO DE BOGOTA" NUMERO_OBLIGACION_CTA_CTE_CE="180625089" SUCURSAL_CTA_CTE_CE="0180 CALI" TIPO_CONTRATO_CTA_CTE_CE="0"/>
<ENDEUDAMIENTO_GLOBAL FECHA_T1_CE="2018-06-30" FECHA_T2_CE="2018-06-30" FECHA_T3_CE="2018-06-30" NOMBRE_ENTIDAD_ENDEUDAMIENTO_GLOBAL_CE="GIROS Y FINANZAS - CFC       0" TIPO_MONEDA_CE="ML" VALOR_DEUDA_COMERCIAL_CE="422000"/>
<SECTOR_FINANCIERO_SOLIDARIO CALIDAD_FINANCIERO_SOLIDARIO_CE="T" CALIFICACION_FINANCIERO_SOLIDARIO_CE="2" CIUDAD_FINANCIERO_SOLIDARIO_CE="CALI  VALL" COMPORTAMIENTO_SECTOR_FINANCIERO_SOLIDARIO_CE="N|N|N|N|N|N|N|N|N|N|N|N|N|N|N|N|N|N|N|N|N|N|N|N|" CUOTAS_CANCELADAS_FINANCIERO_SOLIDARIO_CE="35" CUOTAS_PACTADAS_CE="60" ESTADO_CONTRATO_FINANCIERO_SOLIDARIO_CE="1" ESTADO_FINANCIERO_SOLIDARIO_CE="1" ESTADO_TITULAR_FINANCIERO_SOLIDARIO_CE="6" FECHA_INICIAL_FINANCIERO_SOLIDARIO_CE="2016-03-29" FECHA_PAGO_FINANCIERO_SOLIDARIO_CE="1999-11-30" LINEA_CREDITO_FINANCIERO_SOLIDARIO_CE="155" MODALIDAD_CREDITO_FINANCIERO_SOLIDARIO_CE="2" MODO_EXTINCION_FINANCIERO_SOLIDARIO_CE="19" NOMBRE_ENTIDAD_FINANCIERO_SOLIDARIO_CE="BCO AVVILLAS   CONSUMO" NUMERO_DE_CUOTAS_EN_MORA_SECTOR_FINANCIERO_SOLIDARIO_CE="0" NUMERO_OBLIGACION_FINANCIERO_SOLIDARIO_CE="2081380KV" PERIODICIDAD_FINANCIERO_SOLIDARIO_CE="8" PROBABILIDAD_NO_PAGO_FINANCIERO_SOLIDARIO_CE="75.0" REESTRUCTURADO_FINANCIERO_SOLIDARIO_CE="2" SALDO_OBLIGACION_FINANCIERO_SOLIDARIO_CE="8119000.0" SUCURSAL_FINANCIERO_SOLIDARIO_CE="PLAZA CAICEDO" TIPO_GARANTIA_FINANCIERO_SOLIDARIO_CE="2" TIPO_MONEDA_FINANCIERO_SOLIDARIO_CE="1" VALOR_CUOTA_FINANCIERO_SOLIDARIO_CE="422" VALOR_INICIAL_FINANCIERO_SOLIDARIO_CE="13815" VALOR_MORA_FINANCIERO_SOLIDARIO_CE="0"/>
<SECTOR_FINANCIERO_SOLIDARIO CALIDAD_FINANCIERO_SOLIDARIO_CE="C" COMPORTAMIENTO_SECTOR_FINANCIERO_SOLIDARIO_CE="N|N|N|N|N|N|N|N|N|N|N|N|N|N|N|N|N|N|N|N|N|N|N|N|" ESTADO_FINANCIERO_SOLIDARIO_CE="5" ESTADO_TITULAR_FINANCIERO_SOLIDARIO_CE="6" FECHA_INICIAL_FINANCIERO_SOLIDARIO_CE="2009-09-04" MODALIDAD_CREDITO_FINANCIERO_SOLIDARIO_CE="4" MODO_EXTINCION_FINANCIERO_SOLIDARIO_CE="16" NOMBRE_ENTIDAD_FINANCIERO_SOLIDARIO_CE="BCO PROCREDIT" NUMERO_OBLIGACION_FINANCIERO_SOLIDARIO_CE="056000242" PROBABILIDAD_NO_PAGO_FINANCIERO_SOLIDARIO_CE="0.0" REESTRUCTURADO_FINANCIERO_SOLIDARIO_CE="0" SUCURSAL_FINANCIERO_SOLIDARIO_CE="NO INFORMO" TIPO_GARANTIA_FINANCIERO_SOLIDARIO_CE="2"/>
<SECTOR_FINANCIERO_SOLIDARIO CALIDAD_FINANCIERO_SOLIDARIO_CE="T" CALIFICACION_FINANCIERO_SOLIDARIO_CE="1" CIUDAD_FINANCIERO_SOLIDARIO_CE="CALI" COMPORTAMIENTO_SECTOR_FINANCIERO_SOLIDARIO_CE="I|I|I|I|I|I|I|I|I|I|I|I|I|I|I|I|I|I|I|I|I|I|N|N|" CUOTAS_CANCELADAS_FINANCIERO_SOLIDARIO_CE="4" CUOTAS_PACTADAS_CE="4" ESTADO_FINANCIERO_SOLIDARIO_CE="5" ESTADO_TITULAR_FINANCIERO_SOLIDARIO_CE="6" FECHA_CORTE_FINANCIERO_SOLIDARIO_CE="2018-10-27" FECHA_INICIAL_FINANCIERO_SOLIDARIO_CE="2018-10-27" FECHA_PAGO_FINANCIERO_SOLIDARIO_CE="2018-11-09" MODALIDAD_CREDITO_FINANCIERO_SOLIDARIO_CE="1" MODO_EXTINCION_FINANCIERO_SOLIDARIO_CE="16" NOMBRE_ENTIDAD_FINANCIERO_SOLIDARIO_CE="SISTECREDITO" NUMERO_DE_CUOTAS_EN_MORA_SECTOR_FINANCIERO_SOLIDARIO_CE="0" NUMERO_OBLIGACION_FINANCIERO_SOLIDARIO_CE="09-001111" PERIODICIDAD_FINANCIERO_SOLIDARIO_CE="11" PROBABILIDAD_NO_PAGO_FINANCIERO_SOLIDARIO_CE="0.0" REESTRUCTURADO_FINANCIERO_SOLIDARIO_CE="0" SALDO_OBLIGACION_FINANCIERO_SOLIDARIO_CE="0" SUCURSAL_FINANCIERO_SOLIDARIO_CE="AKA CENTRO CALI" TIPO_GARANTIA_FINANCIERO_SOLIDARIO_CE="1" TIPO_MONEDA_FINANCIERO_SOLIDARIO_CE="1" VALOR_CUOTA_FINANCIERO_SOLIDARIO_CE="0" VALOR_INICIAL_FINANCIERO_SOLIDARIO_CE="316" VALOR_MORA_FINANCIERO_SOLIDARIO_CE="0"/>
<SECTOR_FINANCIERO_SOLIDARIO REESTRUCTURADO_FINANCIERO_SOLIDARIO_CE="-1"/>
<SECTOR_REAL CALIDAD_SECTOR_REAL_CE="T" CLAUSULA_PERMANENCIA_SECTOR_REAL_CE="0" COMPORTAMIENTO_SECTOR_REAL_CE="I|I|I|I|I|I|I|I|I|I|I|N|N|N|N|N|N|N|N|I|N|N|N|N|" ESTADO_CONTRATO_SECTOR_REAL_CE="08" ESTADO_SECTOR_REAL_CE="6" ESTADO_TITULAR_SECTOR_REAL_CE="6" FECHA_INICIAL_SECTOR_REAL_CE="1999-02-01" MODO_EXTINCION_SECTOR_REAL_CE="19" NOMBRE_ENTIDAD_SECTOR_REAL_CE="LAGOBO S.A     OPORTUNIDADES" NUMERO_OBLIGACION_SECTOR_REAL_CE="560005300" SUCURSAL_SECTOR_REAL_CE="NO INFORMO" VIGENCIA_SECTOR_REAL_CE="0"/>
<SECTOR_REAL CALIDAD_SECTOR_REAL_CE="T" CLAUSULA_PERMANENCIA_SECTOR_REAL_CE="0" COMPORTAMIENTO_SECTOR_REAL_CE="I|I|I|I|I|I|I|I|I|I|N|N|N|N|N|N|N|N|N|N|N|N|N|N|" ESTADO_CONTRATO_SECTOR_REAL_CE="08" ESTADO_SECTOR_REAL_CE="6" ESTADO_TITULAR_SECTOR_REAL_CE="6" FECHA_INICIAL_SECTOR_REAL_CE="1999-02-01" MODO_EXTINCION_SECTOR_REAL_CE="19" NOMBRE_ENTIDAD_SECTOR_REAL_CE="LAGOBO S.A     OPORTUNIDADES" NUMERO_OBLIGACION_SECTOR_REAL_CE="560005400" SUCURSAL_SECTOR_REAL_CE="NO INFORMO" VIGENCIA_SECTOR_REAL_CE="0"/>
<TARJETA_CREDITO AMPARADA_TDC_CE="T" CALIDAD_TDC_CE="false" CIUDAD_TDC_CE="CALI  VALL" CLASE_TDC_CE="13" COMPORTAMIENTO_TDC_CE="N|N|N|N|N|N|N|N|N|N|N|N|N|N|N|N|N|N|N|N|N|N|N|N|" ESTADO_CONTRATO_TDC_CE="1" ESTADO_FINANCIERO_SOLIDARIO_CE="1" ESTADO_TDC_CE="1" ESTADO_TITULAR_TDC_CE="6" FECHA_CORTE_TDC_CE="2019-03-18" FECHA_INICIAL_TDC_CE="2016-03-29" FECHA_PAGO_TDC_CE="1999-11-30" MARCA_TDC_CE="2" MODALIDAD_CREDITO_FINANCIERO_SOLIDARIO_CE="2" MODO_EXTINCION_TDC_CE="19" NOMBRE_ENTIDAD_TDC_CE="BCO AVVILLAS   MASTER CARD" NUMERO_CUOTAS_MORA_TDC="0" NUMERO_OBLIGACION_TDC_CE="6441169TC" SALDO_TDC_CE="1027" SUCURSAL_TDC_CE="PLAZA CAICEDO" VALOR_CUOTA_TDC_CE="79" VALOR_INICIAL_TDC_CE="2068" VALOR_MORA_ULTIMO_MES_TDC_CE="0"/>
<TARJETA_CREDITO AMPARADA_TDC_CE="T" CALIDAD_TDC_CE="false" CIUDAD_TDC_CE="BOGOTA DC" CLASE_TDC_CE="51" COMPORTAMIENTO_TDC_CE="I|I|I|I|I|I|I|I|I|I|I|I|I|I|I|I|I|I|I|I|I|I|I|N|" ESTADO_CONTRATO_TDC_CE="1" ESTADO_FINANCIERO_SOLIDARIO_CE="1" ESTADO_TDC_CE="1" ESTADO_TITULAR_TDC_CE="6" FECHA_CORTE_TDC_CE="2019-02-28" FECHA_INICIAL_TDC_CE="2019-01-29" FECHA_PAGO_TDC_CE="1999-11-30" MARCA_TDC_CE="1" MODALIDAD_CREDITO_FINANCIERO_SOLIDARIO_CE="2" MODO_EXTINCION_TDC_CE="19" NOMBRE_ENTIDAD_TDC_CE="BCO DE BOGOTA" NUMERO_CUOTAS_MORA_TDC="0" NUMERO_OBLIGACION_TDC_CE="195063899" SALDO_TDC_CE="0" SUCURSAL_TDC_CE="0180-CALI CENTRO" VALOR_CUOTA_TDC_CE="0" VALOR_INICIAL_TDC_CE="10000" VALOR_MORA_ULTIMO_MES_TDC_CE="0"/>
<TARJETA_CREDITO AMPARADA_TDC_CE="T" CALIDAD_TDC_CE="false" CIUDAD_TDC_CE="BOGOTA DC" CLASE_TDC_CE="51" COMPORTAMIENTO_TDC_CE="I|I|I|I|I|I|I|I|I|I|I|I|I|I|I|I|I|I|I|I|I|I|I|N|" ESTADO_CONTRATO_TDC_CE="1" ESTADO_FINANCIERO_SOLIDARIO_CE="1" ESTADO_TDC_CE="1" ESTADO_TITULAR_TDC_CE="6" FECHA_CORTE_TDC_CE="2019-03-15" FECHA_INICIAL_TDC_CE="2019-01-29" FECHA_PAGO_TDC_CE="1999-11-30" MARCA_TDC_CE="1" MODALIDAD_CREDITO_FINANCIERO_SOLIDARIO_CE="2" MODO_EXTINCION_TDC_CE="19" NOMBRE_ENTIDAD_TDC_CE="BCO DE BOGOTA" NUMERO_CUOTAS_MORA_TDC="0" NUMERO_OBLIGACION_TDC_CE="221575979" SALDO_TDC_CE="4575" SUCURSAL_TDC_CE="0180-CALI CENTRO" VALOR_CUOTA_TDC_CE="200" VALOR_INICIAL_TDC_CE="10000" VALOR_MORA_ULTIMO_MES_TDC_CE="0"/>
<TARJETA_CREDITO AMPARADA_TDC_CE="T" CALIDAD_TDC_CE="false" CIUDAD_TDC_CE="BOGOTA DC" CLASE_TDC_CE="13" COMPORTAMIENTO_TDC_CE="I|I|I|I|I|I|I|I|I|I|I|I|I|I|I|I|I|I|I|I|I|I|I|N|" ESTADO_CONTRATO_TDC_CE="1" ESTADO_FINANCIERO_SOLIDARIO_CE="1" ESTADO_TDC_CE="1" ESTADO_TITULAR_TDC_CE="6" FECHA_CORTE_TDC_CE="2019-02-28" FECHA_INICIAL_TDC_CE="2019-01-29" FECHA_PAGO_TDC_CE="1999-11-30" MARCA_TDC_CE="2" MODALIDAD_CREDITO_FINANCIERO_SOLIDARIO_CE="2" MODO_EXTINCION_TDC_CE="19" NOMBRE_ENTIDAD_TDC_CE="BCO DE BOGOTA" NUMERO_CUOTAS_MORA_TDC="0" NUMERO_OBLIGACION_TDC_CE="642034328" SALDO_TDC_CE="0" SUCURSAL_TDC_CE="0180-CALI CENTRO" VALOR_CUOTA_TDC_CE="0" VALOR_INICIAL_TDC_CE="3000" VALOR_MORA_ULTIMO_MES_TDC_CE="0"/>
<TARJETA_CREDITO AMPARADA_TDC_CE="T" CALIDAD_TDC_CE="false" CIUDAD_TDC_CE="CALI-COLOMBIA" CLASE_TDC_CE="49" COMPORTAMIENTO_TDC_CE="N|N|N|N|N|N|N|N|N|N|N|N|N|N|N|N|N|N|N|N|N|N|N|N|" ESTADO_CONTRATO_TDC_CE="1" ESTADO_FINANCIERO_SOLIDARIO_CE="1" ESTADO_TDC_CE="1" ESTADO_TITULAR_TDC_CE="6" FECHA_CORTE_TDC_CE="2019-03-18" FECHA_INICIAL_TDC_CE="2014-08-12" FECHA_PAGO_TDC_CE="2018-08-07" MARCA_TDC_CE="13" MODALIDAD_CREDITO_FINANCIERO_SOLIDARIO_CE="2" MODO_EXTINCION_TDC_CE="19" NOMBRE_ENTIDAD_TDC_CE="GIROS &amp;        FINANZAS" NUMERO_CUOTAS_MORA_TDC="0" NUMERO_OBLIGACION_TDC_CE="740504174" SALDO_TDC_CE="0" SUCURSAL_TDC_CE="G.Y F.-CALIMA LA 14 *2" VALOR_CUOTA_TDC_CE="0" VALOR_INICIAL_TDC_CE="1106" VALOR_MORA_ULTIMO_MES_TDC_CE="0"/>
<TARJETA_CREDITO AMPARADA_TDC_CE="T" CALIDAD_TDC_CE="false" CIUDAD_TDC_CE="CALI" CLASE_TDC_CE="32" COMPORTAMIENTO_TDC_CE="I|I|I|I|I|I|I|I|I|I|I|I|I|I|I|I|I|I|N|N|N|N|N|N|" ESTADO_CONTRATO_TDC_CE="1" ESTADO_FINANCIERO_SOLIDARIO_CE="1" ESTADO_TDC_CE="1" ESTADO_TITULAR_TDC_CE="6" FECHA_INICIAL_TDC_CE="2018-08-05" FECHA_PAGO_TDC_CE="2019-02-09" MARCA_TDC_CE="2" MODALIDAD_CREDITO_FINANCIERO_SOLIDARIO_CE="2" MODO_EXTINCION_TDC_CE="19" NOMBRE_ENTIDAD_TDC_CE="TUYA S.A." NUMERO_CUOTAS_MORA_TDC="0" NUMERO_OBLIGACION_TDC_CE="554202587" SALDO_TDC_CE="1583" SUCURSAL_TDC_CE="CALI" VALOR_CUOTA_TDC_CE="120" VALOR_INICIAL_TDC_CE="4000" VALOR_MORA_ULTIMO_MES_TDC_CE="0"/>
<TARJETA_CREDITO AMPARADA_TDC_CE="T" CIUDAD_TDC_CE="CALI" CLASE_TDC_CE="49" COMPORTAMIENTO_TDC_CE="I|I|I|I|I|I|I|I|I|I|N|N|N|N|N|N|N|N|N|N|N|N|N|N|" ESTADO_CONTRATO_TDC_CE="2" ESTADO_FINANCIERO_SOLIDARIO_CE="15" ESTADO_TDC_CE="15" ESTADO_TITULAR_TDC_CE="6" FECHA_CORTE_TDC_CE="2014-10-10" FECHA_INICIAL_TDC_CE="2013-08-20" FECHA_PAGO_TDC_CE="2014-09-17" MARCA_TDC_CE="13" MODALIDAD_CREDITO_FINANCIERO_SOLIDARIO_CE="2" MODO_EXTINCION_TDC_CE="16" NOMBRE_ENTIDAD_TDC_CE="CREDIVALORES   CREDIUNO" NUMERO_CUOTAS_MORA_TDC="0" NUMERO_OBLIGACION_TDC_CE="001701829" SALDO_TDC_CE="0" SUCURSAL_TDC_CE="EXITO SIMON BOLIVAR" VALOR_CUOTA_TDC_CE="0" VALOR_INICIAL_TDC_CE="2800" VALOR_MORA_ULTIMO_MES_TDC_CE="0"/>
<TELEFONIA_CELULAR CALIDAD_TELEFONIA_CELULAR_CE="T" CLAUSULA_PERMANENCIA_TELEFONIA_CELULAR_CE="0" COMPORTAMIENTO_TELEFONIA_CELULAR_CE="I|I|I|I|I|N|N|N|I|I|N|I|I|I|N|N|I|I|I|I|I|I|I|N|" ESTADO_CONTRATO_TELEFONIA_CELULAR_CE="2" ESTADO_TELEFONIA_CELULAR_CE="08" ESTADO_TITULAR_TELEFONIA_CELULAR_CE="6" FECHA_INICIAL_TELEFONIA_CELULAR_CE="2006-07-01" MODO_EXTINCION_TELEFONIA_CELULAR_CE="16" NOMBRE_ENTIDAD_TELEFONIA_CELULAR_CE="MOVISTAR       SERVICIO MOVIL" NUMERO_OBLIGACION_TELEFONIA_CELULAR_CE="092133403" SUCURSAL_TELEFONIA_CELULAR_CE="NO INFORMO" VIGENCIA_TELEFONIA_CELULAR_CE="0"/>
<TELEFONIA_CELULAR CALIDAD_TELEFONIA_CELULAR_CE="T" CLAUSULA_PERMANENCIA_TELEFONIA_CELULAR_CE="0" COMPORTAMIENTO_TELEFONIA_CELULAR_CE="N|N|N|N|N|N|N|N|N|N|N|N|N|N|N|N|N|N|N|N|N|N|N|N|" CUOTAS_CANCELADAS_TELEFONIA_CELULAR_CE="-1" CUOTAS_EN_MORA_TELEFONIA_CELULAR_CE="0" CUOTAS_PACTADAS_TELEFONIA_CELULAR_CE="-1" ESTADO_CONTRATO_TELEFONIA_CELULAR_CE="1" ESTADO_TELEFONIA_CELULAR_CE="01" ESTADO_TITULAR_TELEFONIA_CELULAR_CE="6" FECHA_INICIAL_TELEFONIA_CELULAR_CE="2016-12-24" FECHA_PAGO_TELEFONIA_CELULAR_CE="1999-11-30" LINEA_CREDITO_TELEFONIA_CELULAR_CE="01" MODO_EXTINCION_TELEFONIA_CELULAR_CE="19" NOMBRE_ENTIDAD_TELEFONIA_CELULAR_CE="COMCEL S.A.    MOVIL" NUMERO_OBLIGACION_TELEFONIA_CELULAR_CE=".13726170" PERIODICIDAD_TELEFONIA_CELULAR_CE="9" SALDO_TELEFONIA_CELULAR_CE="0" VALOR_CUOTA_PAGO_MINIMO_TELEFONIA_CELULAR_CE="0" VALOR_INICIAL_TELEFONIA_CELULAR_CE="0" VALOR_MORA_ULTIMO_MES_TELEFONIA_CELULAR_CE="0" VIGENCIA_TELEFONIA_CELULAR_CE="1"/>
<TELEFONIA_CELULAR CALIDAD_TELEFONIA_CELULAR_CE="T" CLAUSULA_PERMANENCIA_TELEFONIA_CELULAR_CE="0" COMPORTAMIENTO_TELEFONIA_CELULAR_CE="N|N|N|N|N|N|N|N|N|N|N|N|N|N|N|N|N|N|N|N|N|N|N|N|" CUOTAS_CANCELADAS_TELEFONIA_CELULAR_CE="-1" CUOTAS_EN_MORA_TELEFONIA_CELULAR_CE="0" CUOTAS_PACTADAS_TELEFONIA_CELULAR_CE="-1" ESTADO_CONTRATO_TELEFONIA_CELULAR_CE="1" ESTADO_TELEFONIA_CELULAR_CE="01" ESTADO_TITULAR_TELEFONIA_CELULAR_CE="6" FECHA_INICIAL_TELEFONIA_CELULAR_CE="2016-12-24" FECHA_PAGO_TELEFONIA_CELULAR_CE="1999-11-30" LINEA_CREDITO_TELEFONIA_CELULAR_CE="01" MODO_EXTINCION_TELEFONIA_CELULAR_CE="19" NOMBRE_ENTIDAD_TELEFONIA_CELULAR_CE="COMCEL S.A.    MOVIL" NUMERO_OBLIGACION_TELEFONIA_CELULAR_CE=".13726171" PERIODICIDAD_TELEFONIA_CELULAR_CE="9" SALDO_TELEFONIA_CELULAR_CE="0" VALOR_CUOTA_PAGO_MINIMO_TELEFONIA_CELULAR_CE="0" VALOR_INICIAL_TELEFONIA_CELULAR_CE="0" VALOR_MORA_ULTIMO_MES_TELEFONIA_CELULAR_CE="0" VIGENCIA_TELEFONIA_CELULAR_CE="1"/>
<TELEFONIA_CELULAR CALIDAD_TELEFONIA_CELULAR_CE="00" CLAUSULA_PERMANENCIA_TELEFONIA_CELULAR_CE="0" COMPORTAMIENTO_TELEFONIA_CELULAR_CE="-|-|-|-|-|N|N|N|-|-|N|-|-|-|N|N|-|-|-|-|-|-|-|N|" ESTADO_CONTRATO_TELEFONIA_CELULAR_CE="2" ESTADO_TELEFONIA_CELULAR_CE="6" ESTADO_TITULAR_TELEFONIA_CELULAR_CE="6" FECHA_INICIAL_TELEFONIA_CELULAR_CE="2006-07-01" MODO_EXTINCION_TELEFONIA_CELULAR_CE="16" NOMBRE_ENTIDAD_TELEFONIA_CELULAR_CE="MOVISTAR       SERVICIO MOVIL" NUMERO_OBLIGACION_TELEFONIA_CELULAR_CE="092133403" SUCURSAL_TELEFONIA_CELULAR_CE="NO INFORMO"/>
<VARIABLES_CALCULADAS_CE CANT_CASTIGOS_ULT4A_TOTAL_BR="2" CANTIDAD_CONSULTAS_ULT12M_FINANCIERO_BR="2" CANTIDAD_CTAS_AHORRO_INACTIVAS_BR="0" CANTIDAD_ENTIDADES_TDC_BR="4" CANTIDAD_OBL_ABIERTAS_ULT12M_TOTAL_BR="5" CANTIDAD_OBL_SALDADAS_AL_DIA_CONSUMO_BR="0" CANTIDAD_PRODUCTOS_ABIERTOS_ULT12M_TOTAL_BR="5" CANTIDAD_TDC_MASTER_BR="1" CONTADOR_MORA_1_ULT12M_FINANCIERO_BR="1" CONTADOR_MORA_2_ULT12M_TOTAL_BR="1" CONTADOR_N_TOTAL_CLIENTE_ULT12M_BR="69" ESTIMADOR_INGRESOS_CE="2948" ESTIMADOR_INGRESOS_MAX_CE="3832" ESTIMADOR_INGRESOS_MIN_CE="2063" PEOR_CALIF_ACT_TOTAL_CE="A" SALDO_ACTUAL_OBL_AL_DIA_FINANCIERO_BR="1" SUM_SALDOS_AL_DIA_3_MESES_TOTAL_BR="11558000" TIEMPO_DESDE_LA_PRIMERA_CTAAHO_BR="0" TIEMPO_PRIMER_PDCTO_ABIERTO_CTAAHO_BR="98" TIEMPO_PRIMER_PRODUCTO_ABIERTO_TOTAL_BR="240" TIEMPO_ULTIMA_TDC_FINANCIERO_BR="1" TIEMPO_ULTIMO_PRODUCTO_ABIERTO_FINANCIERO_BR="1"/>
</CENTRAL_EXTERNA>
</SOLICITANTE>
</CDA_ENTRADA>
<CreditRequest ProductCategory="Hipotecario" ProductCode="FlujoCredito"/>
</Application>




