<Application xmlns:xsi="http://www.w3.org/2001/XMLSchema-instance" ApplicationCrossReferenceId="" ApplicationDate="2001-01-01" DeliveryOptionCode="bancolombia" ProcessingRequestType="DA" ResubmissionFlag="false" StrategySelectionRandomNumber="0" Timestamp="2001-12-31T12:00:00" TransactionId="" xsi:noNamespaceSchemaLocation="COS.SMWDisplayValues.xsd">
	<CDA_ENTRADA APROBACION="0" IDENTIFICADOR_LLAMADA="2" NUMERO_PARTICIPANTES="1" TIPO_PRODUCTO_SOLICITUD="2">
		<SOLICITANTE NUMERO_DE_SOLICITUD="5116068" NUMERO_DEL_PARTICIPANTE="1" TIPO_DE_PARTICIPANTE="0" TIPO_PARTICIPANTE="1">
			<CENTRAL_EXTERNA ESTADO_DOCUMENTO_CE="16" FECHA_CONSULTA_CE="2020-08-31" FECHA_EXPEDICION_CE="2012-09-21" HORA_CONSULTA_CE="2020-08-31T13:47:07" LUGAR_EXPEDICION_CE="MEDELLIN" NOMBRE_TITULAR_CE="VALENCIA BOTERO MANUELA" NUMERO_DE_PARTICIPANTES="1" NUMERO_DEL_PARTICIPANTE="1" NUMERO_IDENTIFICACION="301019" NUMERO_IDENTIFICACION_CE="301019" RANGO_EDAD_CE2="28" RESPUESTA_CENTRAL_DATA="13" RESPUESTA_CONSULTA_CE="2" SCORE_ACIERTA_TDC="898.0" SCORE_ACIERTAAFINAN_CE="891.0" SCORE_DATACREDITO_CE="931" SEGMENTO_CLIENTE="01" SUBSEGMENTO_CLIENTE="05" TIPO_DOCUMENTO_CE="1">
				<CALCULOS_CE ANTIGUEDAD_APERTURA_HISTORIA_CREDITICIA_SECTOR_FINANCIERO_CE="2016-12-13" CLIENTE_SIN_INFORMACION_DE_RIESGO_CE="0" CLIENTE_SIN_INFORMACION_FINANCIERA_CE="0" CUPO_TARJETA_CREDITO_COMO_PRINCIPAL_CE="500" INDICADOR_CARTERA_CASTIGADA_CE="0" MAYOR_PORCENTAJE_DE_UTILIZACION_CE_TDC="5.600000000000000" NUMERO_CONSULTAS_L6M_CE="1" NUMERO_OBLIGACIONES_VIGENTES_AL_DIA_CE="1" NUMERO_OBLIGACIONES_VIGENTES_CON_SALDO_CE="1" NUMERO_OBLIGACIONES_VIGENTES_EN_MORA_CE="0" NUMERO_OBLIGACIONES_VIGENTES_SIN_SALDO_CE="0" NUMERO_PRODUCTOS_ABIERTOS_UA_CE="0" NUMERO_PRODUCTOS_CARTERA_CONSUMO_SALDADOS_CE="0" NUMERO_PRODUCTOS_CARTERA_CONSUMO_VIGENTES_CE="0" NUMERO_PRODUCTOS_COMPANIAS_FINANCIAMIENTO_COMERCIAL_CE="0" NUMERO_PRODUCTOS_RIESGO_TOTALES_SECTOR_FINANCIERO_CE="1" NUMERO_PRODUCTOS_RIESGO_VIGENTES_CE="1" NUMERO_TARJETAS_CREDITO_COMO_PRINCIPAL_CE="1" PAGO_MENSUAL_TARJETA_CREDITO_COMO_PRINCIPAL_CE="28" SALDO_CREDITO_CONSUMO_COMO_PRINCIPAL_CE="28" SALDO_CREDITO_CONSUMO_SMMLV_COMO_PRINCIPAL_CE="0.000031897817620" UTILIZACION_PROMEDIO_CE_TDC="5.600000000000000" />
				<CONSULTAS_CENTRALES ENTIDAD_CONSULTAS_CENTRALES="CONSULTAS LOTE" FECHA_CONSULTA_CONSULTAS_CENTRALES="2020-08-16" />
				<CONTADORES_CE CONTADOR_MORA_CONSOLIDADO_N_TOTAL_CLIENTE_UA_CE="12" CONTADOR_MORA_INDIVIDUAL_N_TOTAL_CLIENTE_UA_CE="12" CONTADOR_MORA_N_CONSOLIDADO_TDC_UA_CE="12" CONTADOR_MORA_N_INDIVIDUAL_TDC_UA_CE="12" />
				<CUENTA_CORRIENTE_AHORROS CIUDAD_CTA_CTE_CE="MEDELLIN" ESTADO_CTA_CTE_AHORROS_CE="1" FECHA_CORTE_CUENTA_CE="2020-07-31" FECHA_INICIAL_CUENTA_CE="2014-02-25" NOMBRE_ENTIDAD_CTA_CTE_CE="BANCOLOMBIA" NUMERO_OBLIGACION_CTA_CTE_CE="422074987" SUCURSAL_CTA_CTE_CE="OVIEDO CENTRO COMERCIAL" TIPO_CONTRATO_CTA_CTE_CE="0" />
				<ENDEUDAMIENTO_GLOBAL FECHA_T1_CE="2020-06-30" FECHA_T2_CE="2020-06-30" FECHA_T3_CE="2020-06-30" NOMBRE_ENTIDAD_ENDEUDAMIENTO_GLOBAL_CE="DAVIVIENDA - BC              0" TIPO_MONEDA_CE="ML" VALOR_DEUDA_COMERCIAL_CE="262000" />
				<RESUMEN_NO_PRINCIPAL CANTIDAD_OBLIGACIONES_EN_MORA_CE="0" CUOTA_OBLIGACIONES_AL_DIA_CE="0" CUOTA_OBLIGACIONES_EN_MORA="0" NUMERO_DE_OBLIGACIONES_AL_DIA_CE="0" NUMERO_DE_OBLIGACIONES_CE="0" PARTICIPACION_DEUDA_CE="0" SALDO_OBLIGACIONES_AL_DIA_CE="0" SALDO_OBLIGACIONES_EN_MORA_CE="0" TOTAL_SALDO_CE="0" VALOR_MORA_CE="0" />
				<RESUMEN_PRINCIPAL CANTIDAD_OBLIGACIONES_EN_MORA_CE="0" CUOTA_OBLIGACIONES_AL_DIA_CE="451" CUOTA_OBLIGACIONES_EN_MORA="0" NUMERO_DE_OBLIGACIONES_AL_DIA_CE="2" NUMERO_DE_OBLIGACIONES_CE="7" PARTICIPACION_DEUDA_CE="0" SALDO_OBLIGACIONES_AL_DIA_CE="1338" SALDO_OBLIGACIONES_EN_MORA_CE="0" TOTAL_SALDO_CE="1338" VALOR_MORA_CE="0" />
				<RESUMEN_REGISTRO_TOTAL CANTIDAD_OBLIGACIONES_EN_MORA_CE="0" CUOTA_OBLIGACIONES_AL_DIA_CE="451" CUOTA_OBLIGACIONES_EN_MORA="0" NUMERO_DE_OBLIGACIONES_AL_DIA_CE="2" NUMERO_DE_OBLIGACIONES_CE="7" PARTICIPACION_DEUDA_CE="0" SALDO_OBLIGACIONES_AL_DIA_CE="1338" SALDO_OBLIGACIONES_EN_MORA_CE="0" TOTAL_SALDO_CE="1338" VALOR_MORA_CE="0" />
				<TARJETA_CREDITO AMPARADA_TDC_CE="T" CALIDAD_TDC_CE="T" CALIFICACION_TDC_CE="1" CIUDAD_TDC_CE="MEDELLIN" CLASE_TDC_CE="13" COMPORTAMIENTO_TDC_CE="N|N|N|N|N|N|N|N|N|N|N|N|N|N|N|N|N|N|N|N|N|N|N|N|" ESTADO_CONTRATO_TDC_CE="1" ESTADO_FINANCIERO_SOLIDARIO_CE="1" ESTADO_TDC_CE="1" ESTADO_TITULAR_TDC_CE="6" FECHA_CORTE_TDC_CE="2020-08-18" FECHA_INICIAL_TDC_CE="2014-07-28" FECHA_PAGO_TDC_CE="2020-07-17" MARCA_TDC_CE="2" MODALIDAD_CREDITO_FINANCIERO_SOLIDARIO_CE="2" MODO_EXTINCION_TDC_CE="19" NOMBRE_ENTIDAD_TDC_CE="BANCOLOMBIA    MASTERCARD" NUMERO_CUOTAS_MORA_TDC="0" NUMERO_OBLIGACION_TDC_CE="25466725" PARTICIPACION_DEUDA_TDC_CE="97" REESTRUCTURADO_TDC_CE="2" SALDO_TDC_CE="1310" SUCURSAL_TDC_CE="VIVA LAURELES" TIPO_PAGO_TDC_CE="0" VALOR_CUOTA_TDC_CE="423" VALOR_INICIAL_TDC_CE="3900" VALOR_MORA_ULTIMO_MES_TDC_CE="0" />
				<TARJETA_CREDITO AMPARADA_TDC_CE="T" CALIDAD_TDC_CE="T" CALIFICACION_TDC_CE="1" CIUDAD_TDC_CE="SANTAFE DE BOGOTA D." CLASE_TDC_CE="49" COMPORTAMIENTO_TDC_CE="N|N|N|N|N|N|N|N|N|N|N|N|N|N|N|N|N|N|N|N|N|N|N|N|" ESTADO_CONTRATO_TDC_CE="1" ESTADO_FINANCIERO_SOLIDARIO_CE="1" ESTADO_TDC_CE="1" ESTADO_TITULAR_TDC_CE="6" FECHA_CORTE_TDC_CE="2020-07-31" FECHA_INICIAL_TDC_CE="2016-12-13" FECHA_PAGO_TDC_CE="2019-09-30" MARCA_TDC_CE="1" MODALIDAD_CREDITO_FINANCIERO_SOLIDARIO_CE="2" MODO_EXTINCION_TDC_CE="19" NOMBRE_ENTIDAD_TDC_CE="BCO DAVIVIENDA" NUMERO_CUOTAS_MORA_TDC="0" NUMERO_OBLIGACION_TDC_CE="195906557" PARTICIPACION_DEUDA_TDC_CE="2" REESTRUCTURADO_TDC_CE="2" SALDO_TDC_CE="28" SUCURSAL_TDC_CE="RETAIL FINANCIERO" TIPO_PAGO_TDC_CE="0" VALOR_CUOTA_TDC_CE="28" VALOR_INICIAL_TDC_CE="500" VALOR_MORA_ULTIMO_MES_TDC_CE="0" />
				<TARJETA_CREDITO AMPARADA_TDC_CE="T" CALIDAD_TDC_CE="T" CALIFICACION_TDC_CE="1" CIUDAD_TDC_CE="MEDELLIN" CLASE_TDC_CE="49" COMPORTAMIENTO_TDC_CE="I|I|I|N|N|N|N|N|N|N|N|N|N|N|N|N|N|N|N|N|N|N|N|N|" ESTADO_CONTRATO_TDC_CE="2" ESTADO_FINANCIERO_SOLIDARIO_CE="15" ESTADO_TDC_CE="15" ESTADO_TITULAR_TDC_CE="5" FECHA_CORTE_TDC_CE="2020-02-29" FECHA_INICIAL_TDC_CE="2018-05-30" FECHA_PAGO_TDC_CE="2020-01-20" MARCA_TDC_CE="3" MODALIDAD_CREDITO_FINANCIERO_SOLIDARIO_CE="2" MODO_EXTINCION_TDC_CE="16" NOMBRE_ENTIDAD_TDC_CE="BANCOLOMBIA    AME. EXP." NUMERO_CUOTAS_MORA_TDC="0" NUMERO_OBLIGACION_TDC_CE="13052029" REESTRUCTURADO_TDC_CE="2" SALDO_TDC_CE="0" SUCURSAL_TDC_CE="CARABOBO" TIPO_PAGO_TDC_CE="1" VALOR_CUOTA_TDC_CE="0" VALOR_INICIAL_TDC_CE="2500" VALOR_MORA_ULTIMO_MES_TDC_CE="0" />
				<TARJETA_CREDITO AMPARADA_TDC_CE="T" CALIDAD_TDC_CE="T" CALIFICACION_TDC_CE="1" CIUDAD_TDC_CE="MEDELLIN" CLASE_TDC_CE="13" COMPORTAMIENTO_TDC_CE="I|I|I|N|N|N|N|N|N|N|N|N|N|N|N|N|N|N|N|N|N|N|N|N|" ESTADO_CONTRATO_TDC_CE="2" ESTADO_FINANCIERO_SOLIDARIO_CE="15" ESTADO_TDC_CE="15" ESTADO_TITULAR_TDC_CE="5" FECHA_CORTE_TDC_CE="2020-02-29" FECHA_INICIAL_TDC_CE="2018-05-30" FECHA_PAGO_TDC_CE="2020-01-20" MARCA_TDC_CE="1" MODALIDAD_CREDITO_FINANCIERO_SOLIDARIO_CE="2" MODO_EXTINCION_TDC_CE="16" NOMBRE_ENTIDAD_TDC_CE="BANCOLOMBIA    VISA" NUMERO_CUOTAS_MORA_TDC="0" NUMERO_OBLIGACION_TDC_CE="03310512" REESTRUCTURADO_TDC_CE="2" SALDO_TDC_CE="0" SUCURSAL_TDC_CE="CARABOBO" TIPO_PAGO_TDC_CE="1" VALOR_CUOTA_TDC_CE="0" VALOR_INICIAL_TDC_CE="2500" VALOR_MORA_ULTIMO_MES_TDC_CE="0" />
				<VARIABLES_CALCULADAS_CE CANT_CASTIGOS_ULT4A_TOTAL_BR="0" EXCL_ADVANCE="999" SCORE_ADVANCE="999" CANTIDAD_CONSULTAS_ULT12M_FINANCIERO_BR="2" CANTIDAD_CTAS_AHORRO_INACTIVAS_BR="0" CANTIDAD_ENTIDADES_TDC_BR="1" CANTIDAD_OBL_ABIERTAS_ULT12M_TOTAL_BR="0" CANTIDAD_OBL_SALDADAS_AL_DIA_CONSUMO_BR="2" CANTIDAD_OBLIGACIONES_TOTAL_CLIENTE_BR="7" CANTIDAD_PRODUCTOS_ABIERTOS_ULT12M_TOTAL_BR="0" CANTIDAD_TDC_MASTER_BR="0" CONTADOR_MORA_1_ULT12M_FINANCIERO_BR="0" CONTADOR_N_TOTAL_CLIENTE_ULT12M_BR="24" CUOTA_TOT_PROD_HIP_CE="0" CUOTA_TOT_PROD_INSTAL_CE="0" CUOTA_TOT_PROD_OTROS_CE="0" CUOTA_TOT_PROD_ROTA_CE="447679.53" CUOTA_TOT_PROD_TELCOS_CE="0" CUOTA_TOT_PROD_VEHI_CE="0" ESTIMADOR_INGRESOS_CE="2273" ESTIMADOR_INGRESOS_MAX_CE="2954" ESTIMADOR_INGRESOS_MIN_CE="1591" EXP_OBL_ABIERTAS_CE="2" EXP_OBL_CERRADAS_CE="2" MESES_PRIMPROD_ABIERTO_CE="77" PEOR_CALIF_ACT_TOTAL_CE="A" SALDO_ACTUAL_OBL_AL_DIA_FINANCIERO_BR="477000" SUM_SALDOS_AL_DIA_3_MESES_TOTAL_BR="477000" TIEMPO_DESDE_LA_PRIMERA_CTAAHO_BR="0" TIEMPO_PRIMER_PDCTO_ABIERTO_CTAAHO_BR="77" TIEMPO_PRIMER_PRODUCTO_ABIERTO_FINANCIERO_BR="72" TIEMPO_PRIMER_PRODUCTO_ABIERTO_TOTAL_BR="72" TIEMPO_ULTIMA_TDC_FINANCIERO_BR="21" TIEMPO_ULTIMO_PRODUCTO_ABIERTO_FINANCIERO_BR="0" VALOR_INICIAL_TOTAL_FINANCIERO_BR="4400" VI_AFP_CE="COLPENSIONES" VI_EPS_CE="EPS SURA" VI_FECHACONSULTA_CE="31/8/2020 01:47:06 PM" VI_ID_EMP1_CE="890980866" VI_ID_EMP2_CE="890902922" VI_ID_EMP3_CE="0" VI_ID_EMP4_CE="0" VI_ID_EMP5_CE="0" VI_IDCONSULTA_CE="861ecf14-5ba3-4d3a-b4db-4e054b6b99a1" VI_MEDIANA_INGRESO_CE="0" VI_PROM_ULT12M_CE="0" VI_PROM_ULT3M_CE="0" VI_RESPUESTA_CE="4" VI_SALARIO_INTEGRAL_EMP1_CE="false" VI_SALARIO_INTEGRAL_EMP2_CE="false" VI_SALARIO_INTEGRAL_EMP3_CE="0" VI_SALARIO_INTEGRAL_EMP4_CE="false" VI_SALARIO_INTEGRAL_EMP5_CE="false" VI_SALARIO_TOT_ULTMES_CE="4795645" VI_T_CONPAGO_ULT12M_CE="0" VI_T_SINPAGO_ULT12M_CE="1" VI_TIPO_COTIZANTE_EMP1_CE="1" VI_TIPO_COTIZANTE_EMP2_CE="1" VI_TIPO_COTIZANTE_EMP3_CE="0" VI_TIPO_COTIZANTE_EMP4_CE="0" VI_TIPO_COTIZANTE_EMP5_CE="0" VI_TIPOID_EMP1_CE="2" VI_TIPOID_EMP2_CE="2" VI_TIPOID_EMP3_CE="0" VI_TIPOID_EMP4_CE="0" VI_TIPOID_EMP5_CE="0" VI_ULT_PERIODO_COTIZADO_CE="202007" />
			</CENTRAL_EXTERNA>
		</SOLICITANTE>
	</CDA_ENTRADA>
	<CreditRequest ProductCategory="Hipotecario" ProductCode="FlujoCredito" />
</Application>