<Application xmlns:xsi="http://www.w3.org/2001/XMLSchema-instance" ApplicationCrossReferenceId="" ApplicationDate="2001-01-01" DeliveryOptionCode="bancolombia" ProcessingRequestType="DA" ResubmissionFlag="false" StrategySelectionRandomNumber="0" Timestamp="2001-12-31T12:00:00" TransactionId="" xsi:noNamespaceSchemaLocation="COS.SMWDisplayValues.xsd">
<CDA_ENTRADA APROBACION="0" IDENTIFICADOR_LLAMADA="2" NUMERO_PARTICIPANTES="1" TIPO_PRODUCTO_SOLICITUD="2">
<SOLICITANTE NUMERO_DE_SOLICITUD="1723786" NUMERO_DEL_PARTICIPANTE="1" TIPO_DE_PARTICIPANTE="0" TIPO_PARTICIPANTE="1">
<CENTRAL_EXTERNA ESTADO_DOCUMENTO_CE="16" FECHA_CONSULTA_CE="2019-04-07" FECHA_EXPEDICION_CE="1983-07-29" HORA_CONSULTA_CE="2019-04-07T19:13:00" LUGAR_EXPEDICION_CE="CALI" NOMBRE_TITULAR_CE="FLOREZ MEDINA NOE PAULA" NUMERO_DE_PARTICIPANTES="1" NUMERO_DEL_PARTICIPANTE="1" NUMERO_IDENTIFICACION="1103111999" NUMERO_IDENTIFICACION_CE="1103111999" RANGO_EDAD_CE2="55" RESPUESTA_CENTRAL_DATA="13" RESPUESTA_CONSULTA_CE="2" SCORE_DATACREDITO_CE="864.0" SEGMENTO_CLIENTE="01" SUBSEGMENTO_CLIENTE="05" TIPO_DOCUMENTO_CE="1">
<CALCULOS_CE ANTIGUEDAD_APERTURA_HISTORIA_CREDITICIA_SECTOR_FINANCIERO_CE="1999-08-01" CLIENTE_SIN_INFORMACION_DE_RIESGO_CE="0" CLIENTE_SIN_INFORMACION_FINANCIERA_CE="0" CUOTA_CREDITO_CONSUMO_COMO_AVAL_CE="103" CUOTA_CREDITO_CONSUMO_COMO_PRINCIPAL_CE="0" CUPO_TARJETA_CREDITO_COMO_AVAL_CE="3000" CUPO_TARJETA_CREDITO_COMO_PRINCIPAL_CE="51667" INDICADOR_CARTERA_CASTIGADA_CE="0" MAYOR_PORCENTAJE_DE_UTILIZACION_CE_TDC="40.452554744525547" NUMERO_CONSULTAS_L6M_CE="0" NUMERO_CREDITOS_HIPOTECARIOS_SALDADOS_CE="0" NUMERO_CREDITOS_HIPOTECARIOS_VIGENTES_CE="0" NUMERO_CUENTAS_AHORRO_SALDADAS_CE="1" NUMERO_CUENTAS_AHORRO_VIGENTES_CE="3" NUMERO_CUENTAS_CORRIENTE_SALDADAS_CE="1" NUMERO_CUENTAS_CORRIENTE_VIGENTES_CE="1" NUMERO_OBLIGACIONES_TELEFONIA_SALDADAS="0" NUMERO_OBLIGACIONES_VIGENTES_AL_DIA_CE="5" NUMERO_OBLIGACIONES_VIGENTES_CON_SALDO_CE="3" NUMERO_OBLIGACIONES_VIGENTES_EN_MORA_CE="0" NUMERO_OBLIGACIONES_VIGENTES_SIN_SALDO_CE="2" NUMERO_PRODUCTOS_ABIERTOS_UA_CE="0" NUMERO_PRODUCTOS_CARTERA_CONSUMO_SALDADOS_CE="10" NUMERO_PRODUCTOS_CARTERA_CONSUMO_VIGENTES_CE="1" NUMERO_PRODUCTOS_COMPANIAS_FINANCIAMIENTO_COMERCIAL_CE="1" NUMERO_PRODUCTOS_RIESGO_SALDADOS_CE="11" NUMERO_PRODUCTOS_RIESGO_TOTALES_SECTOR_FINANCIERO_CE="15" NUMERO_PRODUCTOS_RIESGO_VIGENTES_CE="5" NUMERO_TARJETAS_CREDITO_COMO_PRINCIPAL_CE="4" PAGO_MENSUAL_TARJETA_CREDITO_COMO_AVAL_CE="103" PAGO_MENSUAL_TARJETA_CREDITO_COMO_PRINCIPAL_CE="113" SALDO_CREDITO_CONSUMO_COMO_AVAL_CE="946" SALDO_CREDITO_CONSUMO_COMO_PRINCIPAL_CE="5211.0" SALDO_CREDITO_CONSUMO_SMMLV_COMO_AVAL_CE="0.001142352037637" SALDO_CREDITO_CONSUMO_SMMLV_COMO_PRINCIPAL_CE="0.006292596689353" UTILIZACION_PROMEDIO_CE_TDC="14.347476513252719" VALOR_INICIAL_CREDITO_CONSUMO_COMO_AVAL_CE="3000" VALOR_INICIAL_CREDITO_CONSUMO_COMO_PRINCIPAL_CE="14400" VALOR_INICIAL_CREDITO_CONSUMO_SMMLV_COMO_AVAL_CE="0.003622680880456" VALOR_INICIAL_CREDITO_CONSUMO_SMMLV_COMO_PRINCIPAL_CE="0.017388868226191"/>
<CONTADORES_CE CONTADOR_MORA_CONSOLIDADO_N_TOTAL_CLIENTE_UA_CE="12" CONTADOR_MORA_INDIVIDUAL_N_TOTAL_CLIENTE_UA_CE="111" CONTADOR_MORA_N_CONSOLIDADO_SECTOR_FINANCIERO_SOLIDARIO_UA="12" CONTADOR_MORA_N_INDIVIDUAL_SECTOR_FINANCIERO_SOLIDARIO_UA_CE="51" CONTADOR_MORA_N_INDIVIDUAL_TDC_UA_CE="60" CONTADOR_MORA_N_INDIVIDUAL_TELEFONIA_CELULAR_UA_CE="8"/>
<CUENTA_CORRIENTE_AHORROS CIUDAD_CTA_CTE_CE="CIUDAD" DIAS_SOBREGIRO_CTA_CTE_CE="0" ESTADO_CTA_CTE_AHORROS_CE="5" FECHA_INICIAL_CUENTA_CE="2006-07-31" NOMBRE_ENTIDAD_CTA_CTE_CE="COLOMBI SCOTIA BANK COLPATRIA" NUMERO_OBLIGACION_CTA_CTE_CE="403977012" SUCURSAL_CTA_CTE_CE="SANTA MONICA"/>
<CUENTA_CORRIENTE_AHORROS CIUDAD_CTA_CTE_CE="CALI" DIAS_SOBREGIRO_CTA_CTE_CE="30" ESTADO_CTA_CTE_AHORROS_CE="3" FECHA_CORTE_CUENTA_CE="2018-07-31" FECHA_INICIAL_CUENTA_CE="2006-07-17" NOMBRE_ENTIDAD_CTA_CTE_CE="SCOTIABANK     COLPATRIA" NUMERO_DEVOLUCIONES_ULTIMO_MES_CTA_CTE_CE="0" NUMERO_OBLIGACION_CTA_CTE_CE="403977039" SUCURSAL_CTA_CTE_CE="SANTA MONICA"/>
<CUENTA_CORRIENTE_AHORROS CIUDAD_CTA_CTE_CE="CALI" ESTADO_CTA_CTE_AHORROS_CE="5" FECHA_INICIAL_CUENTA_CE="1996-12-31" NOMBRE_ENTIDAD_CTA_CTE_CE="BANCOLOMBIA" NUMERO_OBLIGACION_CTA_CTE_CE="380740901" SUCURSAL_CTA_CTE_CE="AVENIDA ROOSVEL" TIPO_CONTRATO_CTA_CTE_CE="0"/>
<CUENTA_CORRIENTE_AHORROS CIUDAD_CTA_CTE_CE="CALI" ESTADO_CTA_CTE_AHORROS_CE="5" FECHA_INICIAL_CUENTA_CE="2009-05-07" NOMBRE_ENTIDAD_CTA_CTE_CE="BANCOLOMBIA" NUMERO_OBLIGACION_CTA_CTE_CE="549945679" SUCURSAL_CTA_CTE_CE="VILLACOLOMBIA" TIPO_CONTRATO_CTA_CTE_CE="0"/>
<CUENTA_CORRIENTE_AHORROS CIUDAD_CTA_CTE_CE="CALI" ESTADO_CTA_CTE_AHORROS_CE="3" FECHA_INICIAL_CUENTA_CE="2000-08-31" NOMBRE_ENTIDAD_CTA_CTE_CE="BBVA           COLOMBIA" NUMERO_OBLIGACION_CTA_CTE_CE="200038771" SUCURSAL_CTA_CTE_CE="LA FLORA" TIPO_CONTRATO_CTA_CTE_CE="0"/>
<CUENTA_CORRIENTE_AHORROS CIUDAD_CTA_CTE_CE="CALI" ESTADO_CTA_CTE_AHORROS_CE="1" FECHA_CORTE_CUENTA_CE="2019-02-28" FECHA_INICIAL_CUENTA_CE="2015-02-10" NOMBRE_ENTIDAD_CTA_CTE_CE="BCO AVVILLAS" NUMERO_OBLIGACION_CTA_CTE_CE="102957532" SUCURSAL_CTA_CTE_CE="PRINCIPAL CALI" TIPO_CONTRATO_CTA_CTE_CE="0"/>
<CUENTA_CORRIENTE_AHORROS ESTADO_CTA_CTE_AHORROS_CE="5" FECHA_INICIAL_CUENTA_CE="2000-07-31" NOMBRE_ENTIDAD_CTA_CTE_CE="ITAU CORPBANCA CTA AHORROS" NUMERO_OBLIGACION_CTA_CTE_CE="050200001" SUCURSAL_CTA_CTE_CE="000502" TIPO_CONTRATO_CTA_CTE_CE="0"/>
<CUENTA_CORRIENTE_AHORROS CIUDAD_CTA_CTE_CE="CALI" ESTADO_CTA_CTE_AHORROS_CE="1" FECHA_CORTE_CUENTA_CE="2019-02-28" FECHA_INICIAL_CUENTA_CE="2006-07-17" NOMBRE_ENTIDAD_CTA_CTE_CE="SCOTIABANK     COLPATRIA" NUMERO_OBLIGACION_CTA_CTE_CE="403977014" SUCURSAL_CTA_CTE_CE="SANTA MONICA" TIPO_CONTRATO_CTA_CTE_CE="0"/>
<ENDEUDAMIENTO_GLOBAL FECHA_T1_CE="2018-12-31" FECHA_T2_CE="2018-12-31" FECHA_T3_CE="2018-12-31" NOMBRE_ENTIDAD_ENDEUDAMIENTO_GLOBAL_CE="COLPATRIA - BC               0" TIPO_MONEDA_CE="ML" VALOR_DEUDA_COMERCIAL_CE="895000"/>
<SECTOR_FINANCIERO_SOLIDARIO CALIDAD_FINANCIERO_SOLIDARIO_CE="T" CALIFICACION_FINANCIERO_SOLIDARIO_CE="1" CIUDAD_FINANCIERO_SOLIDARIO_CE="CALI" COMPORTAMIENTO_SECTOR_FINANCIERO_SOLIDARIO_CE="N|N|N|N|N|N|N|N|N|N|N|N|N|N|N|N|N|N|N|N|N|N|N|N|" CUOTAS_CANCELADAS_FINANCIERO_SOLIDARIO_CE="0" CUOTAS_PACTADAS_CE="0" ESTADO_CONTRATO_FINANCIERO_SOLIDARIO_CE="1" ESTADO_FINANCIERO_SOLIDARIO_CE="1" ESTADO_TITULAR_FINANCIERO_SOLIDARIO_CE="6" FECHA_CORTE_FINANCIERO_SOLIDARIO_CE="2019-03-23" FECHA_INICIAL_FINANCIERO_SOLIDARIO_CE="2006-07-17" FECHA_PAGO_FINANCIERO_SOLIDARIO_CE="1999-11-30" LINEA_CREDITO_FINANCIERO_SOLIDARIO_CE="67" MODALIDAD_CREDITO_FINANCIERO_SOLIDARIO_CE="2" MODO_EXTINCION_FINANCIERO_SOLIDARIO_CE="19" NOMBRE_ENTIDAD_FINANCIERO_SOLIDARIO_CE="SCOTIABANK     COLPATRIA" NUMERO_DE_CUOTAS_EN_MORA_SECTOR_FINANCIERO_SOLIDARIO_CE="0" NUMERO_OBLIGACION_FINANCIERO_SOLIDARIO_CE="403977039" PERIODICIDAD_FINANCIERO_SOLIDARIO_CE="8" PROBABILIDAD_NO_PAGO_FINANCIERO_SOLIDARIO_CE="0.0" REESTRUCTURADO_FINANCIERO_SOLIDARIO_CE="2" SALDO_OBLIGACION_FINANCIERO_SOLIDARIO_CE="0" SUCURSAL_FINANCIERO_SOLIDARIO_CE="SANTA MONICA" TIPO_GARANTIA_FINANCIERO_SOLIDARIO_CE="0" TIPO_MONEDA_FINANCIERO_SOLIDARIO_CE="1" VALOR_CUOTA_FINANCIERO_SOLIDARIO_CE="0" VALOR_INICIAL_FINANCIERO_SOLIDARIO_CE="14400" VALOR_MORA_FINANCIERO_SOLIDARIO_CE="0"/>
<SECTOR_FINANCIERO_SOLIDARIO CALIDAD_FINANCIERO_SOLIDARIO_CE="T" CALIFICACION_FINANCIERO_SOLIDARIO_CE="1" COMPORTAMIENTO_SECTOR_FINANCIERO_SOLIDARIO_CE="I|I|I|I|I|I|I|I|I|I|N|N|N|N|N|N|N|N|N|N|N|N|N|N|" ESTADO_FINANCIERO_SOLIDARIO_CE="5" ESTADO_TITULAR_FINANCIERO_SOLIDARIO_CE="6" FECHA_INICIAL_FINANCIERO_SOLIDARIO_CE="2008-01-01" MODALIDAD_CREDITO_FINANCIERO_SOLIDARIO_CE="2" MODO_EXTINCION_FINANCIERO_SOLIDARIO_CE="16" NOMBRE_ENTIDAD_FINANCIERO_SOLIDARIO_CE="COLOMBI SCOTIA BANK COLPATRIA" NUMERO_OBLIGACION_FINANCIERO_SOLIDARIO_CE="208023304" PROBABILIDAD_NO_PAGO_FINANCIERO_SOLIDARIO_CE="0.0" REESTRUCTURADO_FINANCIERO_SOLIDARIO_CE="0" SUCURSAL_FINANCIERO_SOLIDARIO_CE="NO INFORMO" TIPO_GARANTIA_FINANCIERO_SOLIDARIO_CE="0"/>
<SECTOR_FINANCIERO_SOLIDARIO CALIDAD_FINANCIERO_SOLIDARIO_CE="T" CALIFICACION_FINANCIERO_SOLIDARIO_CE="2" COMPORTAMIENTO_SECTOR_FINANCIERO_SOLIDARIO_CE="I|I|I|I|I|I|I|I|I|I|I|I|I|I|I|I|I|I|I|I|I|I|I|N|" ESTADO_FINANCIERO_SOLIDARIO_CE="5" ESTADO_TITULAR_FINANCIERO_SOLIDARIO_CE="6" FECHA_INICIAL_FINANCIERO_SOLIDARIO_CE="2008-01-23" MODALIDAD_CREDITO_FINANCIERO_SOLIDARIO_CE="2" MODO_EXTINCION_FINANCIERO_SOLIDARIO_CE="16" NOMBRE_ENTIDAD_FINANCIERO_SOLIDARIO_CE="COLOMBI SCOTIA BANK COLPATRIA" NUMERO_OBLIGACION_FINANCIERO_SOLIDARIO_CE="208023304" PROBABILIDAD_NO_PAGO_FINANCIERO_SOLIDARIO_CE="65.0" REESTRUCTURADO_FINANCIERO_SOLIDARIO_CE="0" SUCURSAL_FINANCIERO_SOLIDARIO_CE="NO INFORMO" TIPO_GARANTIA_FINANCIERO_SOLIDARIO_CE="1"/>
<SECTOR_FINANCIERO_SOLIDARIO CALIDAD_FINANCIERO_SOLIDARIO_CE="T" CALIFICACION_FINANCIERO_SOLIDARIO_CE="1" COMPORTAMIENTO_SECTOR_FINANCIERO_SOLIDARIO_CE="I|I|I|I|I|I|I|I|I|I|I|I|I|I|I|I|I|I|I|I|I|I|N|N|" ESTADO_FINANCIERO_SOLIDARIO_CE="5" ESTADO_TITULAR_FINANCIERO_SOLIDARIO_CE="6" FECHA_INICIAL_FINANCIERO_SOLIDARIO_CE="2000-07-01" MODALIDAD_CREDITO_FINANCIERO_SOLIDARIO_CE="2" MODO_EXTINCION_FINANCIERO_SOLIDARIO_CE="16" NOMBRE_ENTIDAD_FINANCIERO_SOLIDARIO_CE="ITAU CORPBANCA CARTERA TOTAL" NUMERO_OBLIGACION_FINANCIERO_SOLIDARIO_CE="277778057" PROBABILIDAD_NO_PAGO_FINANCIERO_SOLIDARIO_CE="0.0" REESTRUCTURADO_FINANCIERO_SOLIDARIO_CE="0" SUCURSAL_FINANCIERO_SOLIDARIO_CE="NO INFORMO" TIPO_GARANTIA_FINANCIERO_SOLIDARIO_CE="2"/>
<SECTOR_FINANCIERO_SOLIDARIO CALIDAD_FINANCIERO_SOLIDARIO_CE="C" CALIFICACION_FINANCIERO_SOLIDARIO_CE="1" COMPORTAMIENTO_SECTOR_FINANCIERO_SOLIDARIO_CE="N|N|N|N|N|N|N|N|N|N|N|N|N|N|N|N|N|N|N|N|N|N|N|N|" ESTADO_FINANCIERO_SOLIDARIO_CE="5" ESTADO_TITULAR_FINANCIERO_SOLIDARIO_CE="6" FECHA_INICIAL_FINANCIERO_SOLIDARIO_CE="2009-08-21" MODALIDAD_CREDITO_FINANCIERO_SOLIDARIO_CE="3" MODO_EXTINCION_FINANCIERO_SOLIDARIO_CE="16" NOMBRE_ENTIDAD_FINANCIERO_SOLIDARIO_CE="BANCOLOMBIA" NUMERO_OBLIGACION_FINANCIERO_SOLIDARIO_CE="40910000C" PROBABILIDAD_NO_PAGO_FINANCIERO_SOLIDARIO_CE="0.0" REESTRUCTURADO_FINANCIERO_SOLIDARIO_CE="4" SUCURSAL_FINANCIERO_SOLIDARIO_CE="NO INFORMO" TIPO_GARANTIA_FINANCIERO_SOLIDARIO_CE="1"/>
<SECTOR_FINANCIERO_SOLIDARIO CALIDAD_FINANCIERO_SOLIDARIO_CE="C" CALIFICACION_FINANCIERO_SOLIDARIO_CE="1" COMPORTAMIENTO_SECTOR_FINANCIERO_SOLIDARIO_CE="I|I|I|I|I|I|I|I|I|I|I|I|I|I|I|I|I|I|I|I|N|N|N|N|" ESTADO_FINANCIERO_SOLIDARIO_CE="5" ESTADO_TITULAR_FINANCIERO_SOLIDARIO_CE="6" FECHA_INICIAL_FINANCIERO_SOLIDARIO_CE="1997-07-01" MODALIDAD_CREDITO_FINANCIERO_SOLIDARIO_CE="3" MODO_EXTINCION_FINANCIERO_SOLIDARIO_CE="16" NOMBRE_ENTIDAD_FINANCIERO_SOLIDARIO_CE="BCO AVVILLAS   HIPOTECARIO" NUMERO_OBLIGACION_FINANCIERO_SOLIDARIO_CE="306000000" PROBABILIDAD_NO_PAGO_FINANCIERO_SOLIDARIO_CE="0.0" REESTRUCTURADO_FINANCIERO_SOLIDARIO_CE="0" SUCURSAL_FINANCIERO_SOLIDARIO_CE="NO INFORMO" TIPO_GARANTIA_FINANCIERO_SOLIDARIO_CE="1"/>
<SECTOR_FINANCIERO_SOLIDARIO CALIDAD_FINANCIERO_SOLIDARIO_CE="T" CALIFICACION_FINANCIERO_SOLIDARIO_CE="1" COMPORTAMIENTO_SECTOR_FINANCIERO_SOLIDARIO_CE="I|I|I|I|I|I|I|I|I|I|I|I|N|N|N|N|N|N|N|N|N|N|N|N|" ESTADO_FINANCIERO_SOLIDARIO_CE="5" ESTADO_TITULAR_FINANCIERO_SOLIDARIO_CE="6" FECHA_INICIAL_FINANCIERO_SOLIDARIO_CE="2001-04-01" MODALIDAD_CREDITO_FINANCIERO_SOLIDARIO_CE="2" MODO_EXTINCION_FINANCIERO_SOLIDARIO_CE="16" NOMBRE_ENTIDAD_FINANCIERO_SOLIDARIO_CE="TUYA S.A." NUMERO_OBLIGACION_FINANCIERO_SOLIDARIO_CE="400125495" PROBABILIDAD_NO_PAGO_FINANCIERO_SOLIDARIO_CE="0.0" REESTRUCTURADO_FINANCIERO_SOLIDARIO_CE="0" SUCURSAL_FINANCIERO_SOLIDARIO_CE="NO INFORMO" TIPO_GARANTIA_FINANCIERO_SOLIDARIO_CE="2"/>
<SECTOR_FINANCIERO_SOLIDARIO CALIDAD_FINANCIERO_SOLIDARIO_CE="T" CALIFICACION_FINANCIERO_SOLIDARIO_CE="1" COMPORTAMIENTO_SECTOR_FINANCIERO_SOLIDARIO_CE="I|I|I|I|I|I|I|I|I|I|I|N|N|N|N|N|N|N|N|N|N|N|N|N|" ESTADO_FINANCIERO_SOLIDARIO_CE="5" ESTADO_TITULAR_FINANCIERO_SOLIDARIO_CE="6" FECHA_INICIAL_FINANCIERO_SOLIDARIO_CE="1999-08-01" MODALIDAD_CREDITO_FINANCIERO_SOLIDARIO_CE="2" MODO_EXTINCION_FINANCIERO_SOLIDARIO_CE="16" NOMBRE_ENTIDAD_FINANCIERO_SOLIDARIO_CE="TUYA S.A." NUMERO_OBLIGACION_FINANCIERO_SOLIDARIO_CE="500016797" PROBABILIDAD_NO_PAGO_FINANCIERO_SOLIDARIO_CE="0.0" REESTRUCTURADO_FINANCIERO_SOLIDARIO_CE="0" SUCURSAL_FINANCIERO_SOLIDARIO_CE="NO INFORMO" TIPO_GARANTIA_FINANCIERO_SOLIDARIO_CE="2"/>
<SECTOR_FINANCIERO_SOLIDARIO REESTRUCTURADO_FINANCIERO_SOLIDARIO_CE="-1"/>
<TARJETA_CREDITO AMPARADA_TDC_CE="T" CALIDAD_TDC_CE="false" CLASE_TDC_CE="13" COMPORTAMIENTO_TDC_CE="N|N|N|N|N|N|N|N|N|N|N|N|N|N|N|N|N|N|N|N|N|N|N|N|" ESTADO_CONTRATO_TDC_CE="1" ESTADO_FINANCIERO_SOLIDARIO_CE="1" ESTADO_TDC_CE="1" ESTADO_TITULAR_TDC_CE="6" FECHA_CORTE_TDC_CE="2018-11-10" FECHA_INICIAL_TDC_CE="2006-08-12" FECHA_PAGO_TDC_CE="2019-02-24" MARCA_TDC_CE="2" MODALIDAD_CREDITO_FINANCIERO_SOLIDARIO_CE="2" MODO_EXTINCION_TDC_CE="19" NOMBRE_ENTIDAD_TDC_CE="B. FALLABELLA" NUMERO_CUOTAS_MORA_TDC="0" NUMERO_OBLIGACION_TDC_CE="025763203" SALDO_TDC_CE="2771" VALOR_CUOTA_TDC_CE="0" VALOR_INICIAL_TDC_CE="6850" VALOR_MORA_ULTIMO_MES_TDC_CE="0"/>
<TARJETA_CREDITO AMPARADA_TDC_CE="T" CALIDAD_TDC_CE="false" CIUDAD_TDC_CE="CALI  VALL" CLASE_TDC_CE="51" COMPORTAMIENTO_TDC_CE="I|I|I|I|I|I|I|N|N|N|N|N|N|N|N|N|N|N|N|N|N|N|N|N|" ESTADO_CONTRATO_TDC_CE="1" ESTADO_FINANCIERO_SOLIDARIO_CE="1" ESTADO_TDC_CE="1" ESTADO_TITULAR_TDC_CE="6" FECHA_CORTE_TDC_CE="2019-02-28" FECHA_INICIAL_TDC_CE="2017-10-02" FECHA_PAGO_TDC_CE="1999-11-30" MARCA_TDC_CE="1" MODALIDAD_CREDITO_FINANCIERO_SOLIDARIO_CE="2" MODO_EXTINCION_TDC_CE="19" NOMBRE_ENTIDAD_TDC_CE="BCO AV VILLAS  VISA" NUMERO_CUOTAS_MORA_TDC="0" NUMERO_OBLIGACION_TDC_CE="2470811TC" SALDO_TDC_CE="0" SUCURSAL_TDC_CE="PRINCIPAL CALI" VALOR_CUOTA_TDC_CE="0" VALOR_INICIAL_TDC_CE="17567" VALOR_MORA_ULTIMO_MES_TDC_CE="0"/>
<TARJETA_CREDITO AMPARADA_TDC_CE="V" CALIDAD_TDC_CE="true" CIUDAD_TDC_CE="CALI  VALL" CLASE_TDC_CE="51" COMPORTAMIENTO_TDC_CE="I|I|I|I|I|I|I|N|N|N|N|N|N|N|N|N|N|N|N|N|N|N|N|N|" ESTADO_CONTRATO_TDC_CE="1" ESTADO_FINANCIERO_SOLIDARIO_CE="1" ESTADO_TDC_CE="1" ESTADO_TITULAR_TDC_CE="6" FECHA_CORTE_TDC_CE="2019-03-18" FECHA_INICIAL_TDC_CE="2017-10-18" FECHA_PAGO_TDC_CE="1999-11-30" MARCA_TDC_CE="1" MODALIDAD_CREDITO_FINANCIERO_SOLIDARIO_CE="2" MODO_EXTINCION_TDC_CE="19" NOMBRE_ENTIDAD_TDC_CE="BCO AV VILLAS  VISA" NUMERO_CUOTAS_MORA_TDC="0" NUMERO_OBLIGACION_TDC_CE="6708242TC" SALDO_TDC_CE="651" SUCURSAL_TDC_CE="PRINCIPAL CALI" VALOR_CUOTA_TDC_CE="41" VALOR_INICIAL_TDC_CE="1500" VALOR_MORA_ULTIMO_MES_TDC_CE="0"/>
<TARJETA_CREDITO AMPARADA_TDC_CE="V" CALIDAD_TDC_CE="true" CIUDAD_TDC_CE="CALI  VALL" CLASE_TDC_CE="51" COMPORTAMIENTO_TDC_CE="I|I|I|I|I|I|I|N|I|N|N|N|N|N|N|N|N|N|N|N|N|N|N|N|" ESTADO_CONTRATO_TDC_CE="1" ESTADO_FINANCIERO_SOLIDARIO_CE="1" ESTADO_TDC_CE="1" ESTADO_TITULAR_TDC_CE="6" FECHA_CORTE_TDC_CE="2019-03-18" FECHA_INICIAL_TDC_CE="2017-10-20" FECHA_PAGO_TDC_CE="1999-11-30" MARCA_TDC_CE="2" MODALIDAD_CREDITO_FINANCIERO_SOLIDARIO_CE="2" MODO_EXTINCION_TDC_CE="19" NOMBRE_ENTIDAD_TDC_CE="BCO AVVILLAS   MASTER CARD" NUMERO_CUOTAS_MORA_TDC="0" NUMERO_OBLIGACION_TDC_CE="6871117TC" SALDO_TDC_CE="295" SUCURSAL_TDC_CE="PRINCIPAL CALI" VALOR_CUOTA_TDC_CE="62" VALOR_INICIAL_TDC_CE="1500" VALOR_MORA_ULTIMO_MES_TDC_CE="0"/>
<TARJETA_CREDITO AMPARADA_TDC_CE="T" CALIDAD_TDC_CE="false" CIUDAD_TDC_CE="CALI  VALL" CLASE_TDC_CE="51" COMPORTAMIENTO_TDC_CE="I|I|I|I|I|I|I|N|N|N|N|N|N|N|N|N|N|N|N|N|N|N|N|N|" ESTADO_CONTRATO_TDC_CE="1" ESTADO_FINANCIERO_SOLIDARIO_CE="1" ESTADO_TDC_CE="1" ESTADO_TITULAR_TDC_CE="6" FECHA_CORTE_TDC_CE="2019-03-18" FECHA_INICIAL_TDC_CE="2017-10-02" FECHA_PAGO_TDC_CE="1999-11-30" MARCA_TDC_CE="2" MODALIDAD_CREDITO_FINANCIERO_SOLIDARIO_CE="2" MODO_EXTINCION_TDC_CE="19" NOMBRE_ENTIDAD_TDC_CE="BCO AVVILLAS   MASTER CARD" NUMERO_CUOTAS_MORA_TDC="0" NUMERO_OBLIGACION_TDC_CE="7466297TC" SALDO_TDC_CE="1782" SUCURSAL_TDC_CE="PRINCIPAL CALI" VALOR_CUOTA_TDC_CE="113" VALOR_INICIAL_TDC_CE="17550" VALOR_MORA_ULTIMO_MES_TDC_CE="0"/>
<TARJETA_CREDITO AMPARADA_TDC_CE="T" CALIDAD_TDC_CE="false" CIUDAD_TDC_CE="BOGOTA D.E." CLASE_TDC_CE="13" COMPORTAMIENTO_TDC_CE="N|N|N|N|N|N|N|N|N|N|N|N|N|N|N|N|N|N|N|N|N|N|N|N|" ESTADO_CONTRATO_TDC_CE="1" ESTADO_FINANCIERO_SOLIDARIO_CE="1" ESTADO_TDC_CE="1" ESTADO_TITULAR_TDC_CE="6" FECHA_CORTE_TDC_CE="2019-02-19" FECHA_INICIAL_TDC_CE="2005-08-09" FECHA_PAGO_TDC_CE="2019-02-19" MARCA_TDC_CE="1" MODALIDAD_CREDITO_FINANCIERO_SOLIDARIO_CE="2" MODO_EXTINCION_TDC_CE="19" NOMBRE_ENTIDAD_TDC_CE="SCOTIABANK     COLPATRIA" NUMERO_CUOTAS_MORA_TDC="0" NUMERO_OBLIGACION_TDC_CE="000668384" SALDO_TDC_CE="658" SUCURSAL_TDC_CE="PEPE SIERRA" VALOR_CUOTA_TDC_CE="0" VALOR_INICIAL_TDC_CE="9700" VALOR_MORA_ULTIMO_MES_TDC_CE="0"/>
<TARJETA_CREDITO AMPARADA_TDC_CE="T" CIUDAD_TDC_CE="CALI  VALL" CLASE_TDC_CE="32" COMPORTAMIENTO_TDC_CE="I|I|I|I|I|I|N|N|N|N|N|N|N|N|N|N|N|N|N|N|N|N|N|N|" ESTADO_CONTRATO_TDC_CE="2" ESTADO_FINANCIERO_SOLIDARIO_CE="15" ESTADO_TDC_CE="15" ESTADO_TITULAR_TDC_CE="6" FECHA_CORTE_TDC_CE="2015-08-04" FECHA_INICIAL_TDC_CE="2014-03-20" FECHA_PAGO_TDC_CE="2015-09-16" MARCA_TDC_CE="1" MODALIDAD_CREDITO_FINANCIERO_SOLIDARIO_CE="2" MODO_EXTINCION_TDC_CE="16" NOMBRE_ENTIDAD_TDC_CE="BCO AV VILLAS  VISA" NUMERO_CUOTAS_MORA_TDC="0" NUMERO_OBLIGACION_TDC_CE="1535797TC" SALDO_TDC_CE="0" SUCURSAL_TDC_CE="CHIPICHAPE" VALOR_CUOTA_TDC_CE="0" VALOR_INICIAL_TDC_CE="6166" VALOR_MORA_ULTIMO_MES_TDC_CE="0"/>
<TARJETA_CREDITO AMPARADA_TDC_CE="T" CIUDAD_TDC_CE="CALI  VALL" CLASE_TDC_CE="32" COMPORTAMIENTO_TDC_CE="I|I|I|I|I|N|N|N|N|N|N|N|N|N|N|N|N|N|N|N|N|N|N|N|" ESTADO_CONTRATO_TDC_CE="2" ESTADO_FINANCIERO_SOLIDARIO_CE="15" ESTADO_TDC_CE="15" ESTADO_TITULAR_TDC_CE="6" FECHA_CORTE_TDC_CE="2015-11-04" FECHA_INICIAL_TDC_CE="2014-03-20" FECHA_PAGO_TDC_CE="2015-10-06" MARCA_TDC_CE="2" MODALIDAD_CREDITO_FINANCIERO_SOLIDARIO_CE="2" MODO_EXTINCION_TDC_CE="16" NOMBRE_ENTIDAD_TDC_CE="BCO AVVILLAS   MASTER CARD" NUMERO_CUOTAS_MORA_TDC="0" NUMERO_OBLIGACION_TDC_CE="0941257TC" SALDO_TDC_CE="0" SUCURSAL_TDC_CE="CHIPICHAPE" VALOR_CUOTA_TDC_CE="0" VALOR_INICIAL_TDC_CE="6166" VALOR_MORA_ULTIMO_MES_TDC_CE="0"/>
<TARJETA_CREDITO AMPARADA_TDC_CE="T" CLASE_TDC_CE="0" COMPORTAMIENTO_TDC_CE="N|N|N|N|N|N|N|N|N|N|N|N|N|N|N|N|N|N|N|N|N|N|N|N|" ESTADO_CONTRATO_TDC_CE="2" ESTADO_FINANCIERO_SOLIDARIO_CE="15" ESTADO_TDC_CE="15" ESTADO_TITULAR_TDC_CE="6" FECHA_INICIAL_TDC_CE="2007-02-01" MARCA_TDC_CE="0" MODALIDAD_CREDITO_FINANCIERO_SOLIDARIO_CE="2" MODO_EXTINCION_TDC_CE="16" NOMBRE_ENTIDAD_TDC_CE="BCO COLPATRIA" NUMERO_OBLIGACION_TDC_CE="003897406" SUCURSAL_TDC_CE="NO INFORMO"/>
<TARJETA_CREDITO AMPARADA_TDC_CE="T" CLASE_TDC_CE="0" COMPORTAMIENTO_TDC_CE="N|N|N|N|N|N|N|N|N|N|N|N|N|N|N|N|N|N|N|N|N|N|N|N|" ESTADO_CONTRATO_TDC_CE="2" ESTADO_FINANCIERO_SOLIDARIO_CE="15" ESTADO_TDC_CE="15" ESTADO_TITULAR_TDC_CE="6" FECHA_INICIAL_TDC_CE="2005-08-01" MARCA_TDC_CE="0" MODALIDAD_CREDITO_FINANCIERO_SOLIDARIO_CE="2" MODO_EXTINCION_TDC_CE="16" NOMBRE_ENTIDAD_TDC_CE="COLOMBI SCOTIA BANK COLPATRIA" NUMERO_OBLIGACION_TDC_CE="000536308" SUCURSAL_TDC_CE="NO INFORMO"/>
<TARJETA_CREDITO AMPARADA_TDC_CE="T" CIUDAD_TDC_CE="CIUDAD BOGOTA" CLASE_TDC_CE="13" COMPORTAMIENTO_TDC_CE="N|N|N|N|N|N|N|N|N|N|N|N|N|N|N|N|N|N|N|N|N|N|N|N|" ESTADO_CONTRATO_TDC_CE="2" ESTADO_FINANCIERO_SOLIDARIO_CE="15" ESTADO_TDC_CE="15" ESTADO_TITULAR_TDC_CE="6" FECHA_INICIAL_TDC_CE="2011-11-16" FECHA_PAGO_TDC_CE="2014-04-30" MARCA_TDC_CE="2" MODALIDAD_CREDITO_FINANCIERO_SOLIDARIO_CE="2" MODO_EXTINCION_TDC_CE="16" NOMBRE_ENTIDAD_TDC_CE="COLOMBI SCOTIA BANK COLPATRIA" NUMERO_CUOTAS_MORA_TDC="0" NUMERO_OBLIGACION_TDC_CE="003945852" SALDO_TDC_CE="0" SUCURSAL_TDC_CE="PRQ. CENTRAL BAVARIA (PN)" VALOR_CUOTA_TDC_CE="0" VALOR_INICIAL_TDC_CE="20700" VALOR_MORA_ULTIMO_MES_TDC_CE="0"/>
<TELEFONIA_CELULAR CALIDAD_TELEFONIA_CELULAR_CE="T" CIUDAD_TELEFONIA_CELULAR_CE="000000BOGOTA" CLAUSULA_PERMANENCIA_TELEFONIA_CELULAR_CE="0" COMPORTAMIENTO_TELEFONIA_CELULAR_CE="I|I|I|I|I|I|I|I|I|I|I|I|I|I|I|I|N|N|N|N|N|N|N|N|" CUOTAS_CANCELADAS_TELEFONIA_CELULAR_CE="-1" CUOTAS_EN_MORA_TELEFONIA_CELULAR_CE="0" CUOTAS_PACTADAS_TELEFONIA_CELULAR_CE="-1" ESTADO_CONTRATO_TELEFONIA_CELULAR_CE="2" ESTADO_TELEFONIA_CELULAR_CE="08" ESTADO_TITULAR_TELEFONIA_CELULAR_CE="6" FECHA_INICIAL_TELEFONIA_CELULAR_CE="2014-08-13" FECHA_PAGO_TELEFONIA_CELULAR_CE="2015-02-23" MODO_EXTINCION_TELEFONIA_CELULAR_CE="16" NOMBRE_ENTIDAD_TELEFONIA_CELULAR_CE="MOVISTAR       SERVICIO MOVIL" NUMERO_OBLIGACION_TELEFONIA_CELULAR_CE="027847928" PERIODICIDAD_TELEFONIA_CELULAR_CE="9" SALDO_TELEFONIA_CELULAR_CE="0" SUCURSAL_TELEFONIA_CELULAR_CE="BOGOTA  CALI                00" VALOR_CUOTA_PAGO_MINIMO_TELEFONIA_CELULAR_CE="0" VALOR_INICIAL_TELEFONIA_CELULAR_CE="0" VALOR_MORA_ULTIMO_MES_TELEFONIA_CELULAR_CE="0" VIGENCIA_TELEFONIA_CELULAR_CE="2"/>
<TELEFONIA_CELULAR CALIDAD_TELEFONIA_CELULAR_CE="00" CIUDAD_TELEFONIA_CELULAR_CE="000000BOGOTA" CLAUSULA_PERMANENCIA_TELEFONIA_CELULAR_CE="0" COMPORTAMIENTO_TELEFONIA_CELULAR_CE="-|-|-|-|-|-|-|-|-|-|-|-|-|-|-|-|N|N|N|N|N|N|N|N|" CUOTAS_CANCELADAS_TELEFONIA_CELULAR_CE="-1" CUOTAS_EN_MORA_TELEFONIA_CELULAR_CE="0" CUOTAS_PACTADAS_TELEFONIA_CELULAR_CE="-1" ESTADO_CONTRATO_TELEFONIA_CELULAR_CE="2" ESTADO_TELEFONIA_CELULAR_CE="6" ESTADO_TITULAR_TELEFONIA_CELULAR_CE="6" FECHA_INICIAL_TELEFONIA_CELULAR_CE="2014-08-13" FECHA_PAGO_TELEFONIA_CELULAR_CE="2015-02-23" MODO_EXTINCION_TELEFONIA_CELULAR_CE="16" NOMBRE_ENTIDAD_TELEFONIA_CELULAR_CE="MOVISTAR       SERVICIO MOVIL" NUMERO_OBLIGACION_TELEFONIA_CELULAR_CE="027847928" PERIODICIDAD_TELEFONIA_CELULAR_CE="9" SALDO_TELEFONIA_CELULAR_CE="0" SUCURSAL_TELEFONIA_CELULAR_CE="BOGOTA  CALI                00" VALOR_CUOTA_PAGO_MINIMO_TELEFONIA_CELULAR_CE="0" VALOR_INICIAL_TELEFONIA_CELULAR_CE="0" VALOR_MORA_ULTIMO_MES_TELEFONIA_CELULAR_CE="0"/>
<VARIABLES_CALCULADAS_CE CANT_CASTIGOS_ULT4A_TOTAL_BR="0" CANTIDAD_CONSULTAS_ULT12M_FINANCIERO_BR="0" CANTIDAD_CTAS_AHORRO_INACTIVAS_BR="0" CANTIDAD_ENTIDADES_TDC_BR="3" CANTIDAD_OBL_ABIERTAS_ULT12M_TOTAL_BR="0" CANTIDAD_OBL_SALDADAS_AL_DIA_CONSUMO_BR="0" CANTIDAD_PRODUCTOS_ABIERTOS_ULT12M_TOTAL_BR="0" CANTIDAD_TDC_MASTER_BR="1" CONTADOR_MORA_1_ULT12M_FINANCIERO_BR="1" CONTADOR_MORA_2_ULT12M_TOTAL_BR="1" CONTADOR_N_TOTAL_CLIENTE_ULT12M_BR="60" ESTIMADOR_INGRESOS_CE="8339" ESTIMADOR_INGRESOS_MAX_CE="10840" ESTIMADOR_INGRESOS_MIN_CE="5837" PEOR_CALIF_ACT_TOTAL_CE="A" SALDO_ACTUAL_OBL_AL_DIA_FINANCIERO_BR="1" SUM_SALDOS_AL_DIA_3_MESES_TOTAL_BR="7082000" TIEMPO_DESDE_LA_PRIMERA_CTAAHO_BR="0" TIEMPO_PRIMER_PDCTO_ABIERTO_CTAAHO_BR="266" TIEMPO_PRIMER_PRODUCTO_ABIERTO_TOTAL_BR="234" TIEMPO_ULTIMA_TDC_FINANCIERO_BR="16" TIEMPO_ULTIMO_PRODUCTO_ABIERTO_FINANCIERO_BR="1"/>
</CENTRAL_EXTERNA>
</SOLICITANTE>
</CDA_ENTRADA>
<CreditRequest ProductCategory="Hipotecario" ProductCode="FlujoCredito"/>
</Application>

