<Application
	xmlns:xsi="http://www.w3.org/2001/XMLSchema-instance" ApplicationCrossReferenceId="" ApplicationDate="2001-01-01" DeliveryOptionCode="bancolombia" ProcessingRequestType="DA" ResubmissionFlag="false" StrategySelectionRandomNumber="0" Timestamp="2001-12-31T12:00:00" TransactionId="" xsi:noNamespaceSchemaLocation="COS.SMWDisplayValues.xsd">
	<CDA_ENTRADA APROBACION="0" IDENTIFICADOR_LLAMADA="2" NUMERO_PARTICIPANTES="1" TIPO_PRODUCTO_SOLICITUD="2">
		<SOLICITANTE NUMERO_DE_SOLICITUD="8945764" NUMERO_DEL_PARTICIPANTE="1" TIPO_DE_PARTICIPANTE="0" TIPO_PARTICIPANTE="1">
			<CENTRAL_EXTERNA ESTADO_DOCUMENTO_CE="16" FECHA_CONSULTA_CE="2022-01-11" FECHA_EXPEDICION_CE="2014-05-12" HORA_CONSULTA_CE="2022-01-11T12:20:41" LUGAR_EXPEDICION_CE="CARTAGENA" NOMBRE_TITULAR_CE="MARTELO CALDERON ANDRES FELIPE" NUMERO_DE_PARTICIPANTES="1" NUMERO_DEL_PARTICIPANTE="1" NUMERO_IDENTIFICACION="1001064468" NUMERO_IDENTIFICACION_CE="1001064468" RANGO_EDAD_CE2="28" RESPUESTA_CENTRAL_DATA="13" RESPUESTA_CONSULTA_CE="2" SEGMENTO_CLIENTE="01" SUBSEGMENTO_CLIENTE="05" TIPO_DOCUMENTO_CE="1">
				<CALCULOS_CE CLIENTE_SIN_INFORMACION_DE_RIESGO_CE="1" CLIENTE_SIN_INFORMACION_FINANCIERA_CE="1" INDICADOR_CARTERA_CASTIGADA_CE="0" NUMERO_CONSULTAS_L6M_CE="3" NUMERO_OBLIGACIONES_SALDADAS_SECTOR_REAL_CE="0" NUMERO_OBLIGACIONES_VIGENTES_AL_DIA_SECTOR_REAL_CE="1" NUMERO_OBLIGACIONES_VIGENTES_CON_SALDO_CE="0" NUMERO_OBLIGACIONES_VIGENTES_EN_MORA_SECTOR_REAL_CE="0" NUMERO_OBLIGACIONES_VIGENTES_SIN_SALDO_CE="0" NUMERO_PRODUCTOS_ABIERTOS_UA_CE="1" NUMERO_PRODUCTOS_COMPANIAS_FINANCIAMIENTO_COMERCIAL_CE="0"/>
				<CONSULTAS_CENTRALES ENTIDAD_CONSULTAS_CENTRALES="CONSULTAS LOTE" FECHA_CONSULTA_CONSULTAS_CENTRALES="2021-11-26"/>
				<CONSULTAS_CENTRALES ENTIDAD_CONSULTAS_CENTRALES="ADELANTOS      COLOMBIA" FECHA_CONSULTA_CONSULTAS_CENTRALES="2021-08-04"/>
				<CONSULTAS_CENTRALES ENTIDAD_CONSULTAS_CENTRALES="CREDIVALORES-  CREDISERVICIOS" FECHA_CONSULTA_CONSULTAS_CENTRALES="2021-08-03"/>
				<CONTADORES_CE CONTADOR_MORA_CONSOLIDADO_N_TOTAL_CLIENTE_UA_CE="4" CONTADOR_MORA_INDIVIDUAL_N_TOTAL_CLIENTE_UA_CE="4" CONTADOR_MORA_N_CONSOLIDADO_SECTOR_REAL_UA_CE="4" CONTADOR_MORA_N_INDIVIDUAL_SECTOR_REAL_UA_CE="4"/>
				<CUENTA_CORRIENTE_AHORROS CIUDAD_CTA_CTE_CE="MEDELLIN" ESTADO_CTA_CTE_AHORROS_CE="1" FECHA_CORTE_CUENTA_CE="2021-11-30" FECHA_INICIAL_CUENTA_CE="2020-10-28" IDENTIFICACION_CUENTA_AHORRO="00890903938" NOMBRE_ENTIDAD_CTA_CTE_CE="BANCOLOMBIA" NUMERO_OBLIGACION_CTA_CTE_CE="017376789" SUCURSAL_CTA_CTE_CE="VIRTUAL" TIPO_CONTRATO_CTA_CTE_CE="2"/>
				<ENDEUDAMIENTO_GLOBAL FECHA_T1_CE="2021-09-30" FECHA_T2_CE="2021-09-30" FECHA_T3_CE="2021-09-30" NOMBRE_ENTIDAD_ENDEUDAMIENTO_GLOBAL_CE="ADELANTOS      COLOMBIA" TIPO_MONEDA_CE="MC" VALOR_DEUDA_COMERCIAL_CE="549000"/>
				<RESUMEN_NO_PRINCIPAL CANTIDAD_OBLIGACIONES_EN_MORA_CE="0" CUOTA_OBLIGACIONES_AL_DIA_CE="0" CUOTA_OBLIGACIONES_EN_MORA="0" NUMERO_DE_OBLIGACIONES_AL_DIA_CE="0" NUMERO_DE_OBLIGACIONES_CE="0" PARTICIPACION_DEUDA_CE="0" SALDO_OBLIGACIONES_AL_DIA_CE="0" SALDO_OBLIGACIONES_EN_MORA_CE="0" TOTAL_SALDO_CE="0" VALOR_MORA_CE="0"/>
				<RESUMEN_PRINCIPAL CANTIDAD_OBLIGACIONES_EN_MORA_CE="0" CUOTA_OBLIGACIONES_AL_DIA_CE="64" CUOTA_OBLIGACIONES_EN_MORA="0" NUMERO_DE_OBLIGACIONES_AL_DIA_CE="1" NUMERO_DE_OBLIGACIONES_CE="1" PARTICIPACION_DEUDA_CE="0" SALDO_OBLIGACIONES_AL_DIA_CE="387" SALDO_OBLIGACIONES_EN_MORA_CE="0" TOTAL_SALDO_CE="387" VALOR_MORA_CE="0"/>
				<RESUMEN_REGISTRO_TOTAL CANTIDAD_OBLIGACIONES_EN_MORA_CE="0" CUOTA_OBLIGACIONES_AL_DIA_CE="64" CUOTA_OBLIGACIONES_EN_MORA="0" NUMERO_DE_OBLIGACIONES_AL_DIA_CE="1" NUMERO_DE_OBLIGACIONES_CE="1" PARTICIPACION_DEUDA_CE="0" SALDO_OBLIGACIONES_AL_DIA_CE="387" SALDO_OBLIGACIONES_EN_MORA_CE="0" TOTAL_SALDO_CE="387" VALOR_MORA_CE="0"/>
				<SECTOR_REAL CALIDAD_SECTOR_REAL_CE="T" CIUDAD_SECTOR_REAL_CE="BOGOTA" CLAUSULA_PERMANENCIA_SECTOR_REAL_CE="0" COMPORTAMIENTO_SECTOR_REAL_CE="I|I|I|I|I|I|I|I|I|I|I|I|I|I|I|I|I|I|I|I|N|N|N|N|" CUOTAS_CANCELADAS_SECTOR_REAL_CE="4" CUOTAS_PACTADAS_SECTOR_REAL_CE="8" ESTADO_CONTRATO_SECTOR_REAL_CE="1" ESTADO_SECTOR_REAL_CE="1" ESTADO_TITULAR_SECTOR_REAL_CE="6" FECHA_CORTE_SECTOR_REAL_CE="2021-12-28" FECHA_INICIAL_SECTOR_REAL_CE="2021-08-04" FECHA_PAGO_SECTOR_REAL_CE="2021-11-25" FECHA_TERMINACION_SECTOR_REAL_CE="2021-11-30" IDENTIFICACION_SECTOR_REAL="00901344787" LINEA_CREDITO_SECTOR_REAL_CE="91" MODO_EXTINCION_SECTOR_REAL_CE="19" NOMBRE_ENTIDAD_SECTOR_REAL_CE="ADELANTOS      COLOMBIA" NUMERO_DE_CUOTAS_EN_MORA_SECTOR_REAL_CE="0" NUMERO_OBLIGACION_SECTOR_REAL_CE="000232936" PERIODICIDAD_SECTOR_REAL_CE="9" REESTRUCTURADO_SECTOR_REAL_CE="2" SALDO_SECTOR_REAL_CE="387" SUCURSAL_SECTOR_REAL_CE="ADELANTOS COLOMBIA" TIPO_PAGO_SECTOR_REAL_CE="0" VALOR_CARGO_FIJO_SECTOR_REAL_CE="64" VALOR_CUOTA_PAGO_MINIMO_SECTOR_REAL_CE="64" VALOR_INICIAL_SECTOR_REAL_CE="745" VALOR_MORA_ULTIMO_MES_SECTOR_REAL_CE="0" VIGENCIA_SECTOR_REAL_CE="1"/>
				<VARIABLES_CALCULADAS_CE CANT_CASTIGOS_ULT4A_TOTAL_BR="0" CANTIDAD_CONSULTAS_ULT12M_FINANCIERO_BR="2" CANTIDAD_CTAS_AHORRO_INACTIVAS_BR="0" CANTIDAD_ENTIDADES_TDC_BR="0" CANTIDAD_OBL_ABIERTAS_ULT12M_TOTAL_BR="1" CANTIDAD_OBL_SALDADAS_AL_DIA_CONSUMO_BR="0" CANTIDAD_OBLIGACIONES_TOTAL_CLIENTE_BR="1" CANTIDAD_PRODUCTOS_ABIERTOS_ULT12M_TOTAL_BR="1" CANTIDAD_TDC_MASTER_BR="0" CONTADOR_MORA_1_ULT12M_FINANCIERO_BR="0" CONTADOR_N_TOTAL_CLIENTE_ULT12M_BR="4" CUOTA_TOT_PROD_HIP_CE="0" CUOTA_TOT_PROD_INSTAL_CE="0" CUOTA_TOT_PROD_OTROS_CE="70000" CUOTA_TOT_PROD_ROTA_CE="0" CUOTA_TOT_PROD_TELCOS_CE="0" CUOTA_TOT_PROD_VEHI_CE="0" ESTIMADOR_INGRESOS_CE="1470" ESTIMADOR_INGRESOS_MAX_CE="1911" ESTIMADOR_INGRESOS_MIN_CE="1029" EXCL_ADVANCE="999" EXP_BAJO_MONTO_CE="false" EXP_OBL_ABIERTAS_CE="0" EXP_OBL_CERRADAS_CE="0" MESES_PRIMPROD_ABIERTO_CE="14" PEOR_CALIF_ACT_TOTAL_CE="SP" SALDO_ACTUAL_OBL_AL_DIA_FINANCIERO_BR="614000" SCORE_ADVANCE="610" SUM_SALDOS_AL_DIA_3_MESES_TOTAL_BR="614000" TIEMPO_DESDE_LA_PRIMERA_CTAAHO_BR="0" TIEMPO_PRIMER_PDCTO_ABIERTO_CTAAHO_BR="14" TIEMPO_PRIMER_PRODUCTO_ABIERTO_FINANCIERO_BR="0" TIEMPO_PRIMER_PRODUCTO_ABIERTO_TOTAL_BR="4" TIEMPO_ULTIMA_TDC_FINANCIERO_BR="0" TIEMPO_ULTIMO_PRODUCTO_ABIERTO_FINANCIERO_BR="0" VALOR_INICIAL_TOTAL_FINANCIERO_BR="0" VI_AFP_CE="NA" VI_EPS_CE="NA" VI_FECHACONSULTA_CE="01/11/2022 12:20:39 PM" VI_ID_EMP1_CE="0" VI_ID_EMP2_CE="0" VI_ID_EMP3_CE="0" VI_ID_EMP4_CE="0" VI_ID_EMP5_CE="0" VI_IDCONSULTA_CE="2022011112203925" VI_MEDIANA_INGRESO_CE="0" VI_PROM_ULT12M_CE="0" VI_PROM_ULT3M_CE="0" VI_RESPUESTA_CE="1" VI_SALARIO_INTEGRAL_EMP1_CE="false" VI_SALARIO_INTEGRAL_EMP2_CE="false" VI_SALARIO_INTEGRAL_EMP3_CE="0" VI_SALARIO_INTEGRAL_EMP4_CE="false" VI_SALARIO_INTEGRAL_EMP5_CE="false" VI_SALARIO_TOT_ULTMES_CE="0" VI_T_CONPAGO_ULT12M_CE="0" VI_T_SINPAGO_ULT12M_CE="0" VI_TIPO_COTIZANTE_EMP1_CE="0" VI_TIPO_COTIZANTE_EMP2_CE="0" VI_TIPO_COTIZANTE_EMP3_CE="0" VI_TIPO_COTIZANTE_EMP4_CE="0" VI_TIPO_COTIZANTE_EMP5_CE="0" VI_TIPOID_EMP1_CE="0" VI_TIPOID_EMP2_CE="0" VI_TIPOID_EMP3_CE="0" VI_TIPOID_EMP4_CE="0" VI_TIPOID_EMP5_CE="0" VI_ULT_PERIODO_COTIZADO_CE="000000"/>
			</CENTRAL_EXTERNA>
		</SOLICITANTE>
	</CDA_ENTRADA>
	<CreditRequest ProductCategory="Hipotecario" ProductCode="FlujoCredito"/>
</Application>
