<Application xmlns:xsi="http://www.w3.org/2001/XMLSchema-instance" ApplicationCrossReferenceId="" ApplicationDate="2001-01-01" DeliveryOptionCode="bancolombia" ProcessingRequestType="DA" ResubmissionFlag="false" StrategySelectionRandomNumber="0" Timestamp="2001-12-31T12:00:00" TransactionId="" xsi:noNamespaceSchemaLocation="COS.SMWDisplayValues.xsd">
<CDA_ENTRADA APROBACION="0" IDENTIFICADOR_LLAMADA="2" NUMERO_PARTICIPANTES="1" TIPO_PRODUCTO_SOLICITUD="2">
<SOLICITANTE NUMERO_DE_SOLICITUD="8931343" NUMERO_DEL_PARTICIPANTE="1" TIPO_DE_PARTICIPANTE="0" TIPO_PARTICIPANTE="1">
<CENTRAL_EXTERNA ESTADO_DOCUMENTO_CE="16" FECHA_CONSULTA_CE="2022-01-08" FECHA_EXPEDICION_CE="2009-01-16" HORA_CONSULTA_CE="2022-01-08T08:33:50" LUGAR_EXPEDICION_CE="LORICA" NOMBRE_TITULAR_CE="OROZCO GONZALEZ ROLAND EDUARDO" NUMERO_DE_PARTICIPANTES="1" NUMERO_DEL_PARTICIPANTE="1" NUMERO_IDENTIFICACION="1010202006" NUMERO_IDENTIFICACION_CE="1010202006" RANGO_EDAD_CE2="35" RESPUESTA_CENTRAL_DATA="13" RESPUESTA_CONSULTA_CE="2" SEGMENTO_CLIENTE="01" SUBSEGMENTO_CLIENTE="05" TIPO_DOCUMENTO_CE="1">
<CALCULOS_CE ANTIGUEDAD_APERTURA_HISTORIA_CREDITICIA_SECTOR_FINANCIERO_CE="2019-09-07" CLIENTE_SIN_INFORMACION_DE_RIESGO_CE="0" CLIENTE_SIN_INFORMACION_FINANCIERA_CE="0" CUPO_TARJETA_CREDITO_COMO_PRINCIPAL_CE="500" INDICADOR_CARTERA_CASTIGADA_CE="0" MAYOR_PORCENTAJE_DE_UTILIZACION_CE_TDC="221.800000000000000" NUMERO_CONSULTAS_L6M_CE="4" NUMERO_CUENTAS_AHORRO_SALDADAS_CE="2" NUMERO_CUENTAS_AHORRO_VIGENTES_CE="1" NUMERO_OBLIGACIONES_SALDADAS_SECTOR_REAL_CE="0" NUMERO_OBLIGACIONES_TELEFONIA_SALDADAS="0" NUMERO_OBLIGACIONES_TELEFONIA_VIGENTES_AL_DIA="1" NUMERO_OBLIGACIONES_TELEFONIA_VIGENTES_MORA="0" NUMERO_OBLIGACIONES_VIGENTES_AL_DIA_CE="0" NUMERO_OBLIGACIONES_VIGENTES_AL_DIA_SECTOR_REAL_CE="1" NUMERO_OBLIGACIONES_VIGENTES_CON_SALDO_CE="1" NUMERO_OBLIGACIONES_VIGENTES_EN_MORA_CE="1" NUMERO_OBLIGACIONES_VIGENTES_EN_MORA_SECTOR_REAL_CE="0" NUMERO_OBLIGACIONES_VIGENTES_SIN_SALDO_CE="0" NUMERO_PRODUCTOS_ABIERTOS_UA_CE="0" NUMERO_PRODUCTOS_CARTERA_CONSUMO_SALDADOS_CE="0" NUMERO_PRODUCTOS_CARTERA_CONSUMO_VIGENTES_CE="0" NUMERO_PRODUCTOS_COMPANIAS_FINANCIAMIENTO_COMERCIAL_CE="0" NUMERO_PRODUCTOS_RIESGO_TOTALES_SECTOR_FINANCIERO_CE="1" NUMERO_PRODUCTOS_RIESGO_VIGENTES_CE="1" NUMERO_TARJETAS_CREDITO_COMO_PRINCIPAL_CE="1" PAGO_MENSUAL_TARJETA_CREDITO_COMO_PRINCIPAL_CE="204" SALDO_CREDITO_CONSUMO_COMO_PRINCIPAL_CE="1109" SALDO_CREDITO_CONSUMO_SMMLV_COMO_PRINCIPAL_CE="0.001109000000000" UTILIZACION_PROMEDIO_CE_TDC="221.800000000000000"/>
<CONSULTAS_CENTRALES ENTIDAD_CONSULTAS_CENTRALES="CIUDADANO" FECHA_CONSULTA_CONSULTAS_CENTRALES="2022-01-06"/>
<CONSULTAS_CENTRALES ENTIDAD_CONSULTAS_CENTRALES="SISTECREDITO" FECHA_CONSULTA_CONSULTAS_CENTRALES="2021-12-28"/>
<CONSULTAS_CENTRALES ENTIDAD_CONSULTAS_CENTRALES="TUYA S.A." FECHA_CONSULTA_CONSULTAS_CENTRALES="2021-12-24"/>
<CONSULTAS_CENTRALES ENTIDAD_CONSULTAS_CENTRALES="CONSULTAS LOTE" FECHA_CONSULTA_CONSULTAS_CENTRALES="2021-11-26"/>
<CONTADORES_CE CONTADOR_MORA_1_CONSOLIDADO_TDC_UA_CE="1" CONTADOR_MORA_1_CONSOLIDADO_TELEFONIA_CELULAR_UA_CE="3" CONTADOR_MORA_1_INDIVIDUAL_TDC_UA_CE="1" CONTADOR_MORA_1_INDIVIDUAL_TELEFONIA_CELULAR_UA_CE="3" CONTADOR_MORA_2_CONSOLIDADO_TELEFONIA_CELULAR_UA_CE="3" CONTADOR_MORA_2_INDIVIDUAL_TELEFONIA_CELULAR_UA_CE="3" CONTADOR_MORA_CONSOLIDADO_1_TOTAL_CLIENTE_UA_CE="1" CONTADOR_MORA_CONSOLIDADO_N_TOTAL_CLIENTE_UA_CE="11" CONTADOR_MORA_INDIVIDUAL_1_TOTAL_CLIENTE_UA_CE="1" CONTADOR_MORA_INDIVIDUAL_N_TOTAL_CLIENTE_UA_CE="23" CONTADOR_MORA_N_CONSOLIDADO_SECTOR_REAL_UA_CE="12" CONTADOR_MORA_N_CONSOLIDADO_TDC_UA_CE="11" CONTADOR_MORA_N_CONSOLIDADO_TELEFONIA_CELULAR_UA_CE="6" CONTADOR_MORA_N_INDIVIDUAL_SECTOR_REAL_UA_CE="12" CONTADOR_MORA_N_INDIVIDUAL_TDC_UA_CE="11" CONTADOR_MORA_N_INDIVIDUAL_TELEFONIA_CELULAR_UA_CE="6"/>
<CUENTA_CORRIENTE_AHORROS CIUDAD_CTA_CTE_CE="BARRANQUILLA" ESTADO_CTA_CTE_AHORROS_CE="5" FECHA_CORTE_CUENTA_CE="2021-05-31" FECHA_INICIAL_CUENTA_CE="2019-09-09" IDENTIFICACION_CUENTA_AHORRO="00860043186" NOMBRE_ENTIDAD_CTA_CTE_CE="BANCO          SERFINANZA S.A" NUMERO_OBLIGACION_CTA_CTE_CE="000009107" SUCURSAL_CTA_CTE_CE="OFICINA BARRANQUILLA PRINCIPAL" TIPO_CONTRATO_CTA_CTE_CE="0"/>
<CUENTA_CORRIENTE_AHORROS CIUDAD_CTA_CTE_CE="MEDELLIN" ESTADO_CTA_CTE_AHORROS_CE="1" FECHA_CORTE_CUENTA_CE="2021-11-30" FECHA_INICIAL_CUENTA_CE="2018-11-28" IDENTIFICACION_CUENTA_AHORRO="00890903938" NOMBRE_ENTIDAD_CTA_CTE_CE="BANCOLOMBIA" NUMERO_OBLIGACION_CTA_CTE_CE="301333248" SUCURSAL_CTA_CTE_CE="VIRTUAL" TIPO_CONTRATO_CTA_CTE_CE="2"/>
<CUENTA_CORRIENTE_AHORROS CIUDAD_CTA_CTE_CE="BOGOTA D.C" ESTADO_CTA_CTE_AHORROS_CE="5" FECHA_CORTE_CUENTA_CE="2020-01-31" FECHA_INICIAL_CUENTA_CE="2018-09-11" IDENTIFICACION_CUENTA_AHORRO="00860035827" NOMBRE_ENTIDAD_CTA_CTE_CE="BCO AVVILLAS" NUMERO_OBLIGACION_CTA_CTE_CE="641750760" SUCURSAL_CTA_CTE_CE="E-OFFICE" TIPO_CONTRATO_CTA_CTE_CE="0"/>
<CUENTA_CORRIENTE_AHORROS CIUDAD_CTA_CTE_CE="MONTERIA" ESTADO_CTA_CTE_AHORROS_CE="3" FECHA_CORTE_CUENTA_CE="2021-11-30" FECHA_INICIAL_CUENTA_CE="2020-04-03" IDENTIFICACION_CUENTA_AHORRO="00860034594" NOMBRE_ENTIDAD_CTA_CTE_CE="BCO COLPATRIA" NUMERO_OBLIGACION_CTA_CTE_CE="282012418" SUCURSAL_CTA_CTE_CE="MONTERIA ALAMEDAS" TIPO_CONTRATO_CTA_CTE_CE="0"/>
<ENDEUDAMIENTO_GLOBAL FECHA_T1_CE="2021-09-30" FECHA_T2_CE="2021-09-30" FECHA_T3_CE="2021-09-30" NOMBRE_ENTIDAD_ENDEUDAMIENTO_GLOBAL_CE="ICETEX CENTRO" TIPO_MONEDA_CE="MC" VALOR_DEUDA_COMERCIAL_CE="16555000"/>
<RESUMEN_NO_PRINCIPAL CANTIDAD_OBLIGACIONES_EN_MORA_CE="0" CUOTA_OBLIGACIONES_AL_DIA_CE="0" CUOTA_OBLIGACIONES_EN_MORA="0" NUMERO_DE_OBLIGACIONES_AL_DIA_CE="0" NUMERO_DE_OBLIGACIONES_CE="0" PARTICIPACION_DEUDA_CE="0" SALDO_OBLIGACIONES_AL_DIA_CE="0" SALDO_OBLIGACIONES_EN_MORA_CE="0" TOTAL_SALDO_CE="0" VALOR_MORA_CE="0"/>
<RESUMEN_PRINCIPAL CANTIDAD_OBLIGACIONES_EN_MORA_CE="1" CUOTA_OBLIGACIONES_AL_DIA_CE="227" CUOTA_OBLIGACIONES_EN_MORA="204" NUMERO_DE_OBLIGACIONES_AL_DIA_CE="2" NUMERO_DE_OBLIGACIONES_CE="3" PARTICIPACION_DEUDA_CE="1" SALDO_OBLIGACIONES_AL_DIA_CE="18158" SALDO_OBLIGACIONES_EN_MORA_CE="1109" TOTAL_SALDO_CE="19267" VALOR_MORA_CE="70000"/>
<RESUMEN_REGISTRO_TOTAL CANTIDAD_OBLIGACIONES_EN_MORA_CE="1" CUOTA_OBLIGACIONES_AL_DIA_CE="227" CUOTA_OBLIGACIONES_EN_MORA="204" NUMERO_DE_OBLIGACIONES_AL_DIA_CE="2" NUMERO_DE_OBLIGACIONES_CE="3" PARTICIPACION_DEUDA_CE="1" SALDO_OBLIGACIONES_AL_DIA_CE="18158" SALDO_OBLIGACIONES_EN_MORA_CE="1109" TOTAL_SALDO_CE="19267" VALOR_MORA_CE="70000"/>
<SECTOR_REAL CALIDAD_SECTOR_REAL_CE="T" CIUDAD_SECTOR_REAL_CE="BOGOTA" CLAUSULA_PERMANENCIA_SECTOR_REAL_CE="0" COMPORTAMIENTO_SECTOR_REAL_CE="N|N|N|N|N|N|N|N|N|N|N|N|N|N|N|N|N|N|N|N|N|N|N|N|" CUOTAS_CANCELADAS_SECTOR_REAL_CE="1" CUOTAS_PACTADAS_SECTOR_REAL_CE="84" ESTADO_CONTRATO_SECTOR_REAL_CE="1" ESTADO_SECTOR_REAL_CE="1" ESTADO_TITULAR_SECTOR_REAL_CE="6" FECHA_CORTE_SECTOR_REAL_CE="2021-11-30" FECHA_INICIAL_SECTOR_REAL_CE="2017-06-30" FECHA_PAGO_SECTOR_REAL_CE="2020-05-18" FECHA_TERMINACION_SECTOR_REAL_CE="2021-11-30" IDENTIFICACION_SECTOR_REAL="00899999035" LINEA_CREDITO_SECTOR_REAL_CE="14" MODO_EXTINCION_SECTOR_REAL_CE="19" NOMBRE_ENTIDAD_SECTOR_REAL_CE="ICETEX CENTRO" NUMERO_DE_CUOTAS_EN_MORA_SECTOR_REAL_CE="0" NUMERO_OBLIGACION_SECTOR_REAL_CE="0399408-4" PERIODICIDAD_SECTOR_REAL_CE="9" REESTRUCTURADO_SECTOR_REAL_CE="2" SALDO_SECTOR_REAL_CE="18066" SUCURSAL_SECTOR_REAL_CE="PRINCIPAL" TIPO_PAGO_SECTOR_REAL_CE="0" VALOR_CARGO_FIJO_SECTOR_REAL_CE="227" VALOR_CUOTA_PAGO_MINIMO_SECTOR_REAL_CE="227" VALOR_INICIAL_SECTOR_REAL_CE="18066" VALOR_MORA_ULTIMO_MES_SECTOR_REAL_CE="0" VIGENCIA_SECTOR_REAL_CE="0"/>
<TARJETA_CREDITO AMPARADA_TDC_CE="T" CALIDAD_TDC_CE="T" CALIFICACION_TDC_CE="2" CIUDAD_TDC_CE="MONTERIA" CLASE_TDC_CE="49" COMPORTAMIENTO_TDC_CE="N|N|N|N|N|N|N|N|N|N|N|N|N|N|N|N|N|N|N|N|N|N|N|1|" ESTADO_CONTRATO_TDC_CE="1" ESTADO_FINANCIERO_SOLIDARIO_CE="1" ESTADO_TDC_CE="1" ESTADO_TITULAR_TDC_CE="6" FECHA_CORTE_TDC_CE="2021-12-05" FECHA_INICIAL_TDC_CE="2019-09-07" IDENTIFICACION_TARJETAS_MORA="00860043186" MARCA_TDC_CE="13" MODALIDAD_CREDITO_FINANCIERO_SOLIDARIO_CE="2" MODO_EXTINCION_TDC_CE="19" NOMBRE_ENTIDAD_TDC_CE="BANCO          SERFINANZA S.A" NUMERO_CUOTAS_MORA_TDC="1" NUMERO_OBLIGACION_TDC_CE="636853583" PARTICIPACION_DEUDA_TDC_CE="5" REESTRUCTURADO_TDC_CE="2" SALDO_TDC_CE="1109" SUCURSAL_TDC_CE="MONTERIA" TIPO_PAGO_TDC_CE="0" VALOR_CUOTA_TDC_CE="204" VALOR_INICIAL_TDC_CE="500" VALOR_MORA_ULTIMO_MES_TDC_CE="101"/>
<TELEFONIA_CELULAR CALIDAD_TELEFONIA_CELULAR_CE="T" CLAUSULA_PERMANENCIA_TELEFONIA_CELULAR_CE="0" COMPORTAMIENTO_TELEFONIA_CELULAR_CE="N|N|N|N|N|N|N|1|2|2|N|N|1|2|N|N|1|2|N|N|1|2|N|N|" CUOTAS_CANCELADAS_TELEFONIA_CELULAR_CE="-1" CUOTAS_EN_MORA_TELEFONIA_CELULAR_CE="0" CUOTAS_PACTADAS_TELEFONIA_CELULAR_CE="-1" ESTADO_CONTRATO_TELEFONIA_CELULAR_CE="1" ESTADO_TELEFONIA_CELULAR_CE="1" ESTADO_TITULAR_TELEFONIA_CELULAR_CE="6" FECHA_INICIAL_TELEFONIA_CELULAR_CE="2019-05-29" FECHA_TERMINACION_TELEFONIA_CELULAR_CE="2021-11-30" IDENTIFICACION_TELEFONIA_CELULAR="00800153993" LINEA_CREDITO_TELEFONIA_CELULAR_CE="14" MODO_EXTINCION_TELEFONIA_CELULAR_CE="19" NOMBRE_ENTIDAD_TELEFONIA_CELULAR_CE="CLARO SOLUCION MOVILES" NUMERO_OBLIGACION_TELEFONIA_CELULAR_CE=".19825901" PERIODICIDAD_TELEFONIA_CELULAR_CE="9" REESTRUCTURADO_TELEFONIA_CELULAR_CE="2" SALDO_TELEFONIA_CELULAR_CE="92" TIPO_PAGO_TELEFONIA_CELULAR_CE="0" VALOR_CUOTA_PAGO_MINIMO_TELEFONIA_CELULAR_CE="0" VALOR_INICIAL_TELEFONIA_CELULAR_CE="0" VALOR_MORA_ULTIMO_MES_TELEFONIA_CELULAR_CE="0" VIGENCIA_TELEFONIA_CELULAR_CE="1"/>
<VARIABLES_CALCULADAS_CE CANT_CASTIGOS_ULT4A_TOTAL_BR="0" CANTIDAD_CONSULTAS_ULT12M_FINANCIERO_BR="4" CANTIDAD_CTAS_AHORRO_INACTIVAS_BR="0" CANTIDAD_ENTIDADES_TDC_BR="1" CANTIDAD_OBL_ABIERTAS_ULT12M_TOTAL_BR="0" CANTIDAD_OBL_SALDADAS_AL_DIA_CONSUMO_BR="0" CANTIDAD_OBLIGACIONES_TOTAL_CLIENTE_BR="3" CANTIDAD_PRODUCTOS_ABIERTOS_ULT12M_TOTAL_BR="0" CANTIDAD_TDC_MASTER_BR="0" CONTADOR_MORA_1_ULT12M_FINANCIERO_BR="1" CONTADOR_N_TOTAL_CLIENTE_ULT12M_BR="29" CUOTA_TOT_PROD_HIP_CE="0" CUOTA_TOT_PROD_INSTAL_CE="0" CUOTA_TOT_PROD_OTROS_CE="250000" CUOTA_TOT_PROD_ROTA_CE="220000" CUOTA_TOT_PROD_TELCOS_CE="0" CUOTA_TOT_PROD_VEHI_CE="0" ESTIMADOR_INGRESOS_CE="1570" ESTIMADOR_INGRESOS_MAX_CE="2041" ESTIMADOR_INGRESOS_MIN_CE="1099" EXCL_ADVANCE="999" EXP_BAJO_MONTO_CE="true" EXP_OBL_ABIERTAS_CE="2" EXP_OBL_CERRADAS_CE="0" MESES_PRIMPROD_ABIERTO_CE="153" PEOR_CALIF_ACT_TOTAL_CE="B" SALDO_ACTUAL_OBL_AL_DIA_FINANCIERO_BR="17544000" SCORE_ADVANCE="456" SUM_SALDOS_AL_DIA_3_MESES_TOTAL_BR="17544000" TIEMPO_DESDE_LA_PRIMERA_CTAAHO_BR="0" TIEMPO_PRIMER_PDCTO_ABIERTO_CTAAHO_BR="153" TIEMPO_PRIMER_PRODUCTO_ABIERTO_FINANCIERO_BR="26" TIEMPO_PRIMER_PRODUCTO_ABIERTO_TOTAL_BR="53" TIEMPO_ULTIMA_TDC_FINANCIERO_BR="26" TIEMPO_ULTIMO_PRODUCTO_ABIERTO_FINANCIERO_BR="0" VALOR_INICIAL_TOTAL_FINANCIERO_BR="500" VI_AFP_CE="NA" VI_EPS_CE="NA" VI_FECHACONSULTA_CE="01/08/2022 08:33:49 AM" VI_ID_EMP1_CE="0" VI_ID_EMP2_CE="0" VI_ID_EMP3_CE="0" VI_ID_EMP4_CE="0" VI_ID_EMP5_CE="0" VI_IDCONSULTA_CE="20220108083349412" VI_MEDIANA_INGRESO_CE="0" VI_PROM_ULT12M_CE="0" VI_PROM_ULT3M_CE="0" VI_RESPUESTA_CE="1" VI_SALARIO_INTEGRAL_EMP1_CE="false" VI_SALARIO_INTEGRAL_EMP2_CE="false" VI_SALARIO_INTEGRAL_EMP3_CE="0" VI_SALARIO_INTEGRAL_EMP4_CE="false" VI_SALARIO_INTEGRAL_EMP5_CE="false" VI_SALARIO_TOT_ULTMES_CE="0" VI_T_CONPAGO_ULT12M_CE="0" VI_T_SINPAGO_ULT12M_CE="0" VI_TIPO_COTIZANTE_EMP1_CE="0" VI_TIPO_COTIZANTE_EMP2_CE="0" VI_TIPO_COTIZANTE_EMP3_CE="0" VI_TIPO_COTIZANTE_EMP4_CE="0" VI_TIPO_COTIZANTE_EMP5_CE="0" VI_TIPOID_EMP1_CE="0" VI_TIPOID_EMP2_CE="0" VI_TIPOID_EMP3_CE="0" VI_TIPOID_EMP4_CE="0" VI_TIPOID_EMP5_CE="0" VI_ULT_PERIODO_COTIZADO_CE="000000"/>
</CENTRAL_EXTERNA>
</SOLICITANTE>
</CDA_ENTRADA>
<CreditRequest ProductCategory="Hipotecario" ProductCode="FlujoCredito"/>
</Application>
