<Application xmlns:xsi="http://www.w3.org/2001/XMLSchema-instance" ApplicationCrossReferenceId="" ApplicationDate="2001-01-01" DeliveryOptionCode="bancolombia" ProcessingRequestType="DA" ResubmissionFlag="false" StrategySelectionRandomNumber="0" Timestamp="2001-12-31T12:00:00" TransactionId="" xsi:noNamespaceSchemaLocation="COS.SMWDisplayValues.xsd">
<CDA_ENTRADA APROBACION="0" IDENTIFICADOR_LLAMADA="2" NUMERO_PARTICIPANTES="1" TIPO_PRODUCTO_SOLICITUD="2">
<SOLICITANTE NUMERO_DE_SOLICITUD="1737779" NUMERO_DEL_PARTICIPANTE="1" TIPO_DE_PARTICIPANTE="0" TIPO_PARTICIPANTE="1">
<CENTRAL_EXTERNA ESTADO_DOCUMENTO_CE="16" FECHA_CONSULTA_CE="2019-04-09" FECHA_EXPEDICION_CE="2006-01-23" HORA_CONSULTA_CE="2019-04-09T15:59:57" LUGAR_EXPEDICION_CE="BARRANQUILLA" NOMBRE_TITULAR_CE="PEREZ TORRES ANTONIO JUANO" NUMERO_DE_PARTICIPANTES="1" NUMERO_DEL_PARTICIPANTE="1" NUMERO_IDENTIFICACION="1103103110" NUMERO_IDENTIFICACION_CE="1103103110" RANGO_EDAD_CE2="35" RESPUESTA_CENTRAL_DATA="13" RESPUESTA_CONSULTA_CE="2" SCORE_DATACREDITO_CE="659.0" SEGMENTO_CLIENTE="01" SUBSEGMENTO_CLIENTE="05" TIPO_DOCUMENTO_CE="1">
<CALCULOS_CE CLIENTE_SIN_INFORMACION_DE_RIESGO_CE="1" CLIENTE_SIN_INFORMACION_FINANCIERA_CE="0" INDICADOR_CARTERA_CASTIGADA_CE="0" NUMERO_CONSULTAS_L6M_CE="0" NUMERO_CUENTAS_AHORRO_SALDADAS_CE="0" NUMERO_CUENTAS_AHORRO_VIGENTES_CE="1" NUMERO_OBLIGACIONES_TELEFONIA_SALDADAS="0" NUMERO_OBLIGACIONES_VIGENTES_CON_SALDO_CE="0" NUMERO_OBLIGACIONES_VIGENTES_SIN_SALDO_CE="0" NUMERO_PRODUCTOS_ABIERTOS_UA_CE="0" NUMERO_PRODUCTOS_COMPANIAS_FINANCIAMIENTO_COMERCIAL_CE="0" NUMERO_PRODUCTOS_RIESGO_SALDADOS_CE="1"/>
<CONTADORES_CE CONTADOR_MORA_N_INDIVIDUAL_TELEFONIA_CELULAR_UA_CE="11"/>
<CUENTA_CORRIENTE_AHORROS CIUDAD_CTA_CTE_CE="BARRANQUILLA" ESTADO_CTA_CTE_AHORROS_CE="5" FECHA_CORTE_CUENTA_CE="2015-02-28" FECHA_INICIAL_CUENTA_CE="2014-01-11" NOMBRE_ENTIDAD_CTA_CTE_CE="BANCOLOMBIA" NUMERO_OBLIGACION_CTA_CTE_CE="818101135" SUCURSAL_CTA_CTE_CE="VILLA COUNTRY" TIPO_CONTRATO_CTA_CTE_CE="0"/>
<CUENTA_CORRIENTE_AHORROS CIUDAD_CTA_CTE_CE="BARRAN" ESTADO_CTA_CTE_AHORROS_CE="1" FECHA_INICIAL_CUENTA_CE="2018-02-28" NOMBRE_ENTIDAD_CTA_CTE_CE="BBVA           COLOMBIA" NUMERO_OBLIGACION_CTA_CTE_CE="200431222" SUCURSAL_CTA_CTE_CE="PASEO BOLIVAR" TIPO_CONTRATO_CTA_CTE_CE="0"/>
<SECTOR_FINANCIERO_SOLIDARIO REESTRUCTURADO_FINANCIERO_SOLIDARIO_CE="-1"/>
<SECTOR_FINANCIERO_SOLIDARIO REESTRUCTURADO_FINANCIERO_SOLIDARIO_CE="-1"/>
<SECTOR_FINANCIERO_SOLIDARIO REESTRUCTURADO_FINANCIERO_SOLIDARIO_CE="-1"/>
<TELEFONIA_CELULAR CALIDAD_TELEFONIA_CELULAR_CE="T" CLAUSULA_PERMANENCIA_TELEFONIA_CELULAR_CE="0" COMPORTAMIENTO_TELEFONIA_CELULAR_CE="I|I|I|I|I|I|I|I|I|I|I|I|I|N|N|N|N|N|N|N|N|N|N|N|" ESTADO_CONTRATO_TELEFONIA_CELULAR_CE="2" ESTADO_TELEFONIA_CELULAR_CE="08" ESTADO_TITULAR_TELEFONIA_CELULAR_CE="6" FECHA_INICIAL_TELEFONIA_CELULAR_CE="2009-08-19" MODO_EXTINCION_TELEFONIA_CELULAR_CE="16" NOMBRE_ENTIDAD_TELEFONIA_CELULAR_CE="MOVISTAR       SERVICIO MOVIL" NUMERO_OBLIGACION_TELEFONIA_CELULAR_CE="009065754" SUCURSAL_TELEFONIA_CELULAR_CE="NO INFORMO" VIGENCIA_TELEFONIA_CELULAR_CE="1"/>
<TELEFONIA_CELULAR CALIDAD_TELEFONIA_CELULAR_CE="00" CLAUSULA_PERMANENCIA_TELEFONIA_CELULAR_CE="0" COMPORTAMIENTO_TELEFONIA_CELULAR_CE="-|-|-|-|-|-|-|-|-|-|-|-|-|N|N|N|N|N|N|N|N|N|N|N|" ESTADO_CONTRATO_TELEFONIA_CELULAR_CE="2" ESTADO_TELEFONIA_CELULAR_CE="6" ESTADO_TITULAR_TELEFONIA_CELULAR_CE="6" FECHA_INICIAL_TELEFONIA_CELULAR_CE="2009-08-19" MODO_EXTINCION_TELEFONIA_CELULAR_CE="16" NOMBRE_ENTIDAD_TELEFONIA_CELULAR_CE="MOVISTAR       SERVICIO MOVIL" NUMERO_OBLIGACION_TELEFONIA_CELULAR_CE="009065754" SUCURSAL_TELEFONIA_CELULAR_CE="NO INFORMO"/>
<VARIABLES_CALCULADAS_CE CANT_CASTIGOS_ULT4A_TOTAL_BR="0" CANTIDAD_CONSULTAS_ULT12M_FINANCIERO_BR="0" CANTIDAD_CTAS_AHORRO_INACTIVAS_BR="0" CANTIDAD_ENTIDADES_TDC_BR="0" CANTIDAD_OBL_ABIERTAS_ULT12M_TOTAL_BR="0" CANTIDAD_OBL_SALDADAS_AL_DIA_CONSUMO_BR="0" CANTIDAD_PRODUCTOS_ABIERTOS_ULT12M_TOTAL_BR="0" CANTIDAD_TDC_MASTER_BR="0" CONTADOR_MORA_1_ULT12M_FINANCIERO_BR="0" CONTADOR_MORA_2_ULT12M_TOTAL_BR="0" CONTADOR_N_TOTAL_CLIENTE_ULT12M_BR="0" ESTIMADOR_INGRESOS_CE="1250" ESTIMADOR_INGRESOS_MAX_CE="1625" ESTIMADOR_INGRESOS_MIN_CE="875" PEOR_CALIF_ACT_TOTAL_CE="SP" SALDO_ACTUAL_OBL_AL_DIA_FINANCIERO_BR="0" SUM_SALDOS_AL_DIA_3_MESES_TOTAL_BR="0" TIEMPO_DESDE_LA_PRIMERA_CTAAHO_BR="0" TIEMPO_PRIMER_PDCTO_ABIERTO_CTAAHO_BR="61" TIEMPO_PRIMER_PRODUCTO_ABIERTO_TOTAL_BR="114" TIEMPO_ULTIMA_TDC_FINANCIERO_BR="0" TIEMPO_ULTIMO_PRODUCTO_ABIERTO_FINANCIERO_BR="0"/>
</CENTRAL_EXTERNA>
</SOLICITANTE>
</CDA_ENTRADA>
<CreditRequest ProductCategory="Hipotecario" ProductCode="FlujoCredito"/>
</Application>




