<Application
	xmlns:xsi="http://www.w3.org/2001/XMLSchema-instance" ApplicationCrossReferenceId="" ApplicationDate="2001-01-01" DeliveryOptionCode="bancolombia" ProcessingRequestType="DA" ResubmissionFlag="false" StrategySelectionRandomNumber="0" Timestamp="2001-12-31T12:00:00" TransactionId="" xsi:noNamespaceSchemaLocation="COS.SMWDisplayValues.xsd">
	<CDA_ENTRADA APROBACION="0" IDENTIFICADOR_LLAMADA="2" NUMERO_PARTICIPANTES="1" TIPO_PRODUCTO_SOLICITUD="2">
		<SOLICITANTE NUMERO_DE_SOLICITUD="8621566" NUMERO_DEL_PARTICIPANTE="1" TIPO_DE_PARTICIPANTE="0" TIPO_PARTICIPANTE="1">
			<CENTRAL_EXTERNA ESTADO_DOCUMENTO_CE="16" FECHA_CONSULTA_CE="2021-12-06" FECHA_EXPEDICION_CE="2010-12-22" HORA_CONSULTA_CE="2021-12-06T10:50:21" LUGAR_EXPEDICION_CE="TAME" NOMBRE_TITULAR_CE="VILLAMIZAR RODRIGUEZ WILLIAM MAURICIO" NUMERO_DE_PARTICIPANTES="1" NUMERO_DEL_PARTICIPANTE="1" NUMERO_IDENTIFICACION="1113679004" NUMERO_IDENTIFICACION_CE="1113679004" RANGO_EDAD_CE2="35" RESPUESTA_CENTRAL_DATA="13" RESPUESTA_CONSULTA_CE="2" SEGMENTO_CLIENTE="01" SUBSEGMENTO_CLIENTE="05" TIPO_DOCUMENTO_CE="1">
				<CALCULOS_CE CLIENTE_SIN_INFORMACION_DE_RIESGO_CE="1" CLIENTE_SIN_INFORMACION_FINANCIERA_CE="0" INDICADOR_CARTERA_CASTIGADA_CE="0" NUMERO_CONSULTAS_L6M_CE="3" NUMERO_CUENTAS_AHORRO_SALDADAS_CE="0" NUMERO_CUENTAS_AHORRO_VIGENTES_CE="1" NUMERO_OBLIGACIONES_SALDADAS_SECTOR_REAL_CE="0" NUMERO_OBLIGACIONES_TELEFONIA_SALDADAS="1" NUMERO_OBLIGACIONES_TELEFONIA_VIGENTES_AL_DIA="3" NUMERO_OBLIGACIONES_TELEFONIA_VIGENTES_MORA="0" NUMERO_OBLIGACIONES_VIGENTES_AL_DIA_SECTOR_REAL_CE="1" NUMERO_OBLIGACIONES_VIGENTES_CON_SALDO_CE="0" NUMERO_OBLIGACIONES_VIGENTES_EN_MORA_SECTOR_REAL_CE="0" NUMERO_OBLIGACIONES_VIGENTES_SIN_SALDO_CE="2" NUMERO_PRODUCTOS_ABIERTOS_UA_CE="2" NUMERO_PRODUCTOS_COMPANIAS_FINANCIAMIENTO_COMERCIAL_CE="0" NUMERO_PRODUCTOS_RIESGO_SALDADOS_CE="1"/>
				<CONSULTAS_CENTRALES ENTIDAD_CONSULTAS_CENTRALES="BANCOLOMBIA    S.A." FECHA_CONSULTA_CONSULTAS_CENTRALES="2021-12-03"/>
				<CONSULTAS_CENTRALES ENTIDAD_CONSULTAS_CENTRALES="CONSULTAS LOTE" FECHA_CONSULTA_CONSULTAS_CENTRALES="2021-11-26"/>
				<CONSULTAS_CENTRALES ENTIDAD_CONSULTAS_CENTRALES="BANCO          DAVIVIENDA S.A" FECHA_CONSULTA_CONSULTAS_CENTRALES="2021-09-30"/>
				<CONTADORES_CE CONTADOR_MORA_CONSOLIDADO_N_TOTAL_CLIENTE_UA_CE="11" CONTADOR_MORA_INDIVIDUAL_N_TOTAL_CLIENTE_UA_CE="11" CONTADOR_MORA_N_CONSOLIDADO_SECTOR_REAL_UA_CE="11" CONTADOR_MORA_N_CONSOLIDADO_TELEFONIA_CELULAR_UA_CE="7" CONTADOR_MORA_N_INDIVIDUAL_SECTOR_REAL_UA_CE="11" CONTADOR_MORA_N_INDIVIDUAL_TELEFONIA_CELULAR_UA_CE="34"/>
				<CUENTA_CORRIENTE_AHORROS CIUDAD_CTA_CTE_CE="CUCUTA" ESTADO_CTA_CTE_AHORROS_CE="1" FECHA_CORTE_CUENTA_CE="2021-10-31" FECHA_INICIAL_CUENTA_CE="2018-12-13" IDENTIFICACION_CUENTA_AHORRO="00860034313" NOMBRE_ENTIDAD_CTA_CTE_CE="BANCO          DAVIVIENDA" NUMERO_OBLIGACION_CTA_CTE_CE="402738519" SUCURSAL_CTA_CTE_CE="TAME" TIPO_CONTRATO_CTA_CTE_CE="0"/>
				<CUENTA_CORRIENTE_AHORROS CIUDAD_CTA_CTE_CE="MEDELLIN" ESTADO_CTA_CTE_AHORROS_CE="3" FECHA_CORTE_CUENTA_CE="2021-10-31" FECHA_INICIAL_CUENTA_CE="2020-06-17" IDENTIFICACION_CUENTA_AHORRO="00890903938" NOMBRE_ENTIDAD_CTA_CTE_CE="BANCOLOMBIA" NUMERO_OBLIGACION_CTA_CTE_CE="138516184" SUCURSAL_CTA_CTE_CE="VIRTUAL" TIPO_CONTRATO_CTA_CTE_CE="2"/>
				<ENDEUDAMIENTO_GLOBAL FECHA_T1_CE="2021-09-30" FECHA_T2_CE="2021-09-30" FECHA_T3_CE="2021-09-30" NOMBRE_ENTIDAD_ENDEUDAMIENTO_GLOBAL_CE="SUPER ELECTRO  ORIENTE" TIPO_MONEDA_CE="MC" VALOR_DEUDA_COMERCIAL_CE="858000"/>
				<RESUMEN_NO_PRINCIPAL CANTIDAD_OBLIGACIONES_EN_MORA_CE="0" CUOTA_OBLIGACIONES_AL_DIA_CE="0" CUOTA_OBLIGACIONES_EN_MORA="0" NUMERO_DE_OBLIGACIONES_AL_DIA_CE="0" NUMERO_DE_OBLIGACIONES_CE="1" PARTICIPACION_DEUDA_CE="0" SALDO_OBLIGACIONES_AL_DIA_CE="0" SALDO_OBLIGACIONES_EN_MORA_CE="0" TOTAL_SALDO_CE="0" VALOR_MORA_CE="0"/>
				<RESUMEN_PRINCIPAL CANTIDAD_OBLIGACIONES_EN_MORA_CE="0" CUOTA_OBLIGACIONES_AL_DIA_CE="143" CUOTA_OBLIGACIONES_EN_MORA="0" NUMERO_DE_OBLIGACIONES_AL_DIA_CE="4" NUMERO_DE_OBLIGACIONES_CE="5" PARTICIPACION_DEUDA_CE="0" SALDO_OBLIGACIONES_AL_DIA_CE="991" SALDO_OBLIGACIONES_EN_MORA_CE="0" TOTAL_SALDO_CE="991" VALOR_MORA_CE="0"/>
				<RESUMEN_REGISTRO_TOTAL CANTIDAD_OBLIGACIONES_EN_MORA_CE="0" CUOTA_OBLIGACIONES_AL_DIA_CE="143" CUOTA_OBLIGACIONES_EN_MORA="0" NUMERO_DE_OBLIGACIONES_AL_DIA_CE="4" NUMERO_DE_OBLIGACIONES_CE="6" PARTICIPACION_DEUDA_CE="0" SALDO_OBLIGACIONES_AL_DIA_CE="991" SALDO_OBLIGACIONES_EN_MORA_CE="0" TOTAL_SALDO_CE="991" VALOR_MORA_CE="0"/>
				<SECTOR_REAL CALIDAD_SECTOR_REAL_CE="T" CIUDAD_SECTOR_REAL_CE="TAME" CLAUSULA_PERMANENCIA_SECTOR_REAL_CE="0" COMPORTAMIENTO_SECTOR_REAL_CE="I|I|I|I|I|I|I|I|I|I|I|I|I|N|N|N|N|N|N|N|N|N|N|N|" CUOTAS_CANCELADAS_SECTOR_REAL_CE="9" CUOTAS_PACTADAS_SECTOR_REAL_CE="14" ESTADO_CONTRATO_SECTOR_REAL_CE="1" ESTADO_SECTOR_REAL_CE="1" ESTADO_TITULAR_SECTOR_REAL_CE="6" FECHA_CORTE_SECTOR_REAL_CE="2022-02-15" FECHA_INICIAL_SECTOR_REAL_CE="2020-12-16" FECHA_PAGO_SECTOR_REAL_CE="2021-10-31" FECHA_TERMINACION_SECTOR_REAL_CE="2021-10-31" IDENTIFICACION_SECTOR_REAL="00830074158" LINEA_CREDITO_SECTOR_REAL_CE="68" MODO_EXTINCION_SECTOR_REAL_CE="19" NOMBRE_ENTIDAD_SECTOR_REAL_CE="SUPER ELECTRO  ORIENTE" NUMERO_DE_CUOTAS_EN_MORA_SECTOR_REAL_CE="0" NUMERO_OBLIGACION_SECTOR_REAL_CE="02619-709" PERIODICIDAD_SECTOR_REAL_CE="9" REESTRUCTURADO_SECTOR_REAL_CE="2" SALDO_SECTOR_REAL_CE="572" SUCURSAL_SECTOR_REAL_CE="TAME" TIPO_PAGO_SECTOR_REAL_CE="0" VALOR_CARGO_FIJO_SECTOR_REAL_CE="143" VALOR_CUOTA_PAGO_MINIMO_SECTOR_REAL_CE="143" VALOR_INICIAL_SECTOR_REAL_CE="0" VALOR_MORA_ULTIMO_MES_SECTOR_REAL_CE="0" VIGENCIA_SECTOR_REAL_CE="1"/>
				<SECTOR_REAL CALIDAD_SECTOR_REAL_CE="C" CIUDAD_SECTOR_REAL_CE="TAME" CLAUSULA_PERMANENCIA_SECTOR_REAL_CE="0" COMPORTAMIENTO_SECTOR_REAL_CE="I|I|I|I|I|I|I|I|I|I|I|N|N|N|N|N|N|N|N|N|N|N|N|N|" CUOTAS_CANCELADAS_SECTOR_REAL_CE="11" CUOTAS_PACTADAS_SECTOR_REAL_CE="14" ESTADO_CONTRATO_SECTOR_REAL_CE="2" ESTADO_SECTOR_REAL_CE="6" ESTADO_TITULAR_SECTOR_REAL_CE="6" FECHA_CORTE_SECTOR_REAL_CE="2020-04-18" FECHA_INICIAL_SECTOR_REAL_CE="2019-02-20" FECHA_PAGO_SECTOR_REAL_CE="2020-01-31" FECHA_TERMINACION_SECTOR_REAL_CE="2020-02-28" IDENTIFICACION_SECTOR_REAL_EXTINGUIDAS="00830074158" LINEA_CREDITO_SECTOR_REAL_CE="68" MODO_EXTINCION_SECTOR_REAL_CE="16" NOMBRE_ENTIDAD_SECTOR_REAL_CE="SUPER ELECTRO  ORIENTE" NUMERO_DE_CUOTAS_EN_MORA_SECTOR_REAL_CE="0" NUMERO_OBLIGACION_SECTOR_REAL_CE="0026173-2" REESTRUCTURADO_SECTOR_REAL_CE="2" SALDO_SECTOR_REAL_CE="0" SUCURSAL_SECTOR_REAL_CE="TAME" TIPO_PAGO_SECTOR_REAL_CE="1" VALOR_CARGO_FIJO_SECTOR_REAL_CE="0" VALOR_CUOTA_PAGO_MINIMO_SECTOR_REAL_CE="0" VALOR_INICIAL_SECTOR_REAL_CE="0" VALOR_MORA_ULTIMO_MES_SECTOR_REAL_CE="0" VIGENCIA_SECTOR_REAL_CE="1"/>
				<TELEFONIA_CELULAR CALIDAD_TELEFONIA_CELULAR_CE="T" CLAUSULA_PERMANENCIA_TELEFONIA_CELULAR_CE="0" COMPORTAMIENTO_TELEFONIA_CELULAR_CE="I|I|I|I|I|I|I|I|I|I|I|I|I|I|I|N|N|I|I|I|I|I|I|N|" CUOTAS_CANCELADAS_TELEFONIA_CELULAR_CE="0" CUOTAS_EN_MORA_TELEFONIA_CELULAR_CE="0" CUOTAS_PACTADAS_TELEFONIA_CELULAR_CE="12" ESTADO_CONTRATO_TELEFONIA_CELULAR_CE="2" ESTADO_TELEFONIA_CELULAR_CE="6" ESTADO_TITULAR_TELEFONIA_CELULAR_CE="6" FECHA_CORTE_TELEFONIA_CELULAR_CE="2020-07-08" FECHA_INICIAL_TELEFONIA_CELULAR_CE="2019-07-04" FECHA_PAGO_TELEFONIA_CELULAR_CE="2020-03-17" FECHA_TERMINACION_TELEFONIA_CELULAR_CE="2020-03-14" MODO_EXTINCION_TELEFONIA_CELULAR_CE="16" NOMBRE_ENTIDAD_TELEFONIA_CELULAR_CE="CLARO SOLUCION MOVILES" NUMERO_OBLIGACION_TELEFONIA_CELULAR_CE="049238998" PERIODICIDAD_TELEFONIA_CELULAR_CE="9" REESTRUCTURADO_TELEFONIA_CELULAR_CE="2" SALDO_TELEFONIA_CELULAR_CE="0" SUCURSAL_TELEFONIA_CELULAR_CE="TERRITORIOS NACIONALES" TIPO_PAGO_TELEFONIA_CELULAR_CE="1" VALOR_CUOTA_PAGO_MINIMO_TELEFONIA_CELULAR_CE="0" VALOR_INICIAL_TELEFONIA_CELULAR_CE="0" VALOR_MORA_ULTIMO_MES_TELEFONIA_CELULAR_CE="0" VIGENCIA_TELEFONIA_CELULAR_CE="1"/>
				<TELEFONIA_CELULAR CALIDAD_TELEFONIA_CELULAR_CE="T" CIUDAD_TELEFONIA_CELULAR_CE="BOGOTA D.C." CLAUSULA_PERMANENCIA_TELEFONIA_CELULAR_CE="0" COMPORTAMIENTO_TELEFONIA_CELULAR_CE="-|-|-|-|-|-|-|-|-|-|-|-|-|-|-|-|-|N|N|N|N|N|N|N|" CUOTAS_CANCELADAS_TELEFONIA_CELULAR_CE="0" CUOTAS_EN_MORA_TELEFONIA_CELULAR_CE="0" CUOTAS_PACTADAS_TELEFONIA_CELULAR_CE="12" ESTADO_CONTRATO_TELEFONIA_CELULAR_CE="1" ESTADO_TELEFONIA_CELULAR_CE="1" ESTADO_TITULAR_TELEFONIA_CELULAR_CE="6" FECHA_CORTE_TELEFONIA_CELULAR_CE="2021-11-02" FECHA_INICIAL_TELEFONIA_CELULAR_CE="2021-04-25" FECHA_PAGO_TELEFONIA_CELULAR_CE="2021-10-19" FECHA_TERMINACION_TELEFONIA_CELULAR_CE="2021-10-31" IDENTIFICACION_TELEFONIA_CELULAR="00800153993" LINEA_CREDITO_TELEFONIA_CELULAR_CE="01" MODO_EXTINCION_TELEFONIA_CELULAR_CE="19" NOMBRE_ENTIDAD_TELEFONIA_CELULAR_CE="CLARO SOLUCION MOVILES" NUMERO_OBLIGACION_TELEFONIA_CELULAR_CE="003336996" PERIODICIDAD_TELEFONIA_CELULAR_CE="9" REESTRUCTURADO_TELEFONIA_CELULAR_CE="2" SALDO_TELEFONIA_CELULAR_CE="419" SUCURSAL_TELEFONIA_CELULAR_CE="SANTAFE DE BOGOTA" TIPO_PAGO_TELEFONIA_CELULAR_CE="0" VALOR_CUOTA_PAGO_MINIMO_TELEFONIA_CELULAR_CE="0" VALOR_INICIAL_TELEFONIA_CELULAR_CE="0" VALOR_MORA_ULTIMO_MES_TELEFONIA_CELULAR_CE="0" VIGENCIA_TELEFONIA_CELULAR_CE="1"/>
				<TELEFONIA_CELULAR CALIDAD_TELEFONIA_CELULAR_CE="T" CLAUSULA_PERMANENCIA_TELEFONIA_CELULAR_CE="0" COMPORTAMIENTO_TELEFONIA_CELULAR_CE="N|N|N|N|N|N|N|N|N|N|N|N|N|N|N|N|N|N|N|N|N|N|N|N|" CUOTAS_CANCELADAS_TELEFONIA_CELULAR_CE="-1" CUOTAS_EN_MORA_TELEFONIA_CELULAR_CE="0" CUOTAS_PACTADAS_TELEFONIA_CELULAR_CE="-1" ESTADO_CONTRATO_TELEFONIA_CELULAR_CE="1" ESTADO_TELEFONIA_CELULAR_CE="1" ESTADO_TITULAR_TELEFONIA_CELULAR_CE="6" FECHA_INICIAL_TELEFONIA_CELULAR_CE="2016-09-01" FECHA_TERMINACION_TELEFONIA_CELULAR_CE="2021-10-31" IDENTIFICACION_TELEFONIA_CELULAR="00800153993" LINEA_CREDITO_TELEFONIA_CELULAR_CE="01" MODO_EXTINCION_TELEFONIA_CELULAR_CE="19" NOMBRE_ENTIDAD_TELEFONIA_CELULAR_CE="CLARO SOLUCION MOVILES" NUMERO_OBLIGACION_TELEFONIA_CELULAR_CE=".12639332" PERIODICIDAD_TELEFONIA_CELULAR_CE="9" REESTRUCTURADO_TELEFONIA_CELULAR_CE="2" SALDO_TELEFONIA_CELULAR_CE="0" TIPO_PAGO_TELEFONIA_CELULAR_CE="0" VALOR_CUOTA_PAGO_MINIMO_TELEFONIA_CELULAR_CE="0" VALOR_INICIAL_TELEFONIA_CELULAR_CE="0" VALOR_MORA_ULTIMO_MES_TELEFONIA_CELULAR_CE="0" VIGENCIA_TELEFONIA_CELULAR_CE="1"/>
				<TELEFONIA_CELULAR CALIDAD_TELEFONIA_CELULAR_CE="T" CLAUSULA_PERMANENCIA_TELEFONIA_CELULAR_CE="0" COMPORTAMIENTO_TELEFONIA_CELULAR_CE="N|N|N|N|N|N|N|N|N|N|N|N|N|N|N|N|N|N|N|N|N|N|N|N|" CUOTAS_CANCELADAS_TELEFONIA_CELULAR_CE="-1" CUOTAS_EN_MORA_TELEFONIA_CELULAR_CE="0" CUOTAS_PACTADAS_TELEFONIA_CELULAR_CE="-1" ESTADO_CONTRATO_TELEFONIA_CELULAR_CE="1" ESTADO_TELEFONIA_CELULAR_CE="1" ESTADO_TITULAR_TELEFONIA_CELULAR_CE="6" FECHA_INICIAL_TELEFONIA_CELULAR_CE="2016-09-01" FECHA_TERMINACION_TELEFONIA_CELULAR_CE="2021-10-31" IDENTIFICACION_TELEFONIA_CELULAR="00800153993" LINEA_CREDITO_TELEFONIA_CELULAR_CE="01" MODO_EXTINCION_TELEFONIA_CELULAR_CE="19" NOMBRE_ENTIDAD_TELEFONIA_CELULAR_CE="CLARO SOLUCION MOVILES" NUMERO_OBLIGACION_TELEFONIA_CELULAR_CE=".12639333" PERIODICIDAD_TELEFONIA_CELULAR_CE="9" REESTRUCTURADO_TELEFONIA_CELULAR_CE="2" SALDO_TELEFONIA_CELULAR_CE="0" TIPO_PAGO_TELEFONIA_CELULAR_CE="0" VALOR_CUOTA_PAGO_MINIMO_TELEFONIA_CELULAR_CE="0" VALOR_INICIAL_TELEFONIA_CELULAR_CE="0" VALOR_MORA_ULTIMO_MES_TELEFONIA_CELULAR_CE="0" VIGENCIA_TELEFONIA_CELULAR_CE="1"/>
				<VARIABLES_CALCULADAS_CE CANT_CASTIGOS_ULT4A_TOTAL_BR="0" CANTIDAD_CONSULTAS_ULT12M_FINANCIERO_BR="5" CANTIDAD_CTAS_AHORRO_INACTIVAS_BR="0" CANTIDAD_ENTIDADES_TDC_BR="0" CANTIDAD_OBL_ABIERTAS_ULT12M_TOTAL_BR="2" CANTIDAD_OBL_SALDADAS_AL_DIA_CONSUMO_BR="0" CANTIDAD_OBLIGACIONES_TOTAL_CLIENTE_BR="5" CANTIDAD_PRODUCTOS_ABIERTOS_ULT12M_TOTAL_BR="2" CANTIDAD_TDC_MASTER_BR="0" CONTADOR_MORA_1_ULT12M_FINANCIERO_BR="0" CONTADOR_N_TOTAL_CLIENTE_ULT12M_BR="42" CUOTA_TOT_PROD_HIP_CE="0" CUOTA_TOT_PROD_INSTAL_CE="0" CUOTA_TOT_PROD_OTROS_CE="145364.16" CUOTA_TOT_PROD_ROTA_CE="0" CUOTA_TOT_PROD_TELCOS_CE="0" CUOTA_TOT_PROD_VEHI_CE="0" ESTIMADOR_INGRESOS_CE="1662" ESTIMADOR_INGRESOS_MAX_CE="2160" ESTIMADOR_INGRESOS_MIN_CE="1163" EXCL_ADVANCE="999" EXP_BAJO_MONTO_CE="false" EXP_OBL_ABIERTAS_CE="2" EXP_OBL_CERRADAS_CE="0" MESES_PRIMPROD_ABIERTO_CE="84" PEOR_CALIF_ACT_TOTAL_CE="SP" SALDO_ACTUAL_OBL_AL_DIA_FINANCIERO_BR="2155000" SCORE_ADVANCE="753" SUM_SALDOS_AL_DIA_3_MESES_TOTAL_BR="2155000" TIEMPO_DESDE_LA_PRIMERA_CTAAHO_BR="0" TIEMPO_PRIMER_PDCTO_ABIERTO_CTAAHO_BR="84" TIEMPO_PRIMER_PRODUCTO_ABIERTO_FINANCIERO_BR="0" TIEMPO_PRIMER_PRODUCTO_ABIERTO_TOTAL_BR="61" TIEMPO_ULTIMA_TDC_FINANCIERO_BR="0" TIEMPO_ULTIMO_PRODUCTO_ABIERTO_FINANCIERO_BR="0" VALOR_INICIAL_TOTAL_FINANCIERO_BR="0" VI_AFP_CE="NA" VI_EPS_CE="NA" VI_FECHACONSULTA_CE="NA" VI_ID_EMP1_CE="0" VI_ID_EMP2_CE="0" VI_ID_EMP3_CE="0" VI_ID_EMP4_CE="0" VI_ID_EMP5_CE="0" VI_IDCONSULTA_CE="NA" VI_MEDIANA_INGRESO_CE="0" VI_PROM_ULT12M_CE="0" VI_PROM_ULT3M_CE="0" VI_RESPUESTA_CE="NA" VI_SALARIO_INTEGRAL_EMP1_CE="false" VI_SALARIO_INTEGRAL_EMP2_CE="false" VI_SALARIO_INTEGRAL_EMP3_CE="0" VI_SALARIO_INTEGRAL_EMP4_CE="false" VI_SALARIO_INTEGRAL_EMP5_CE="false" VI_SALARIO_TOT_ULTMES_CE="0" VI_T_CONPAGO_ULT12M_CE="0" VI_T_SINPAGO_ULT12M_CE="0" VI_TIPO_COTIZANTE_EMP1_CE="0" VI_TIPO_COTIZANTE_EMP2_CE="0" VI_TIPO_COTIZANTE_EMP3_CE="0" VI_TIPO_COTIZANTE_EMP4_CE="0" VI_TIPO_COTIZANTE_EMP5_CE="0" VI_TIPOID_EMP1_CE="0" VI_TIPOID_EMP2_CE="0" VI_TIPOID_EMP3_CE="0" VI_TIPOID_EMP4_CE="0" VI_TIPOID_EMP5_CE="0" VI_ULT_PERIODO_COTIZADO_CE="000000"/>
			</CENTRAL_EXTERNA>
		</SOLICITANTE>
	</CDA_ENTRADA>
	<CreditRequest ProductCategory="Hipotecario" ProductCode="FlujoCredito"/>
</Application>
