<Application xmlns:xsi="http://www.w3.org/2001/XMLSchema-instance" ApplicationCrossReferenceId="" ApplicationDate="2001-01-01" DeliveryOptionCode="bancolombia" ProcessingRequestType="DA" ResubmissionFlag="false" StrategySelectionRandomNumber="0" Timestamp="2001-12-31T12:00:00" TransactionId="" xsi:noNamespaceSchemaLocation="COS.SMWDisplayValues.xsd">
<CDA_ENTRADA APROBACION="0" IDENTIFICADOR_LLAMADA="2" NUMERO_PARTICIPANTES="1" TIPO_PRODUCTO_SOLICITUD="2">
<SOLICITANTE NUMERO_DE_SOLICITUD="1723753" NUMERO_DEL_PARTICIPANTE="1" TIPO_DE_PARTICIPANTE="0" TIPO_PARTICIPANTE="1">
<CENTRAL_EXTERNA ESTADO_DOCUMENTO_CE="16" FECHA_CONSULTA_CE="2019-04-07" FECHA_EXPEDICION_CE="1977-10-28" HORA_CONSULTA_CE="2019-04-07T18:43:23" LUGAR_EXPEDICION_CE="PALMIRA" NOMBRE_TITULAR_CE="RIVERA MONTOYA ROSARIO TATO" NUMERO_DE_PARTICIPANTES="1" NUMERO_DEL_PARTICIPANTE="1" NUMERO_IDENTIFICACION="1103103136" NUMERO_IDENTIFICACION_CE="1103103136" RANGO_EDAD_CE2="65" RESPUESTA_CENTRAL_DATA="13" RESPUESTA_CONSULTA_CE="2" SCORE_DATACREDITO_CE="847.0" SEGMENTO_CLIENTE="01" SUBSEGMENTO_CLIENTE="05" TIPO_DOCUMENTO_CE="1">
<CALCULOS_CE ANTIGUEDAD_APERTURA_HISTORIA_CREDITICIA_SECTOR_FINANCIERO_CE="1982-05-19" CLIENTE_SIN_INFORMACION_DE_RIESGO_CE="0" CLIENTE_SIN_INFORMACION_FINANCIERA_CE="0" CUOTA_CREDITO_CONSUMO_COMO_PRINCIPAL_CE="0" CUOTA_CREDITO_HIPOTECARIO_COMO_PRINCIPAL_CE="231" CUPO_TARJETA_CREDITO_COMO_PRINCIPAL_CE="19250" INDICADOR_CARTERA_CASTIGADA_CE="0" MAYOR_PORCENTAJE_DE_UTILIZACION_CE_TDC="56.704225352112676" NUMERO_CONSULTAS_L6M_CE="2" NUMERO_CREDITOS_HIPOTECARIOS_SALDADOS_CE="0" NUMERO_CREDITOS_HIPOTECARIOS_VIGENTES_CE="1" NUMERO_CUENTAS_AHORRO_SALDADAS_CE="1" NUMERO_CUENTAS_AHORRO_VIGENTES_CE="3" NUMERO_CUENTAS_CORRIENTE_SALDADAS_CE="0" NUMERO_CUENTAS_CORRIENTE_VIGENTES_CE="1" NUMERO_OBLIGACIONES_SALDADAS_SECTOR_REAL_CE="2" NUMERO_OBLIGACIONES_TELEFONIA_SALDADAS="0" NUMERO_OBLIGACIONES_TELEFONIA_VIGENTES_AL_DIA="0" NUMERO_OBLIGACIONES_TELEFONIA_VIGENTES_MORA="0" NUMERO_OBLIGACIONES_VIGENTES_AL_DIA_CE="5" NUMERO_OBLIGACIONES_VIGENTES_AL_DIA_SECTOR_REAL_CE="1" NUMERO_OBLIGACIONES_VIGENTES_CON_SALDO_CE="3" NUMERO_OBLIGACIONES_VIGENTES_EN_MORA_CE="0" NUMERO_OBLIGACIONES_VIGENTES_EN_MORA_SECTOR_REAL_CE="0" NUMERO_OBLIGACIONES_VIGENTES_SIN_SALDO_CE="2" NUMERO_PRODUCTOS_ABIERTOS_UA_CE="0" NUMERO_PRODUCTOS_CARTERA_COMERCIAL_SALDADA_CE="11" NUMERO_PRODUCTOS_CARTERA_COMERCIAL_VIGENTE_CE="0" NUMERO_PRODUCTOS_CARTERA_CONSUMO_SALDADOS_CE="7" NUMERO_PRODUCTOS_CARTERA_CONSUMO_VIGENTES_CE="1" NUMERO_PRODUCTOS_COMPANIAS_FINANCIAMIENTO_COMERCIAL_CE="2" NUMERO_PRODUCTOS_RIESGO_SALDADOS_CE="32" NUMERO_PRODUCTOS_RIESGO_TOTALES_SECTOR_FINANCIERO_CE="31" NUMERO_PRODUCTOS_RIESGO_VIGENTES_CE="5" NUMERO_TARJETAS_CREDITO_COMO_PRINCIPAL_CE="3" PAGO_MENSUAL_TARJETA_CREDITO_COMO_PRINCIPAL_CE="656" SALDO_CREDITO_CONSUMO_COMO_PRINCIPAL_CE="5075.0" SALDO_CREDITO_CONSUMO_SMMLV_COMO_PRINCIPAL_CE="0.006128368489439" SALDO_CREDITO_HIPOTECARIO_COMO_PRINCIPAL_CE="16008000.0" SALDO_CREDITO_HIPOTECARIO_SMMLV_COMO_PRINCIPAL_CE="19.330625178115143" UTILIZACION_PROMEDIO_CE_TDC="28.481317126503312" VALOR_INICIAL_CREDITO_CONSUMO_COMO_PRINCIPAL_CE="2200" VALOR_INICIAL_CREDITO_CONSUMO_SMMLV_COMO_PRINCIPAL_CE="0.002656632645668" VALOR_INICIAL_CREDITO_HIPOTECARIO_COMO_PRINCIPAL_CE="24808" VALOR_INICIAL_CREDITO_HIPOTECARIO_SMMLV_COMO_PRINCIPAL_CE="0.029957155760787"/>
<CONSULTAS_CENTRALES ENTIDAD_CONSULTAS_CENTRALES="CONSULTAS LOTE" FECHA_CONSULTA_CONSULTAS_CENTRALES="2019-02-15"/>
<CONSULTAS_CENTRALES ENTIDAD_CONSULTAS_CENTRALES="BCO COLPATRIA" FECHA_CONSULTA_CONSULTAS_CENTRALES="2019-01-14"/>
<CONTADORES_CE CONTADOR_MORA_CONSOLIDADO_N_TOTAL_CLIENTE_UA_CE="12" CONTADOR_MORA_INDIVIDUAL_N_TOTAL_CLIENTE_UA_CE="285" CONTADOR_MORA_N_CONSOLIDADO_SECTOR_FINANCIERO_SOLIDARIO_UA="12" CONTADOR_MORA_N_CONSOLIDADO_SECTOR_REAL_UA_CE="12" CONTADOR_MORA_N_CONSOLIDADO_TELEFONIA_CELULAR_UA_CE="12" CONTADOR_MORA_N_INDIVIDUAL_SECTOR_FINANCIERO_SOLIDARIO_UA_CE="244" CONTADOR_MORA_N_INDIVIDUAL_SECTOR_REAL_UA_CE="29" CONTADOR_MORA_N_INDIVIDUAL_TDC_UA_CE="12" CONTADOR_MORA_N_INDIVIDUAL_TELEFONIA_CELULAR_UA_CE="60"/>
<CUENTA_CORRIENTE_AHORROS CIUDAD_CTA_CTE_CE="PALMIRA" DIAS_SOBREGIRO_CTA_CTE_CE="15" ESTADO_CTA_CTE_AHORROS_CE="1" FECHA_CORTE_CUENTA_CE="2019-02-28" FECHA_INICIAL_CUENTA_CE="1993-11-09" NOMBRE_ENTIDAD_CTA_CTE_CE="BCO DE BOGOTA" NUMERO_DEVOLUCIONES_ULTIMO_MES_CTA_CTE_CE="0" NUMERO_OBLIGACION_CTA_CTE_CE="458071305" SUCURSAL_CTA_CTE_CE="0458 PALMIRA"/>
<CUENTA_CORRIENTE_AHORROS CIUDAD_CTA_CTE_CE="PALMIRA" ESTADO_CTA_CTE_AHORROS_CE="1" FECHA_CORTE_CUENTA_CE="2019-02-28" FECHA_INICIAL_CUENTA_CE="2018-09-20" NOMBRE_ENTIDAD_CTA_CTE_CE="BANCOLOMBIA" NUMERO_OBLIGACION_CTA_CTE_CE="000000163" SUCURSAL_CTA_CTE_CE="CARRERA 26" TIPO_CONTRATO_CTA_CTE_CE="2"/>
<CUENTA_CORRIENTE_AHORROS CIUDAD_CTA_CTE_CE="PALMIRA" ESTADO_CTA_CTE_AHORROS_CE="1" FECHA_CORTE_CUENTA_CE="2019-02-28" FECHA_INICIAL_CUENTA_CE="2018-01-24" NOMBRE_ENTIDAD_CTA_CTE_CE="BANCOLOMBIA" NUMERO_OBLIGACION_CTA_CTE_CE="088104729" SUCURSAL_CTA_CTE_CE="CARRERA 26" TIPO_CONTRATO_CTA_CTE_CE="2"/>
<CUENTA_CORRIENTE_AHORROS CIUDAD_CTA_CTE_CE="PALMIRA" ESTADO_CTA_CTE_AHORROS_CE="3" FECHA_CORTE_CUENTA_CE="2019-02-28" FECHA_INICIAL_CUENTA_CE="1988-07-27" NOMBRE_ENTIDAD_CTA_CTE_CE="BCO AGRARIO" NUMERO_OBLIGACION_CTA_CTE_CE="400382621" SUCURSAL_CTA_CTE_CE="PALMIRA" TIPO_CONTRATO_CTA_CTE_CE="0"/>
<CUENTA_CORRIENTE_AHORROS CIUDAD_CTA_CTE_CE="FI. -" ESTADO_CTA_CTE_AHORROS_CE="3" FECHA_INICIAL_CUENTA_CE="1987-09-30" NOMBRE_ENTIDAD_CTA_CTE_CE="BCO COLPATRIA" NUMERO_OBLIGACION_CTA_CTE_CE="106713378" SUCURSAL_CTA_CTE_CE="CALI PALMIRA" TIPO_CONTRATO_CTA_CTE_CE="0"/>
<CUENTA_CORRIENTE_AHORROS CIUDAD_CTA_CTE_CE="PALMIRA" ESTADO_CTA_CTE_AHORROS_CE="3" FECHA_CORTE_CUENTA_CE="2019-02-28" FECHA_INICIAL_CUENTA_CE="1997-07-31" NOMBRE_ENTIDAD_CTA_CTE_CE="BCO DE BOGOTA" NUMERO_OBLIGACION_CTA_CTE_CE="458223476" SUCURSAL_CTA_CTE_CE="0458 PALMIRA" TIPO_CONTRATO_CTA_CTE_CE="0"/>
<CUENTA_CORRIENTE_AHORROS CIUDAD_CTA_CTE_CE="PALMIRA" ESTADO_CTA_CTE_AHORROS_CE="5" FECHA_CORTE_CUENTA_CE="2015-07-31" FECHA_INICIAL_CUENTA_CE="1979-05-22" NOMBRE_ENTIDAD_CTA_CTE_CE="ITAU CORPBANCA CTA AHORROS" NUMERO_OBLIGACION_CTA_CTE_CE="368016675" SUCURSAL_CTA_CTE_CE="PALMIRA" TIPO_CONTRATO_CTA_CTE_CE="0"/>
<ENDEUDAMIENTO_GLOBAL FECHA_T1_CE="2018-09-30" FECHA_T2_CE="2018-09-30" FECHA_T3_CE="2018-09-30" NOMBRE_ENTIDAD_ENDEUDAMIENTO_GLOBAL_CE="BANCO CAJA SOC" TIPO_MONEDA_CE="MC" VALOR_DEUDA_COMERCIAL_CE="16656000"/>
<SECTOR_FINANCIERO_SOLIDARIO CALIDAD_FINANCIERO_SOLIDARIO_CE="T" CALIFICACION_FINANCIERO_SOLIDARIO_CE="1" CIUDAD_FINANCIERO_SOLIDARIO_CE="PALMIRA" COMPORTAMIENTO_SECTOR_FINANCIERO_SOLIDARIO_CE="N|N|N|N|N|N|N|N|N|N|N|N|N|N|N|N|N|N|N|N|N|N|N|N|" CUOTAS_CANCELADAS_FINANCIERO_SOLIDARIO_CE="89" CUOTAS_PACTADAS_CE="180" ESTADO_CONTRATO_FINANCIERO_SOLIDARIO_CE="1" ESTADO_FINANCIERO_SOLIDARIO_CE="1" ESTADO_TITULAR_FINANCIERO_SOLIDARIO_CE="6" FECHA_CORTE_FINANCIERO_SOLIDARIO_CE="2019-03-15" FECHA_INICIAL_FINANCIERO_SOLIDARIO_CE="2011-09-15" FECHA_PAGO_FINANCIERO_SOLIDARIO_CE="1999-11-30" LINEA_CREDITO_FINANCIERO_SOLIDARIO_CE="88" MODALIDAD_CREDITO_FINANCIERO_SOLIDARIO_CE="3" MODO_EXTINCION_FINANCIERO_SOLIDARIO_CE="19" NOMBRE_ENTIDAD_FINANCIERO_SOLIDARIO_CE="BANCO CAJA SOC" NUMERO_DE_CUOTAS_EN_MORA_SECTOR_FINANCIERO_SOLIDARIO_CE="0" NUMERO_OBLIGACION_FINANCIERO_SOLIDARIO_CE="205677695" PERIODICIDAD_FINANCIERO_SOLIDARIO_CE="8" PROBABILIDAD_NO_PAGO_FINANCIERO_SOLIDARIO_CE="0.0" REESTRUCTURADO_FINANCIERO_SOLIDARIO_CE="2" SALDO_OBLIGACION_FINANCIERO_SOLIDARIO_CE="16008000.0" SUCURSAL_FINANCIERO_SOLIDARIO_CE="CR 27 PALMIRA" TIPO_GARANTIA_FINANCIERO_SOLIDARIO_CE="1" TIPO_MONEDA_FINANCIERO_SOLIDARIO_CE="1" VALOR_CUOTA_FINANCIERO_SOLIDARIO_CE="231" VALOR_INICIAL_FINANCIERO_SOLIDARIO_CE="24808" VALOR_MORA_FINANCIERO_SOLIDARIO_CE="0"/>
<SECTOR_FINANCIERO_SOLIDARIO CALIDAD_FINANCIERO_SOLIDARIO_CE="T" CALIFICACION_FINANCIERO_SOLIDARIO_CE="1" CIUDAD_FINANCIERO_SOLIDARIO_CE="PALMIRA" COMPORTAMIENTO_SECTOR_FINANCIERO_SOLIDARIO_CE="I|I|I|I|I|I|I|I|I|I|I|N|N|N|N|N|N|N|N|N|N|N|N|N|" CUOTAS_CANCELADAS_FINANCIERO_SOLIDARIO_CE="1" CUOTAS_PACTADAS_CE="0" ESTADO_CONTRATO_FINANCIERO_SOLIDARIO_CE="1" ESTADO_FINANCIERO_SOLIDARIO_CE="1" ESTADO_TITULAR_FINANCIERO_SOLIDARIO_CE="6" FECHA_CORTE_FINANCIERO_SOLIDARIO_CE="2019-02-28" FECHA_INICIAL_FINANCIERO_SOLIDARIO_CE="2018-02-28" FECHA_PAGO_FINANCIERO_SOLIDARIO_CE="1999-11-30" LINEA_CREDITO_FINANCIERO_SOLIDARIO_CE="69" MODALIDAD_CREDITO_FINANCIERO_SOLIDARIO_CE="2" MODO_EXTINCION_FINANCIERO_SOLIDARIO_CE="19" NOMBRE_ENTIDAD_FINANCIERO_SOLIDARIO_CE="BCO DE BOGOTA  SOBREGIROS" NUMERO_DE_CUOTAS_EN_MORA_SECTOR_FINANCIERO_SOLIDARIO_CE="0" NUMERO_OBLIGACION_FINANCIERO_SOLIDARIO_CE="458071305" PERIODICIDAD_FINANCIERO_SOLIDARIO_CE="1" PROBABILIDAD_NO_PAGO_FINANCIERO_SOLIDARIO_CE="0.0" REESTRUCTURADO_FINANCIERO_SOLIDARIO_CE="2" SALDO_OBLIGACION_FINANCIERO_SOLIDARIO_CE="0" SUCURSAL_FINANCIERO_SOLIDARIO_CE="0458-PALMIRA" TIPO_GARANTIA_FINANCIERO_SOLIDARIO_CE="0" TIPO_MONEDA_FINANCIERO_SOLIDARIO_CE="1" VALOR_CUOTA_FINANCIERO_SOLIDARIO_CE="0" VALOR_INICIAL_FINANCIERO_SOLIDARIO_CE="2200" VALOR_MORA_FINANCIERO_SOLIDARIO_CE="0"/>
<SECTOR_FINANCIERO_SOLIDARIO CALIDAD_FINANCIERO_SOLIDARIO_CE="T" CALIFICACION_FINANCIERO_SOLIDARIO_CE="3" COMPORTAMIENTO_SECTOR_FINANCIERO_SOLIDARIO_CE="I|I|I|I|I|I|I|I|I|I|I|I|I|I|I|I|I|N|N|N|N|N|N|N|" ESTADO_FINANCIERO_SOLIDARIO_CE="5" ESTADO_TITULAR_FINANCIERO_SOLIDARIO_CE="6" FECHA_INICIAL_FINANCIERO_SOLIDARIO_CE="1994-11-01" MODALIDAD_CREDITO_FINANCIERO_SOLIDARIO_CE="1" MODO_EXTINCION_FINANCIERO_SOLIDARIO_CE="19" NOMBRE_ENTIDAD_FINANCIERO_SOLIDARIO_CE="BCO AGRARIO" NUMERO_OBLIGACION_FINANCIERO_SOLIDARIO_CE="000027288" PROBABILIDAD_NO_PAGO_FINANCIERO_SOLIDARIO_CE="0.0" REESTRUCTURADO_FINANCIERO_SOLIDARIO_CE="0" SUCURSAL_FINANCIERO_SOLIDARIO_CE="NO INFORMO" TIPO_GARANTIA_FINANCIERO_SOLIDARIO_CE="1"/>
<SECTOR_FINANCIERO_SOLIDARIO CALIDAD_FINANCIERO_SOLIDARIO_CE="T" COMPORTAMIENTO_SECTOR_FINANCIERO_SOLIDARIO_CE="N|N|N|N|N|N|N|N|N|N|N|N|N|N|N|N|N|N|N|N|N|N|N|N|" ESTADO_FINANCIERO_SOLIDARIO_CE="5" ESTADO_TITULAR_FINANCIERO_SOLIDARIO_CE="6" FECHA_INICIAL_FINANCIERO_SOLIDARIO_CE="1996-09-01" MODALIDAD_CREDITO_FINANCIERO_SOLIDARIO_CE="7" MODO_EXTINCION_FINANCIERO_SOLIDARIO_CE="19" NOMBRE_ENTIDAD_FINANCIERO_SOLIDARIO_CE="BCO DE BOGOTA" NUMERO_OBLIGACION_FINANCIERO_SOLIDARIO_CE="000011521" PROBABILIDAD_NO_PAGO_FINANCIERO_SOLIDARIO_CE="0.0" REESTRUCTURADO_FINANCIERO_SOLIDARIO_CE="0" SUCURSAL_FINANCIERO_SOLIDARIO_CE="NO INFORMO" TIPO_GARANTIA_FINANCIERO_SOLIDARIO_CE="0"/>
<SECTOR_FINANCIERO_SOLIDARIO CALIDAD_FINANCIERO_SOLIDARIO_CE="T" CALIFICACION_FINANCIERO_SOLIDARIO_CE="1" CIUDAD_FINANCIERO_SOLIDARIO_CE="BOGOTA" COMPORTAMIENTO_SECTOR_FINANCIERO_SOLIDARIO_CE="N|N|N|N|N|N|N|N|N|N|N|N|N|N|N|N|N|N|N|N|N|N|N|N|" CUOTAS_CANCELADAS_FINANCIERO_SOLIDARIO_CE="0" CUOTAS_PACTADAS_CE="0" ESTADO_FINANCIERO_SOLIDARIO_CE="5" ESTADO_TITULAR_FINANCIERO_SOLIDARIO_CE="6" FECHA_INICIAL_FINANCIERO_SOLIDARIO_CE="2014-02-14" FECHA_PAGO_FINANCIERO_SOLIDARIO_CE="2016-02-18" MODALIDAD_CREDITO_FINANCIERO_SOLIDARIO_CE="2" MODO_EXTINCION_FINANCIERO_SOLIDARIO_CE="16" NOMBRE_ENTIDAD_FINANCIERO_SOLIDARIO_CE="BCO DE BOGOTA" NUMERO_DE_CUOTAS_EN_MORA_SECTOR_FINANCIERO_SOLIDARIO_CE="0" NUMERO_OBLIGACION_FINANCIERO_SOLIDARIO_CE="000035263" PERIODICIDAD_FINANCIERO_SOLIDARIO_CE="2" PROBABILIDAD_NO_PAGO_FINANCIERO_SOLIDARIO_CE="0.0" REESTRUCTURADO_FINANCIERO_SOLIDARIO_CE="0" SALDO_OBLIGACION_FINANCIERO_SOLIDARIO_CE="0" SUCURSAL_FINANCIERO_SOLIDARIO_CE="PALMIRA" TIPO_GARANTIA_FINANCIERO_SOLIDARIO_CE="2" TIPO_MONEDA_FINANCIERO_SOLIDARIO_CE="1" VALOR_CUOTA_FINANCIERO_SOLIDARIO_CE="0" VALOR_INICIAL_FINANCIERO_SOLIDARIO_CE="6300" VALOR_MORA_FINANCIERO_SOLIDARIO_CE="0"/>
<SECTOR_FINANCIERO_SOLIDARIO CALIDAD_FINANCIERO_SOLIDARIO_CE="T" CALIFICACION_FINANCIERO_SOLIDARIO_CE="1" CIUDAD_FINANCIERO_SOLIDARIO_CE="PALMIRA" COMPORTAMIENTO_SECTOR_FINANCIERO_SOLIDARIO_CE="N|N|N|N|N|N|N|N|N|N|N|N|N|N|N|N|N|N|N|N|N|N|N|N|" CUOTAS_CANCELADAS_FINANCIERO_SOLIDARIO_CE="28" CUOTAS_PACTADAS_CE="0" ESTADO_FINANCIERO_SOLIDARIO_CE="5" ESTADO_TITULAR_FINANCIERO_SOLIDARIO_CE="6" FECHA_CORTE_FINANCIERO_SOLIDARIO_CE="2018-11-30" FECHA_INICIAL_FINANCIERO_SOLIDARIO_CE="2016-07-26" FECHA_PAGO_FINANCIERO_SOLIDARIO_CE="2018-11-27" MODALIDAD_CREDITO_FINANCIERO_SOLIDARIO_CE="2" MODO_EXTINCION_FINANCIERO_SOLIDARIO_CE="16" NOMBRE_ENTIDAD_FINANCIERO_SOLIDARIO_CE="BCO DE BOGOTA" NUMERO_DE_CUOTAS_EN_MORA_SECTOR_FINANCIERO_SOLIDARIO_CE="0" NUMERO_OBLIGACION_FINANCIERO_SOLIDARIO_CE="000048356" PERIODICIDAD_FINANCIERO_SOLIDARIO_CE="11" PROBABILIDAD_NO_PAGO_FINANCIERO_SOLIDARIO_CE="0.0" REESTRUCTURADO_FINANCIERO_SOLIDARIO_CE="0" SALDO_OBLIGACION_FINANCIERO_SOLIDARIO_CE="0" SUCURSAL_FINANCIERO_SOLIDARIO_CE="0458-PALMIRA" TIPO_GARANTIA_FINANCIERO_SOLIDARIO_CE="J" TIPO_MONEDA_FINANCIERO_SOLIDARIO_CE="1" VALOR_CUOTA_FINANCIERO_SOLIDARIO_CE="0" VALOR_INICIAL_FINANCIERO_SOLIDARIO_CE="0" VALOR_MORA_FINANCIERO_SOLIDARIO_CE="0"/>
<SECTOR_FINANCIERO_SOLIDARIO CALIDAD_FINANCIERO_SOLIDARIO_CE="T" CALIFICACION_FINANCIERO_SOLIDARIO_CE="1" COMPORTAMIENTO_SECTOR_FINANCIERO_SOLIDARIO_CE="N|N|N|N|N|N|N|N|N|N|N|N|N|N|N|N|N|N|N|N|N|N|N|N|" ESTADO_FINANCIERO_SOLIDARIO_CE="5" ESTADO_TITULAR_FINANCIERO_SOLIDARIO_CE="6" FECHA_INICIAL_FINANCIERO_SOLIDARIO_CE="1999-02-01" MODALIDAD_CREDITO_FINANCIERO_SOLIDARIO_CE="1" MODO_EXTINCION_FINANCIERO_SOLIDARIO_CE="19" NOMBRE_ENTIDAD_FINANCIERO_SOLIDARIO_CE="BCO DE BOGOTA" NUMERO_OBLIGACION_FINANCIERO_SOLIDARIO_CE="000400409" PROBABILIDAD_NO_PAGO_FINANCIERO_SOLIDARIO_CE="0.0" REESTRUCTURADO_FINANCIERO_SOLIDARIO_CE="0" SUCURSAL_FINANCIERO_SOLIDARIO_CE="NO INFORMO" TIPO_GARANTIA_FINANCIERO_SOLIDARIO_CE="1"/>
<SECTOR_FINANCIERO_SOLIDARIO CALIDAD_FINANCIERO_SOLIDARIO_CE="T" CALIFICACION_FINANCIERO_SOLIDARIO_CE="1" COMPORTAMIENTO_SECTOR_FINANCIERO_SOLIDARIO_CE="N|N|N|N|N|N|N|N|N|N|N|N|N|N|N|N|N|N|N|N|N|N|N|N|" ESTADO_FINANCIERO_SOLIDARIO_CE="5" ESTADO_TITULAR_FINANCIERO_SOLIDARIO_CE="6" FECHA_INICIAL_FINANCIERO_SOLIDARIO_CE="2001-07-01" MODALIDAD_CREDITO_FINANCIERO_SOLIDARIO_CE="2" MODO_EXTINCION_FINANCIERO_SOLIDARIO_CE="16" NOMBRE_ENTIDAD_FINANCIERO_SOLIDARIO_CE="BCO DE BOGOTA" NUMERO_OBLIGACION_FINANCIERO_SOLIDARIO_CE="000400414" PROBABILIDAD_NO_PAGO_FINANCIERO_SOLIDARIO_CE="0.0" REESTRUCTURADO_FINANCIERO_SOLIDARIO_CE="0" SUCURSAL_FINANCIERO_SOLIDARIO_CE="NO INFORMO" TIPO_GARANTIA_FINANCIERO_SOLIDARIO_CE="2"/>
<SECTOR_FINANCIERO_SOLIDARIO CALIDAD_FINANCIERO_SOLIDARIO_CE="T" CALIFICACION_FINANCIERO_SOLIDARIO_CE="1" COMPORTAMIENTO_SECTOR_FINANCIERO_SOLIDARIO_CE="I|N|N|I|N|I|I|N|N|I|I|N|I|N|I|I|N|I|I|N|N|N|N|N|" ESTADO_FINANCIERO_SOLIDARIO_CE="5" ESTADO_TITULAR_FINANCIERO_SOLIDARIO_CE="6" FECHA_INICIAL_FINANCIERO_SOLIDARIO_CE="2004-07-01" MODALIDAD_CREDITO_FINANCIERO_SOLIDARIO_CE="1" MODO_EXTINCION_FINANCIERO_SOLIDARIO_CE="16" NOMBRE_ENTIDAD_FINANCIERO_SOLIDARIO_CE="BCO DE BOGOTA" NUMERO_OBLIGACION_FINANCIERO_SOLIDARIO_CE="000400430" PROBABILIDAD_NO_PAGO_FINANCIERO_SOLIDARIO_CE="0.0" REESTRUCTURADO_FINANCIERO_SOLIDARIO_CE="0" SUCURSAL_FINANCIERO_SOLIDARIO_CE="NO INFORMO" TIPO_GARANTIA_FINANCIERO_SOLIDARIO_CE="2"/>
<SECTOR_FINANCIERO_SOLIDARIO CALIDAD_FINANCIERO_SOLIDARIO_CE="T" CALIFICACION_FINANCIERO_SOLIDARIO_CE="1" COMPORTAMIENTO_SECTOR_FINANCIERO_SOLIDARIO_CE="N|N|N|N|N|N|N|N|N|N|N|N|N|N|N|N|N|N|N|N|N|N|N|N|" ESTADO_FINANCIERO_SOLIDARIO_CE="5" ESTADO_TITULAR_FINANCIERO_SOLIDARIO_CE="6" FECHA_INICIAL_FINANCIERO_SOLIDARIO_CE="2010-05-12" MODALIDAD_CREDITO_FINANCIERO_SOLIDARIO_CE="2" MODO_EXTINCION_FINANCIERO_SOLIDARIO_CE="16" NOMBRE_ENTIDAD_FINANCIERO_SOLIDARIO_CE="BCO DE BOGOTA" NUMERO_OBLIGACION_FINANCIERO_SOLIDARIO_CE="004510244" PROBABILIDAD_NO_PAGO_FINANCIERO_SOLIDARIO_CE="0.0" REESTRUCTURADO_FINANCIERO_SOLIDARIO_CE="0" SUCURSAL_FINANCIERO_SOLIDARIO_CE="NO INFORMO" TIPO_GARANTIA_FINANCIERO_SOLIDARIO_CE="2"/>
<SECTOR_FINANCIERO_SOLIDARIO CALIDAD_FINANCIERO_SOLIDARIO_CE="T" COMPORTAMIENTO_SECTOR_FINANCIERO_SOLIDARIO_CE="I|I|I|I|I|I|I|I|I|I|I|I|I|I|I|I|I|I|I|I|N|N|N|N|" ESTADO_FINANCIERO_SOLIDARIO_CE="5" ESTADO_TITULAR_FINANCIERO_SOLIDARIO_CE="6" FECHA_INICIAL_FINANCIERO_SOLIDARIO_CE="2006-06-10" MODALIDAD_CREDITO_FINANCIERO_SOLIDARIO_CE="1" MODO_EXTINCION_FINANCIERO_SOLIDARIO_CE="16" NOMBRE_ENTIDAD_FINANCIERO_SOLIDARIO_CE="COOFLOPAL" NUMERO_OBLIGACION_FINANCIERO_SOLIDARIO_CE="000001802" PROBABILIDAD_NO_PAGO_FINANCIERO_SOLIDARIO_CE="0.0" REESTRUCTURADO_FINANCIERO_SOLIDARIO_CE="0" SUCURSAL_FINANCIERO_SOLIDARIO_CE="NO INFORMO" TIPO_GARANTIA_FINANCIERO_SOLIDARIO_CE="1"/>
<SECTOR_FINANCIERO_SOLIDARIO CALIDAD_FINANCIERO_SOLIDARIO_CE="T" COMPORTAMIENTO_SECTOR_FINANCIERO_SOLIDARIO_CE="I|I|I|I|I|I|I|I|I|I|I|I|I|I|I|I|I|I|I|I|I|N|N|N|" ESTADO_FINANCIERO_SOLIDARIO_CE="5" ESTADO_TITULAR_FINANCIERO_SOLIDARIO_CE="6" FECHA_INICIAL_FINANCIERO_SOLIDARIO_CE="2006-06-10" MODALIDAD_CREDITO_FINANCIERO_SOLIDARIO_CE="1" MODO_EXTINCION_FINANCIERO_SOLIDARIO_CE="16" NOMBRE_ENTIDAD_FINANCIERO_SOLIDARIO_CE="COOFLOPAL" NUMERO_OBLIGACION_FINANCIERO_SOLIDARIO_CE="000001827" PROBABILIDAD_NO_PAGO_FINANCIERO_SOLIDARIO_CE="0.0" REESTRUCTURADO_FINANCIERO_SOLIDARIO_CE="0" SUCURSAL_FINANCIERO_SOLIDARIO_CE="NO INFORMO" TIPO_GARANTIA_FINANCIERO_SOLIDARIO_CE="1"/>
<SECTOR_FINANCIERO_SOLIDARIO CALIDAD_FINANCIERO_SOLIDARIO_CE="T" COMPORTAMIENTO_SECTOR_FINANCIERO_SOLIDARIO_CE="I|I|I|I|I|I|I|I|I|I|I|I|I|I|I|I|I|I|I|I|I|N|N|N|" ESTADO_FINANCIERO_SOLIDARIO_CE="5" ESTADO_TITULAR_FINANCIERO_SOLIDARIO_CE="6" FECHA_INICIAL_FINANCIERO_SOLIDARIO_CE="2006-06-10" MODALIDAD_CREDITO_FINANCIERO_SOLIDARIO_CE="1" MODO_EXTINCION_FINANCIERO_SOLIDARIO_CE="16" NOMBRE_ENTIDAD_FINANCIERO_SOLIDARIO_CE="COOFLOPAL" NUMERO_OBLIGACION_FINANCIERO_SOLIDARIO_CE="000075862" PROBABILIDAD_NO_PAGO_FINANCIERO_SOLIDARIO_CE="0.0" REESTRUCTURADO_FINANCIERO_SOLIDARIO_CE="0" SUCURSAL_FINANCIERO_SOLIDARIO_CE="NO INFORMO" TIPO_GARANTIA_FINANCIERO_SOLIDARIO_CE="1"/>
<SECTOR_FINANCIERO_SOLIDARIO CALIDAD_FINANCIERO_SOLIDARIO_CE="T" CIUDAD_FINANCIERO_SOLIDARIO_CE="PALMIRA" COMPORTAMIENTO_SECTOR_FINANCIERO_SOLIDARIO_CE="I|I|I|I|I|I|I|I|I|I|I|I|I|I|I|I|I|I|I|I|I|N|N|N|" CUOTAS_CANCELADAS_FINANCIERO_SOLIDARIO_CE="1" CUOTAS_PACTADAS_CE="1" ESTADO_FINANCIERO_SOLIDARIO_CE="5" ESTADO_TITULAR_FINANCIERO_SOLIDARIO_CE="6" FECHA_CORTE_FINANCIERO_SOLIDARIO_CE="2017-04-08" FECHA_INICIAL_FINANCIERO_SOLIDARIO_CE="1982-05-19" FECHA_PAGO_FINANCIERO_SOLIDARIO_CE="2017-04-08" MODALIDAD_CREDITO_FINANCIERO_SOLIDARIO_CE="1" MODO_EXTINCION_FINANCIERO_SOLIDARIO_CE="16" NOMBRE_ENTIDAD_FINANCIERO_SOLIDARIO_CE="COOFLOPAL" NUMERO_DE_CUOTAS_EN_MORA_SECTOR_FINANCIERO_SOLIDARIO_CE="0" NUMERO_OBLIGACION_FINANCIERO_SOLIDARIO_CE="000133332" PERIODICIDAD_FINANCIERO_SOLIDARIO_CE="8" PROBABILIDAD_NO_PAGO_FINANCIERO_SOLIDARIO_CE="0.0" REESTRUCTURADO_FINANCIERO_SOLIDARIO_CE="0" SALDO_OBLIGACION_FINANCIERO_SOLIDARIO_CE="0" SUCURSAL_FINANCIERO_SOLIDARIO_CE="PRINCIPAL" TIPO_GARANTIA_FINANCIERO_SOLIDARIO_CE="1" TIPO_MONEDA_FINANCIERO_SOLIDARIO_CE="1" VALOR_CUOTA_FINANCIERO_SOLIDARIO_CE="0" VALOR_INICIAL_FINANCIERO_SOLIDARIO_CE="61" VALOR_MORA_FINANCIERO_SOLIDARIO_CE="0"/>
<SECTOR_FINANCIERO_SOLIDARIO CALIDAD_FINANCIERO_SOLIDARIO_CE="T" COMPORTAMIENTO_SECTOR_FINANCIERO_SOLIDARIO_CE="I|I|I|I|I|I|I|I|I|I|I|I|N|N|N|N|N|N|N|N|N|N|N|N|" ESTADO_FINANCIERO_SOLIDARIO_CE="5" ESTADO_TITULAR_FINANCIERO_SOLIDARIO_CE="6" FECHA_INICIAL_FINANCIERO_SOLIDARIO_CE="2008-01-01" MODALIDAD_CREDITO_FINANCIERO_SOLIDARIO_CE="7" MODO_EXTINCION_FINANCIERO_SOLIDARIO_CE="16" NOMBRE_ENTIDAD_FINANCIERO_SOLIDARIO_CE="FUNDACION      MUNDO MUJER" NUMERO_OBLIGACION_FINANCIERO_SOLIDARIO_CE="008100361" PROBABILIDAD_NO_PAGO_FINANCIERO_SOLIDARIO_CE="0.0" REESTRUCTURADO_FINANCIERO_SOLIDARIO_CE="0" SUCURSAL_FINANCIERO_SOLIDARIO_CE="NO INFORMO" TIPO_GARANTIA_FINANCIERO_SOLIDARIO_CE="0"/>
<SECTOR_FINANCIERO_SOLIDARIO CALIDAD_FINANCIERO_SOLIDARIO_CE="T" COMPORTAMIENTO_SECTOR_FINANCIERO_SOLIDARIO_CE="N|N|N|N|N|N|N|N|N|N|N|N|N|N|N|N|N|N|N|N|N|N|N|N|" ESTADO_FINANCIERO_SOLIDARIO_CE="5" ESTADO_TITULAR_FINANCIERO_SOLIDARIO_CE="6" FECHA_INICIAL_FINANCIERO_SOLIDARIO_CE="2009-02-27" MODALIDAD_CREDITO_FINANCIERO_SOLIDARIO_CE="4" MODO_EXTINCION_FINANCIERO_SOLIDARIO_CE="16" NOMBRE_ENTIDAD_FINANCIERO_SOLIDARIO_CE="FUNDACION      MUNDO MUJER" NUMERO_OBLIGACION_FINANCIERO_SOLIDARIO_CE="091011448" PROBABILIDAD_NO_PAGO_FINANCIERO_SOLIDARIO_CE="0.0" REESTRUCTURADO_FINANCIERO_SOLIDARIO_CE="0" SUCURSAL_FINANCIERO_SOLIDARIO_CE="NO INFORMO" TIPO_GARANTIA_FINANCIERO_SOLIDARIO_CE="1"/>
<SECTOR_FINANCIERO_SOLIDARIO CALIDAD_FINANCIERO_SOLIDARIO_CE="T" COMPORTAMIENTO_SECTOR_FINANCIERO_SOLIDARIO_CE="I|I|I|I|I|I|I|N|N|N|N|N|N|N|N|N|N|N|N|N|N|N|N|N|" ESTADO_FINANCIERO_SOLIDARIO_CE="5" ESTADO_TITULAR_FINANCIERO_SOLIDARIO_CE="6" FECHA_INICIAL_FINANCIERO_SOLIDARIO_CE="2011-10-19" MODALIDAD_CREDITO_FINANCIERO_SOLIDARIO_CE="4" MODO_EXTINCION_FINANCIERO_SOLIDARIO_CE="16" NOMBRE_ENTIDAD_FINANCIERO_SOLIDARIO_CE="FUNDACION      MUNDO MUJER" NUMERO_OBLIGACION_FINANCIERO_SOLIDARIO_CE="111033399" PROBABILIDAD_NO_PAGO_FINANCIERO_SOLIDARIO_CE="0.0" REESTRUCTURADO_FINANCIERO_SOLIDARIO_CE="0" SUCURSAL_FINANCIERO_SOLIDARIO_CE="NO INFORMO" TIPO_GARANTIA_FINANCIERO_SOLIDARIO_CE="1"/>
<SECTOR_FINANCIERO_SOLIDARIO CALIDAD_FINANCIERO_SOLIDARIO_CE="T" COMPORTAMIENTO_SECTOR_FINANCIERO_SOLIDARIO_CE="I|I|I|I|I|I|N|N|N|N|N|N|N|N|N|N|N|N|N|N|N|N|N|N|" CUOTAS_CANCELADAS_FINANCIERO_SOLIDARIO_CE="16" CUOTAS_PACTADAS_CE="16" ESTADO_FINANCIERO_SOLIDARIO_CE="5" ESTADO_TITULAR_FINANCIERO_SOLIDARIO_CE="6" FECHA_INICIAL_FINANCIERO_SOLIDARIO_CE="2012-11-24" FECHA_PAGO_FINANCIERO_SOLIDARIO_CE="2014-04-07" MODALIDAD_CREDITO_FINANCIERO_SOLIDARIO_CE="4" MODO_EXTINCION_FINANCIERO_SOLIDARIO_CE="16" NOMBRE_ENTIDAD_FINANCIERO_SOLIDARIO_CE="FUNDACION      MUNDO MUJER" NUMERO_DE_CUOTAS_EN_MORA_SECTOR_FINANCIERO_SOLIDARIO_CE="0" NUMERO_OBLIGACION_FINANCIERO_SOLIDARIO_CE="121041647" PERIODICIDAD_FINANCIERO_SOLIDARIO_CE="8" PROBABILIDAD_NO_PAGO_FINANCIERO_SOLIDARIO_CE="0.0" REESTRUCTURADO_FINANCIERO_SOLIDARIO_CE="0" SALDO_OBLIGACION_FINANCIERO_SOLIDARIO_CE="0" TIPO_GARANTIA_FINANCIERO_SOLIDARIO_CE="1" TIPO_MONEDA_FINANCIERO_SOLIDARIO_CE="2" VALOR_CUOTA_FINANCIERO_SOLIDARIO_CE="0" VALOR_INICIAL_FINANCIERO_SOLIDARIO_CE="1624" VALOR_MORA_FINANCIERO_SOLIDARIO_CE="0"/>
<SECTOR_FINANCIERO_SOLIDARIO CALIDAD_FINANCIERO_SOLIDARIO_CE="T" COMPORTAMIENTO_SECTOR_FINANCIERO_SOLIDARIO_CE="I|I|I|I|N|N|N|N|N|N|N|N|N|N|N|N|N|N|N|N|N|N|N|N|" CUOTAS_CANCELADAS_FINANCIERO_SOLIDARIO_CE="19" CUOTAS_PACTADAS_CE="19" ESTADO_FINANCIERO_SOLIDARIO_CE="5" ESTADO_TITULAR_FINANCIERO_SOLIDARIO_CE="6" FECHA_INICIAL_FINANCIERO_SOLIDARIO_CE="2013-04-05" FECHA_PAGO_FINANCIERO_SOLIDARIO_CE="2014-11-18" MODALIDAD_CREDITO_FINANCIERO_SOLIDARIO_CE="4" MODO_EXTINCION_FINANCIERO_SOLIDARIO_CE="16" NOMBRE_ENTIDAD_FINANCIERO_SOLIDARIO_CE="FUNDACION      MUNDO MUJER" NUMERO_DE_CUOTAS_EN_MORA_SECTOR_FINANCIERO_SOLIDARIO_CE="0" NUMERO_OBLIGACION_FINANCIERO_SOLIDARIO_CE="143409200" PERIODICIDAD_FINANCIERO_SOLIDARIO_CE="8" PROBABILIDAD_NO_PAGO_FINANCIERO_SOLIDARIO_CE="0.0" REESTRUCTURADO_FINANCIERO_SOLIDARIO_CE="0" SALDO_OBLIGACION_FINANCIERO_SOLIDARIO_CE="0" TIPO_GARANTIA_FINANCIERO_SOLIDARIO_CE="1" TIPO_MONEDA_FINANCIERO_SOLIDARIO_CE="2" VALOR_CUOTA_FINANCIERO_SOLIDARIO_CE="0" VALOR_INICIAL_FINANCIERO_SOLIDARIO_CE="2528" VALOR_MORA_FINANCIERO_SOLIDARIO_CE="0"/>
<SECTOR_FINANCIERO_SOLIDARIO CALIDAD_FINANCIERO_SOLIDARIO_CE="T" CALIFICACION_FINANCIERO_SOLIDARIO_CE="1" CIUDAD_FINANCIERO_SOLIDARIO_CE="PALMIRA" COMPORTAMIENTO_SECTOR_FINANCIERO_SOLIDARIO_CE="I|I|I|I|I|I|I|I|N|N|N|N|N|N|N|N|N|N|N|N|N|N|N|N|" CUOTAS_CANCELADAS_FINANCIERO_SOLIDARIO_CE="0" CUOTAS_PACTADAS_CE="0" ESTADO_FINANCIERO_SOLIDARIO_CE="5" ESTADO_TITULAR_FINANCIERO_SOLIDARIO_CE="6" FECHA_CORTE_FINANCIERO_SOLIDARIO_CE="2016-07-31" FECHA_INICIAL_FINANCIERO_SOLIDARIO_CE="2015-04-30" FECHA_PAGO_FINANCIERO_SOLIDARIO_CE="2016-07-27" MODALIDAD_CREDITO_FINANCIERO_SOLIDARIO_CE="2" MODO_EXTINCION_FINANCIERO_SOLIDARIO_CE="16" NOMBRE_ENTIDAD_FINANCIERO_SOLIDARIO_CE="ROTATIVO       BCO DE BOGOTA" NUMERO_DE_CUOTAS_EN_MORA_SECTOR_FINANCIERO_SOLIDARIO_CE="0" NUMERO_OBLIGACION_FINANCIERO_SOLIDARIO_CE="257760159" PERIODICIDAD_FINANCIERO_SOLIDARIO_CE="8" PROBABILIDAD_NO_PAGO_FINANCIERO_SOLIDARIO_CE="0.0" REESTRUCTURADO_FINANCIERO_SOLIDARIO_CE="0" SALDO_OBLIGACION_FINANCIERO_SOLIDARIO_CE="0" SUCURSAL_FINANCIERO_SOLIDARIO_CE="0458 PALMIRA" TIPO_GARANTIA_FINANCIERO_SOLIDARIO_CE="0" TIPO_MONEDA_FINANCIERO_SOLIDARIO_CE="1" VALOR_CUOTA_FINANCIERO_SOLIDARIO_CE="0" VALOR_INICIAL_FINANCIERO_SOLIDARIO_CE="0" VALOR_MORA_FINANCIERO_SOLIDARIO_CE="0"/>
<SECTOR_FINANCIERO_SOLIDARIO CALIDAD_FINANCIERO_SOLIDARIO_CE="T" CALIFICACION_FINANCIERO_SOLIDARIO_CE="1" COMPORTAMIENTO_SECTOR_FINANCIERO_SOLIDARIO_CE="I|I|I|I|I|I|I|I|I|I|I|I|I|I|I|I|I|I|I|I|I|N|N|N|" ESTADO_FINANCIERO_SOLIDARIO_CE="5" ESTADO_TITULAR_FINANCIERO_SOLIDARIO_CE="6" FECHA_INICIAL_FINANCIERO_SOLIDARIO_CE="2006-09-01" MODALIDAD_CREDITO_FINANCIERO_SOLIDARIO_CE="2" MODO_EXTINCION_FINANCIERO_SOLIDARIO_CE="16" NOMBRE_ENTIDAD_FINANCIERO_SOLIDARIO_CE="GIROS Y        FINANZAS" NUMERO_OBLIGACION_FINANCIERO_SOLIDARIO_CE="012817807" PROBABILIDAD_NO_PAGO_FINANCIERO_SOLIDARIO_CE="0.0" REESTRUCTURADO_FINANCIERO_SOLIDARIO_CE="0" SUCURSAL_FINANCIERO_SOLIDARIO_CE="NO INFORMO" TIPO_GARANTIA_FINANCIERO_SOLIDARIO_CE="2"/>
<SECTOR_FINANCIERO_SOLIDARIO CALIDAD_FINANCIERO_SOLIDARIO_CE="T" CALIFICACION_FINANCIERO_SOLIDARIO_CE="1" COMPORTAMIENTO_SECTOR_FINANCIERO_SOLIDARIO_CE="N|N|N|N|N|N|N|N|N|N|N|N|N|N|N|N|N|N|N|N|N|N|N|N|" ESTADO_FINANCIERO_SOLIDARIO_CE="5" ESTADO_TITULAR_FINANCIERO_SOLIDARIO_CE="6" FECHA_INICIAL_FINANCIERO_SOLIDARIO_CE="2002-04-01" MODALIDAD_CREDITO_FINANCIERO_SOLIDARIO_CE="1" MODO_EXTINCION_FINANCIERO_SOLIDARIO_CE="16" NOMBRE_ENTIDAD_FINANCIERO_SOLIDARIO_CE="TUYA S.A." NUMERO_OBLIGACION_FINANCIERO_SOLIDARIO_CE="001153806" PROBABILIDAD_NO_PAGO_FINANCIERO_SOLIDARIO_CE="0.0" REESTRUCTURADO_FINANCIERO_SOLIDARIO_CE="0" SUCURSAL_FINANCIERO_SOLIDARIO_CE="NO INFORMO" TIPO_GARANTIA_FINANCIERO_SOLIDARIO_CE="1"/>
<SECTOR_FINANCIERO_SOLIDARIO CALIDAD_FINANCIERO_SOLIDARIO_CE="T" CALIFICACION_FINANCIERO_SOLIDARIO_CE="1" CIUDAD_FINANCIERO_SOLIDARIO_CE="PALMIRA" COMPORTAMIENTO_SECTOR_FINANCIERO_SOLIDARIO_CE="I|I|I|I|I|I|I|I|I|I|I|I|I|I|I|I|I|I|I|I|N|N|N|N|" CUOTAS_CANCELADAS_FINANCIERO_SOLIDARIO_CE="3" CUOTAS_PACTADAS_CE="3" ESTADO_FINANCIERO_SOLIDARIO_CE="5" ESTADO_TITULAR_FINANCIERO_SOLIDARIO_CE="6" FECHA_INICIAL_FINANCIERO_SOLIDARIO_CE="2014-12-11" FECHA_PAGO_FINANCIERO_SOLIDARIO_CE="2015-03-13" MODALIDAD_CREDITO_FINANCIERO_SOLIDARIO_CE="1" MODO_EXTINCION_FINANCIERO_SOLIDARIO_CE="16" NOMBRE_ENTIDAD_FINANCIERO_SOLIDARIO_CE="SISTECREDITO" NUMERO_DE_CUOTAS_EN_MORA_SECTOR_FINANCIERO_SOLIDARIO_CE="0" NUMERO_OBLIGACION_FINANCIERO_SOLIDARIO_CE="39-007883" PERIODICIDAD_FINANCIERO_SOLIDARIO_CE="11" PROBABILIDAD_NO_PAGO_FINANCIERO_SOLIDARIO_CE="0.0" REESTRUCTURADO_FINANCIERO_SOLIDARIO_CE="0" SALDO_OBLIGACION_FINANCIERO_SOLIDARIO_CE="0" SUCURSAL_FINANCIERO_SOLIDARIO_CE="SUPER TIENDAS DE LA MODA" TIPO_GARANTIA_FINANCIERO_SOLIDARIO_CE="1" TIPO_MONEDA_FINANCIERO_SOLIDARIO_CE="1" VALOR_CUOTA_FINANCIERO_SOLIDARIO_CE="0" VALOR_INICIAL_FINANCIERO_SOLIDARIO_CE="164" VALOR_MORA_FINANCIERO_SOLIDARIO_CE="0"/>
<SECTOR_FINANCIERO_SOLIDARIO CALIDAD_FINANCIERO_SOLIDARIO_CE="T" CALIFICACION_FINANCIERO_SOLIDARIO_CE="1" COMPORTAMIENTO_SECTOR_FINANCIERO_SOLIDARIO_CE="I|I|I|I|I|I|I|I|I|I|I|I|I|I|I|I|I|I|I|I|N|N|N|N|" ESTADO_FINANCIERO_SOLIDARIO_CE="5" ESTADO_TITULAR_FINANCIERO_SOLIDARIO_CE="6" FECHA_INICIAL_FINANCIERO_SOLIDARIO_CE="2013-06-14" MODALIDAD_CREDITO_FINANCIERO_SOLIDARIO_CE="1" MODO_EXTINCION_FINANCIERO_SOLIDARIO_CE="16" NOMBRE_ENTIDAD_FINANCIERO_SOLIDARIO_CE="SISTECREDITO" NUMERO_OBLIGACION_FINANCIERO_SOLIDARIO_CE="56-000045" PROBABILIDAD_NO_PAGO_FINANCIERO_SOLIDARIO_CE="0.0" REESTRUCTURADO_FINANCIERO_SOLIDARIO_CE="0" SUCURSAL_FINANCIERO_SOLIDARIO_CE="NO INFORMO" TIPO_GARANTIA_FINANCIERO_SOLIDARIO_CE="1"/>
<SECTOR_FINANCIERO_SOLIDARIO CALIDAD_FINANCIERO_SOLIDARIO_CE="T" CALIFICACION_FINANCIERO_SOLIDARIO_CE="1" COMPORTAMIENTO_SECTOR_FINANCIERO_SOLIDARIO_CE="I|I|I|I|I|I|I|I|I|I|I|I|I|I|I|I|I|I|I|I|I|I|N|N|" ESTADO_FINANCIERO_SOLIDARIO_CE="5" ESTADO_TITULAR_FINANCIERO_SOLIDARIO_CE="6" FECHA_INICIAL_FINANCIERO_SOLIDARIO_CE="2013-08-16" MODALIDAD_CREDITO_FINANCIERO_SOLIDARIO_CE="1" MODO_EXTINCION_FINANCIERO_SOLIDARIO_CE="16" NOMBRE_ENTIDAD_FINANCIERO_SOLIDARIO_CE="SISTECREDITO" NUMERO_OBLIGACION_FINANCIERO_SOLIDARIO_CE="56-000218" PROBABILIDAD_NO_PAGO_FINANCIERO_SOLIDARIO_CE="0.0" REESTRUCTURADO_FINANCIERO_SOLIDARIO_CE="0" SUCURSAL_FINANCIERO_SOLIDARIO_CE="NO INFORMO" TIPO_GARANTIA_FINANCIERO_SOLIDARIO_CE="1"/>
<SECTOR_FINANCIERO_SOLIDARIO CALIDAD_FINANCIERO_SOLIDARIO_CE="T" COMPORTAMIENTO_SECTOR_FINANCIERO_SOLIDARIO_CE="N|N|N|N|N|N|N|N|N|N|N|N|N|N|N|N|N|N|N|N|N|N|N|N|" ESTADO_FINANCIERO_SOLIDARIO_CE="5" ESTADO_TITULAR_FINANCIERO_SOLIDARIO_CE="6" FECHA_INICIAL_FINANCIERO_SOLIDARIO_CE="2008-04-01" MODALIDAD_CREDITO_FINANCIERO_SOLIDARIO_CE="4" MODO_EXTINCION_FINANCIERO_SOLIDARIO_CE="16" NOMBRE_ENTIDAD_FINANCIERO_SOLIDARIO_CE="BANCO WWB" NUMERO_OBLIGACION_FINANCIERO_SOLIDARIO_CE="P-43861-1" PROBABILIDAD_NO_PAGO_FINANCIERO_SOLIDARIO_CE="0.0" REESTRUCTURADO_FINANCIERO_SOLIDARIO_CE="0" SUCURSAL_FINANCIERO_SOLIDARIO_CE="NO INFORMO" TIPO_GARANTIA_FINANCIERO_SOLIDARIO_CE="1"/>
<SECTOR_FINANCIERO_SOLIDARIO CALIDAD_FINANCIERO_SOLIDARIO_CE="T" CALIFICACION_FINANCIERO_SOLIDARIO_CE="1" CIUDAD_FINANCIERO_SOLIDARIO_CE="PALMIRA" COMPORTAMIENTO_SECTOR_FINANCIERO_SOLIDARIO_CE="I|I|I|I|I|I|I|I|I|I|I|N|N|N|N|N|N|N|N|N|N|N|N|N|" CUOTAS_CANCELADAS_FINANCIERO_SOLIDARIO_CE="11" CUOTAS_PACTADAS_CE="12" ESTADO_FINANCIERO_SOLIDARIO_CE="5" ESTADO_TITULAR_FINANCIERO_SOLIDARIO_CE="6" FECHA_CORTE_FINANCIERO_SOLIDARIO_CE="2015-07-06" FECHA_INICIAL_FINANCIERO_SOLIDARIO_CE="2014-08-09" FECHA_PAGO_FINANCIERO_SOLIDARIO_CE="2015-07-06" MODALIDAD_CREDITO_FINANCIERO_SOLIDARIO_CE="4" MODO_EXTINCION_FINANCIERO_SOLIDARIO_CE="16" NOMBRE_ENTIDAD_FINANCIERO_SOLIDARIO_CE="BCO MUNDO MUJE MICRO CREDITO" NUMERO_DE_CUOTAS_EN_MORA_SECTOR_FINANCIERO_SOLIDARIO_CE="0" NUMERO_OBLIGACION_FINANCIERO_SOLIDARIO_CE="243131300" PERIODICIDAD_FINANCIERO_SOLIDARIO_CE="8" PROBABILIDAD_NO_PAGO_FINANCIERO_SOLIDARIO_CE="0.0" REESTRUCTURADO_FINANCIERO_SOLIDARIO_CE="0" SALDO_OBLIGACION_FINANCIERO_SOLIDARIO_CE="-1" SUCURSAL_FINANCIERO_SOLIDARIO_CE="PALMIRA" TIPO_GARANTIA_FINANCIERO_SOLIDARIO_CE="0" TIPO_MONEDA_FINANCIERO_SOLIDARIO_CE="1" VALOR_CUOTA_FINANCIERO_SOLIDARIO_CE="0" VALOR_INICIAL_FINANCIERO_SOLIDARIO_CE="0" VALOR_MORA_FINANCIERO_SOLIDARIO_CE="0"/>
<SECTOR_FINANCIERO_SOLIDARIO REESTRUCTURADO_FINANCIERO_SOLIDARIO_CE="-1"/>
<SECTOR_REAL CALIDAD_SECTOR_REAL_CE="T" CIUDAD_SECTOR_REAL_CE="CALI" CLAUSULA_PERMANENCIA_SECTOR_REAL_CE="0" COMPORTAMIENTO_SECTOR_REAL_CE="I|I|I|I|N|N|N|N|N|N|N|N|N|N|N|N|N|N|N|N|N|N|N|N|" CUOTAS_CANCELADAS_SECTOR_REAL_CE="0" CUOTAS_PACTADAS_SECTOR_REAL_CE="12" ESTADO_CONTRATO_SECTOR_REAL_CE="01" ESTADO_SECTOR_REAL_CE="1" ESTADO_TITULAR_SECTOR_REAL_CE="6" FECHA_CORTE_SECTOR_REAL_CE="2019-04-11" FECHA_INICIAL_SECTOR_REAL_CE="2017-08-04" FECHA_PAGO_SECTOR_REAL_CE="2018-09-13" MODO_EXTINCION_SECTOR_REAL_CE="19" NOMBRE_ENTIDAD_SECTOR_REAL_CE="COMCEL S.A     FINANCIA EQUIP" NUMERO_DE_CUOTAS_EN_MORA_SECTOR_REAL_CE="0" NUMERO_OBLIGACION_SECTOR_REAL_CE="007112441" PERIODICIDAD_SECTOR_REAL_CE="1" SALDO_SECTOR_REAL_CE="0" SUCURSAL_SECTOR_REAL_CE="CALI" VALOR_CUOTA_PAGO_MINIMO_SECTOR_REAL_CE="0" VALOR_INICIAL_SECTOR_REAL_CE="0" VALOR_MORA_ULTIMO_MES_SECTOR_REAL_CE="0" VIGENCIA_SECTOR_REAL_CE="1"/>
<SECTOR_REAL CALIDAD_SECTOR_REAL_CE="T" CLAUSULA_PERMANENCIA_SECTOR_REAL_CE="0" COMPORTAMIENTO_SECTOR_REAL_CE="I|I|I|I|I|I|I|I|N|N|N|N|N|N|N|N|N|N|N|N|N|N|N|N|" ESTADO_CONTRATO_SECTOR_REAL_CE="08" ESTADO_SECTOR_REAL_CE="6" ESTADO_TITULAR_SECTOR_REAL_CE="6" FECHA_INICIAL_SECTOR_REAL_CE="2006-09-01" MODO_EXTINCION_SECTOR_REAL_CE="16" NOMBRE_ENTIDAD_SECTOR_REAL_CE="SUPERMOTOS DEL VALLE SAS" NUMERO_OBLIGACION_SECTOR_REAL_CE="000000189" SUCURSAL_SECTOR_REAL_CE="NO INFORMO" VIGENCIA_SECTOR_REAL_CE="0"/>
<SECTOR_REAL CALIDAD_SECTOR_REAL_CE="C" CLAUSULA_PERMANENCIA_SECTOR_REAL_CE="0" COMPORTAMIENTO_SECTOR_REAL_CE="I|I|I|I|I|I|I|I|I|I|I|I|I|I|I|I|I|I|I|N|N|N|N|N|" ESTADO_CONTRATO_SECTOR_REAL_CE="08" ESTADO_SECTOR_REAL_CE="6" ESTADO_TITULAR_SECTOR_REAL_CE="6" FECHA_INICIAL_SECTOR_REAL_CE="2003-05-01" MODO_EXTINCION_SECTOR_REAL_CE="16" NOMBRE_ENTIDAD_SECTOR_REAL_CE="ELECTRO        JAPONESA S.A." NUMERO_OBLIGACION_SECTOR_REAL_CE="493509378" SUCURSAL_SECTOR_REAL_CE="NO INFORMO" VIGENCIA_SECTOR_REAL_CE="0"/>
<SECTOR_REAL CALIDAD_SECTOR_REAL_CE="T" CLAUSULA_PERMANENCIA_SECTOR_REAL_CE="0" COMPORTAMIENTO_SECTOR_REAL_CE="I|I|I|I|I|I|I|I|I|I|I|I|I|I|I|I|I|I|I|N|N|N|N|N|" ESTADO_CONTRATO_SECTOR_REAL_CE="08" ESTADO_SECTOR_REAL_CE="6" ESTADO_TITULAR_SECTOR_REAL_CE="6" FECHA_INICIAL_SECTOR_REAL_CE="2002-09-20" MODO_EXTINCION_SECTOR_REAL_CE="16" NOMBRE_ENTIDAD_SECTOR_REAL_CE="COSMETIC.JANNY" NUMERO_OBLIGACION_SECTOR_REAL_CE="0003-0562" SUCURSAL_SECTOR_REAL_CE="NO INFORMO" VIGENCIA_SECTOR_REAL_CE="2"/>
<TARJETA_CREDITO AMPARADA_TDC_CE="T" CALIDAD_TDC_CE="false" CIUDAD_TDC_CE="PALMIRA" CLASE_TDC_CE="49" COMPORTAMIENTO_TDC_CE="I|I|I|I|I|I|I|I|I|I|I|I|I|I|I|I|N|N|N|N|N|N|N|N|" ESTADO_CONTRATO_TDC_CE="1" ESTADO_FINANCIERO_SOLIDARIO_CE="1" ESTADO_TDC_CE="1" ESTADO_TITULAR_TDC_CE="6" FECHA_CORTE_TDC_CE="2019-02-28" FECHA_INICIAL_TDC_CE="2018-06-15" FECHA_PAGO_TDC_CE="1999-11-30" MARCA_TDC_CE="3" MODALIDAD_CREDITO_FINANCIERO_SOLIDARIO_CE="2" MODO_EXTINCION_TDC_CE="19" NOMBRE_ENTIDAD_TDC_CE="BANCOLOMBIA    AME. EXP." NUMERO_CUOTAS_MORA_TDC="0" NUMERO_OBLIGACION_TDC_CE="13058915" SALDO_TDC_CE="0" SUCURSAL_TDC_CE="PALMIRA" VALOR_CUOTA_TDC_CE="0" VALOR_INICIAL_TDC_CE="3300" VALOR_MORA_ULTIMO_MES_TDC_CE="0"/>
<TARJETA_CREDITO AMPARADA_TDC_CE="T" CALIDAD_TDC_CE="false" CIUDAD_TDC_CE="PALMIRA" CLASE_TDC_CE="13" COMPORTAMIENTO_TDC_CE="I|I|I|I|I|I|I|I|I|I|I|I|I|I|I|I|N|N|N|N|N|N|N|N|" ESTADO_CONTRATO_TDC_CE="1" ESTADO_FINANCIERO_SOLIDARIO_CE="1" ESTADO_TDC_CE="1" ESTADO_TITULAR_TDC_CE="6" FECHA_CORTE_TDC_CE="2019-03-15" FECHA_INICIAL_TDC_CE="2018-06-15" FECHA_PAGO_TDC_CE="1999-11-30" MARCA_TDC_CE="2" MODALIDAD_CREDITO_FINANCIERO_SOLIDARIO_CE="2" MODO_EXTINCION_TDC_CE="19" NOMBRE_ENTIDAD_TDC_CE="BANCOLOMBIA    MASTERCARD" NUMERO_CUOTAS_MORA_TDC="0" NUMERO_OBLIGACION_TDC_CE="01158079" SALDO_TDC_CE="3408" SUCURSAL_TDC_CE="PALMIRA" VALOR_CUOTA_TDC_CE="0" VALOR_INICIAL_TDC_CE="3300" VALOR_MORA_ULTIMO_MES_TDC_CE="0"/>
<TARJETA_CREDITO AMPARADA_TDC_CE="T" CALIDAD_TDC_CE="false" CLASE_TDC_CE="32" COMPORTAMIENTO_TDC_CE="N|N|N|N|N|N|N|N|N|N|N|N|N|N|N|N|N|N|N|N|N|N|N|N|" ESTADO_CONTRATO_TDC_CE="1" ESTADO_FINANCIERO_SOLIDARIO_CE="1" ESTADO_TDC_CE="1" ESTADO_TITULAR_TDC_CE="6" FECHA_CORTE_TDC_CE="2019-02-28" FECHA_INICIAL_TDC_CE="2016-09-15" FECHA_PAGO_TDC_CE="2019-02-14" MARCA_TDC_CE="2" MODALIDAD_CREDITO_FINANCIERO_SOLIDARIO_CE="2" MODO_EXTINCION_TDC_CE="19" NOMBRE_ENTIDAD_TDC_CE="BCO COLPATRIA" NUMERO_CUOTAS_MORA_TDC="0" NUMERO_OBLIGACION_TDC_CE="007020862" SALDO_TDC_CE="4026" SUCURSAL_TDC_CE="ASECOFIN CALI" VALOR_CUOTA_TDC_CE="526" VALOR_INICIAL_TDC_CE="7100" VALOR_MORA_ULTIMO_MES_TDC_CE="0"/>
<TARJETA_CREDITO AMPARADA_TDC_CE="T" CALIDAD_TDC_CE="false" CIUDAD_TDC_CE="PALMIRA" CLASE_TDC_CE="51" COMPORTAMIENTO_TDC_CE="N|N|N|N|N|N|N|N|N|N|N|N|N|N|N|N|N|N|N|N|N|N|N|N|" ESTADO_CONTRATO_TDC_CE="1" ESTADO_FINANCIERO_SOLIDARIO_CE="1" ESTADO_TDC_CE="1" ESTADO_TITULAR_TDC_CE="6" FECHA_CORTE_TDC_CE="2019-03-07" FECHA_INICIAL_TDC_CE="2015-04-29" FECHA_PAGO_TDC_CE="2019-02-28" MARCA_TDC_CE="1" MODALIDAD_CREDITO_FINANCIERO_SOLIDARIO_CE="2" MODO_EXTINCION_TDC_CE="19" NOMBRE_ENTIDAD_TDC_CE="BCO DE BOGOTA" NUMERO_CUOTAS_MORA_TDC="0" NUMERO_OBLIGACION_TDC_CE="009648813" SALDO_TDC_CE="0" SUCURSAL_TDC_CE="0458-PALMIRA" VALOR_CUOTA_TDC_CE="0" VALOR_INICIAL_TDC_CE="8500" VALOR_MORA_ULTIMO_MES_TDC_CE="0"/>
<TARJETA_CREDITO AMPARADA_TDC_CE="T" CALIDAD_TDC_CE="false" CIUDAD_TDC_CE="PALMIRA" CLASE_TDC_CE="13" COMPORTAMIENTO_TDC_CE="N|N|N|N|N|N|N|N|N|N|N|N|N|N|N|N|N|N|N|N|N|N|N|N|" ESTADO_CONTRATO_TDC_CE="1" ESTADO_FINANCIERO_SOLIDARIO_CE="1" ESTADO_TDC_CE="1" ESTADO_TITULAR_TDC_CE="6" FECHA_CORTE_TDC_CE="2019-03-08" FECHA_INICIAL_TDC_CE="2016-08-09" FECHA_PAGO_TDC_CE="2019-02-28" MARCA_TDC_CE="1" MODALIDAD_CREDITO_FINANCIERO_SOLIDARIO_CE="2" MODO_EXTINCION_TDC_CE="19" NOMBRE_ENTIDAD_TDC_CE="BCO DE BOGOTA" NUMERO_CUOTAS_MORA_TDC="0" NUMERO_OBLIGACION_TDC_CE="014440677" SALDO_TDC_CE="1049" SUCURSAL_TDC_CE="0458-PALMIRA" VALOR_CUOTA_TDC_CE="130" VALOR_INICIAL_TDC_CE="3650" VALOR_MORA_ULTIMO_MES_TDC_CE="0"/>
<TARJETA_CREDITO AMPARADA_TDC_CE="T" CIUDAD_TDC_CE="PALMIRA" CLASE_TDC_CE="32" COMPORTAMIENTO_TDC_CE="N|N|N|N|N|N|N|N|N|N|N|N|N|N|N|N|N|N|N|N|N|N|N|N|" ESTADO_CONTRATO_TDC_CE="2" ESTADO_FINANCIERO_SOLIDARIO_CE="15" ESTADO_TDC_CE="15" ESTADO_TITULAR_TDC_CE="6" FECHA_CORTE_TDC_CE="2018-02-02" FECHA_INICIAL_TDC_CE="2005-09-26" FECHA_PAGO_TDC_CE="2016-08-22" MARCA_TDC_CE="2" MODALIDAD_CREDITO_FINANCIERO_SOLIDARIO_CE="2" MODO_EXTINCION_TDC_CE="16" NOMBRE_ENTIDAD_TDC_CE="BCO DE BOGOTA" NUMERO_CUOTAS_MORA_TDC="0" NUMERO_OBLIGACION_TDC_CE="005712809" SALDO_TDC_CE="0" SUCURSAL_TDC_CE="PALMIRA" VALOR_CUOTA_TDC_CE="0" VALOR_INICIAL_TDC_CE="0" VALOR_MORA_ULTIMO_MES_TDC_CE="0"/>
<TELEFONIA_CELULAR CALIDAD_TELEFONIA_CELULAR_CE="T" CLAUSULA_PERMANENCIA_TELEFONIA_CELULAR_CE="0" COMPORTAMIENTO_TELEFONIA_CELULAR_CE="N|N|N|N|N|N|N|N|N|N|N|N|N|N|N|N|N|N|N|N|N|N|N|N|" ESTADO_CONTRATO_TELEFONIA_CELULAR_CE="2" ESTADO_TELEFONIA_CELULAR_CE="08" ESTADO_TITULAR_TELEFONIA_CELULAR_CE="6" FECHA_INICIAL_TELEFONIA_CELULAR_CE="2005-09-01" MODO_EXTINCION_TELEFONIA_CELULAR_CE="16" NOMBRE_ENTIDAD_TELEFONIA_CELULAR_CE="COMCEL S.A.    MOVIL" NUMERO_OBLIGACION_TELEFONIA_CELULAR_CE=".38385138" SUCURSAL_TELEFONIA_CELULAR_CE="NO INFORMO" VIGENCIA_TELEFONIA_CELULAR_CE="1"/>
<TELEFONIA_CELULAR CALIDAD_TELEFONIA_CELULAR_CE="T" CLAUSULA_PERMANENCIA_TELEFONIA_CELULAR_CE="0" COMPORTAMIENTO_TELEFONIA_CELULAR_CE="I|I|I|I|I|I|I|I|I|I|I|I|I|I|N|N|N|N|N|N|N|N|N|N|" ESTADO_CONTRATO_TELEFONIA_CELULAR_CE="2" ESTADO_TELEFONIA_CELULAR_CE="08" ESTADO_TITULAR_TELEFONIA_CELULAR_CE="6" FECHA_INICIAL_TELEFONIA_CELULAR_CE="2011-04-16" MODO_EXTINCION_TELEFONIA_CELULAR_CE="16" NOMBRE_ENTIDAD_TELEFONIA_CELULAR_CE="MOVISTAR       SERVICIO MOVIL" NUMERO_OBLIGACION_TELEFONIA_CELULAR_CE="013270853" SUCURSAL_TELEFONIA_CELULAR_CE="NO INFORMO" VIGENCIA_TELEFONIA_CELULAR_CE="1"/>
<TELEFONIA_CELULAR CALIDAD_TELEFONIA_CELULAR_CE="T" CLAUSULA_PERMANENCIA_TELEFONIA_CELULAR_CE="0" COMPORTAMIENTO_TELEFONIA_CELULAR_CE="I|I|I|I|I|I|I|I|I|I|I|I|I|I|I|I|I|I|I|I|I|I|N|N|" ESTADO_CONTRATO_TELEFONIA_CELULAR_CE="2" ESTADO_TELEFONIA_CELULAR_CE="08" ESTADO_TITULAR_TELEFONIA_CELULAR_CE="6" FECHA_INICIAL_TELEFONIA_CELULAR_CE="2011-05-31" MODO_EXTINCION_TELEFONIA_CELULAR_CE="16" NOMBRE_ENTIDAD_TELEFONIA_CELULAR_CE="MOVISTAR       SERVICIO MOVIL" NUMERO_OBLIGACION_TELEFONIA_CELULAR_CE="013634166" SUCURSAL_TELEFONIA_CELULAR_CE="NO INFORMO" VIGENCIA_TELEFONIA_CELULAR_CE="1"/>
<TELEFONIA_CELULAR CALIDAD_TELEFONIA_CELULAR_CE="T" CIUDAD_TELEFONIA_CELULAR_CE="000000BOGOTA" CLAUSULA_PERMANENCIA_TELEFONIA_CELULAR_CE="0" COMPORTAMIENTO_TELEFONIA_CELULAR_CE="N|N|N|N|N|N|N|N|N|N|N|N|N|N|N|N|N|N|N|N|N|N|N|N|" CUOTAS_CANCELADAS_TELEFONIA_CELULAR_CE="-1" CUOTAS_EN_MORA_TELEFONIA_CELULAR_CE="0" CUOTAS_PACTADAS_TELEFONIA_CELULAR_CE="-1" ESTADO_CONTRATO_TELEFONIA_CELULAR_CE="2" ESTADO_TELEFONIA_CELULAR_CE="08" ESTADO_TITULAR_TELEFONIA_CELULAR_CE="6" FECHA_CORTE_TELEFONIA_CELULAR_CE="2014-02-10" FECHA_INICIAL_TELEFONIA_CELULAR_CE="2012-09-26" FECHA_PAGO_TELEFONIA_CELULAR_CE="2014-08-12" MODO_EXTINCION_TELEFONIA_CELULAR_CE="16" NOMBRE_ENTIDAD_TELEFONIA_CELULAR_CE="MOVISTAR       SERVICIO MOVIL" NUMERO_OBLIGACION_TELEFONIA_CELULAR_CE="019388358" PERIODICIDAD_TELEFONIA_CELULAR_CE="9" SALDO_TELEFONIA_CELULAR_CE="0" SUCURSAL_TELEFONIA_CELULAR_CE="BOGOTA  PALMIRA             00" VALOR_CUOTA_PAGO_MINIMO_TELEFONIA_CELULAR_CE="0" VALOR_INICIAL_TELEFONIA_CELULAR_CE="0" VALOR_MORA_ULTIMO_MES_TELEFONIA_CELULAR_CE="0" VIGENCIA_TELEFONIA_CELULAR_CE="2"/>
<TELEFONIA_CELULAR CALIDAD_TELEFONIA_CELULAR_CE="T" CIUDAD_TELEFONIA_CELULAR_CE="BOGOTA D.C." CLAUSULA_PERMANENCIA_TELEFONIA_CELULAR_CE="0" COMPORTAMIENTO_TELEFONIA_CELULAR_CE="N|N|N|N|N|N|N|N|N|N|N|N|N|N|N|N|N|N|N|N|N|N|N|N|" CUOTAS_CANCELADAS_TELEFONIA_CELULAR_CE="-1" CUOTAS_EN_MORA_TELEFONIA_CELULAR_CE="0" CUOTAS_PACTADAS_TELEFONIA_CELULAR_CE="-1" ESTADO_CONTRATO_TELEFONIA_CELULAR_CE="1" ESTADO_TELEFONIA_CELULAR_CE="01" ESTADO_TITULAR_TELEFONIA_CELULAR_CE="6" FECHA_CORTE_TELEFONIA_CELULAR_CE="2019-04-17" FECHA_INICIAL_TELEFONIA_CELULAR_CE="2016-09-16" FECHA_PAGO_TELEFONIA_CELULAR_CE="2019-02-16" LINEA_CREDITO_TELEFONIA_CELULAR_CE="01" MODO_EXTINCION_TELEFONIA_CELULAR_CE="19" NOMBRE_ENTIDAD_TELEFONIA_CELULAR_CE="TELMEX         FIJA" NUMERO_OBLIGACION_TELEFONIA_CELULAR_CE="344154550" PERIODICIDAD_TELEFONIA_CELULAR_CE="9" SALDO_TELEFONIA_CELULAR_CE="0" SUCURSAL_TELEFONIA_CELULAR_CE="OFICINA PRINCIPAL" VALOR_CUOTA_PAGO_MINIMO_TELEFONIA_CELULAR_CE="54" VALOR_INICIAL_TELEFONIA_CELULAR_CE="54" VALOR_MORA_ULTIMO_MES_TELEFONIA_CELULAR_CE="0" VIGENCIA_TELEFONIA_CELULAR_CE="2"/>
<TELEFONIA_CELULAR CALIDAD_TELEFONIA_CELULAR_CE="T" CLAUSULA_PERMANENCIA_TELEFONIA_CELULAR_CE="0" COMPORTAMIENTO_TELEFONIA_CELULAR_CE="N|N|N|N|N|N|N|N|N|N|N|N|N|N|N|N|N|N|N|N|N|N|N|N|" CUOTAS_CANCELADAS_TELEFONIA_CELULAR_CE="-1" CUOTAS_EN_MORA_TELEFONIA_CELULAR_CE="0" CUOTAS_PACTADAS_TELEFONIA_CELULAR_CE="-1" ESTADO_CONTRATO_TELEFONIA_CELULAR_CE="1" ESTADO_TELEFONIA_CELULAR_CE="01" ESTADO_TITULAR_TELEFONIA_CELULAR_CE="6" FECHA_INICIAL_TELEFONIA_CELULAR_CE="2010-02-08" FECHA_PAGO_TELEFONIA_CELULAR_CE="1999-11-30" LINEA_CREDITO_TELEFONIA_CELULAR_CE="01" MODO_EXTINCION_TELEFONIA_CELULAR_CE="19" NOMBRE_ENTIDAD_TELEFONIA_CELULAR_CE="COMCEL S.A.    MOVIL" NUMERO_OBLIGACION_TELEFONIA_CELULAR_CE=".93027002" PERIODICIDAD_TELEFONIA_CELULAR_CE="9" SALDO_TELEFONIA_CELULAR_CE="23000.0" VALOR_CUOTA_PAGO_MINIMO_TELEFONIA_CELULAR_CE="0" VALOR_INICIAL_TELEFONIA_CELULAR_CE="0" VALOR_MORA_ULTIMO_MES_TELEFONIA_CELULAR_CE="0" VIGENCIA_TELEFONIA_CELULAR_CE="1"/>
<TELEFONIA_CELULAR CALIDAD_TELEFONIA_CELULAR_CE="00" CLAUSULA_PERMANENCIA_TELEFONIA_CELULAR_CE="0" COMPORTAMIENTO_TELEFONIA_CELULAR_CE="N|N|N|N|N|N|N|N|N|N|N|N|N|N|N|N|N|N|N|N|N|N|N|N|" ESTADO_CONTRATO_TELEFONIA_CELULAR_CE="2" ESTADO_TELEFONIA_CELULAR_CE="6" ESTADO_TITULAR_TELEFONIA_CELULAR_CE="6" FECHA_INICIAL_TELEFONIA_CELULAR_CE="2005-09-01" MODO_EXTINCION_TELEFONIA_CELULAR_CE="16" NOMBRE_ENTIDAD_TELEFONIA_CELULAR_CE="COMCEL S.A.    MOVIL" NUMERO_OBLIGACION_TELEFONIA_CELULAR_CE=".38385138" SUCURSAL_TELEFONIA_CELULAR_CE="NO INFORMO"/>
<TELEFONIA_CELULAR CALIDAD_TELEFONIA_CELULAR_CE="00" CLAUSULA_PERMANENCIA_TELEFONIA_CELULAR_CE="0" COMPORTAMIENTO_TELEFONIA_CELULAR_CE="-|-|-|-|-|-|-|-|-|-|-|-|-|-|N|N|N|N|N|N|N|N|N|N|" ESTADO_CONTRATO_TELEFONIA_CELULAR_CE="2" ESTADO_TELEFONIA_CELULAR_CE="6" ESTADO_TITULAR_TELEFONIA_CELULAR_CE="6" FECHA_INICIAL_TELEFONIA_CELULAR_CE="2011-04-16" MODO_EXTINCION_TELEFONIA_CELULAR_CE="16" NOMBRE_ENTIDAD_TELEFONIA_CELULAR_CE="MOVISTAR       SERVICIO MOVIL" NUMERO_OBLIGACION_TELEFONIA_CELULAR_CE="013270853" SUCURSAL_TELEFONIA_CELULAR_CE="NO INFORMO"/>
<TELEFONIA_CELULAR CALIDAD_TELEFONIA_CELULAR_CE="00" CLAUSULA_PERMANENCIA_TELEFONIA_CELULAR_CE="0" COMPORTAMIENTO_TELEFONIA_CELULAR_CE="-|-|-|-|-|-|-|-|-|-|-|-|-|-|-|-|-|-|-|-|-|-|N|N|" ESTADO_CONTRATO_TELEFONIA_CELULAR_CE="2" ESTADO_TELEFONIA_CELULAR_CE="6" ESTADO_TITULAR_TELEFONIA_CELULAR_CE="6" FECHA_INICIAL_TELEFONIA_CELULAR_CE="2011-05-31" MODO_EXTINCION_TELEFONIA_CELULAR_CE="16" NOMBRE_ENTIDAD_TELEFONIA_CELULAR_CE="MOVISTAR       SERVICIO MOVIL" NUMERO_OBLIGACION_TELEFONIA_CELULAR_CE="013634166" SUCURSAL_TELEFONIA_CELULAR_CE="NO INFORMO"/>
<TELEFONIA_CELULAR CALIDAD_TELEFONIA_CELULAR_CE="00" CIUDAD_TELEFONIA_CELULAR_CE="000000BOGOTA" CLAUSULA_PERMANENCIA_TELEFONIA_CELULAR_CE="0" COMPORTAMIENTO_TELEFONIA_CELULAR_CE="N|N|N|N|N|N|N|N|N|N|N|N|N|N|N|N|N|N|N|N|N|N|N|N|" CUOTAS_CANCELADAS_TELEFONIA_CELULAR_CE="-1" CUOTAS_EN_MORA_TELEFONIA_CELULAR_CE="0" CUOTAS_PACTADAS_TELEFONIA_CELULAR_CE="-1" ESTADO_CONTRATO_TELEFONIA_CELULAR_CE="2" ESTADO_TELEFONIA_CELULAR_CE="6" ESTADO_TITULAR_TELEFONIA_CELULAR_CE="6" FECHA_CORTE_TELEFONIA_CELULAR_CE="2014-02-10" FECHA_INICIAL_TELEFONIA_CELULAR_CE="2012-09-26" FECHA_PAGO_TELEFONIA_CELULAR_CE="2014-08-12" MODO_EXTINCION_TELEFONIA_CELULAR_CE="16" NOMBRE_ENTIDAD_TELEFONIA_CELULAR_CE="MOVISTAR       SERVICIO MOVIL" NUMERO_OBLIGACION_TELEFONIA_CELULAR_CE="019388358" PERIODICIDAD_TELEFONIA_CELULAR_CE="9" SALDO_TELEFONIA_CELULAR_CE="0" SUCURSAL_TELEFONIA_CELULAR_CE="BOGOTA  PALMIRA             00" VALOR_CUOTA_PAGO_MINIMO_TELEFONIA_CELULAR_CE="0" VALOR_INICIAL_TELEFONIA_CELULAR_CE="0" VALOR_MORA_ULTIMO_MES_TELEFONIA_CELULAR_CE="0"/>
<VARIABLES_CALCULADAS_CE CANT_CASTIGOS_ULT4A_TOTAL_BR="1" CANTIDAD_CONSULTAS_ULT12M_FINANCIERO_BR="1" CANTIDAD_CTAS_AHORRO_INACTIVAS_BR="0" CANTIDAD_ENTIDADES_TDC_BR="2" CANTIDAD_OBL_ABIERTAS_ULT12M_TOTAL_BR="3" CANTIDAD_OBL_SALDADAS_AL_DIA_CONSUMO_BR="1" CANTIDAD_PRODUCTOS_ABIERTOS_ULT12M_TOTAL_BR="3" CANTIDAD_TDC_MASTER_BR="0" CONTADOR_MORA_1_ULT12M_FINANCIERO_BR="0" CONTADOR_MORA_2_ULT12M_TOTAL_BR="0" CONTADOR_N_TOTAL_CLIENTE_ULT12M_BR="112" ESTIMADOR_INGRESOS_CE="4016" ESTIMADOR_INGRESOS_MAX_CE="5220" ESTIMADOR_INGRESOS_MIN_CE="2811" PEOR_CALIF_ACT_TOTAL_CE="A" SALDO_ACTUAL_OBL_AL_DIA_FINANCIERO_BR="0" SUM_SALDOS_AL_DIA_3_MESES_TOTAL_BR="27525000" TIEMPO_DESDE_LA_PRIMERA_CTAAHO_BR="0" TIEMPO_PRIMER_PDCTO_ABIERTO_CTAAHO_BR="477" TIEMPO_PRIMER_PRODUCTO_ABIERTO_TOTAL_BR="441" TIEMPO_ULTIMA_TDC_FINANCIERO_BR="8" TIEMPO_ULTIMO_PRODUCTO_ABIERTO_FINANCIERO_BR="0"/>
</CENTRAL_EXTERNA>
</SOLICITANTE>
</CDA_ENTRADA>
<CreditRequest ProductCategory="Hipotecario" ProductCode="FlujoCredito"/>
</Application>


