<Application xmlns:xsi="http://www.w3.org/2001/XMLSchema-instance" ApplicationCrossReferenceId="" ApplicationDate="2001-01-01" DeliveryOptionCode="bancolombia" ProcessingRequestType="DA" ResubmissionFlag="false" StrategySelectionRandomNumber="0" Timestamp="2001-12-31T12:00:00" TransactionId="" xsi:noNamespaceSchemaLocation="COS.SMWDisplayValues.xsd">
<CDA_ENTRADA APROBACION="0" IDENTIFICADOR_LLAMADA="2" NUMERO_PARTICIPANTES="1" TIPO_PRODUCTO_SOLICITUD="2">
<SOLICITANTE NUMERO_DE_SOLICITUD="1929179" NUMERO_DEL_PARTICIPANTE="1" TIPO_DE_PARTICIPANTE="0" TIPO_PARTICIPANTE="1">
<CENTRAL_EXTERNA ESTADO_DOCUMENTO_CE="16" FECHA_CONSULTA_CE="2019-05-13" FECHA_EXPEDICION_CE="2008-01-11" HORA_CONSULTA_CE="2019-05-13T12:51:29" LUGAR_EXPEDICION_CE="BOGOTA D.C." NOMBRE_TITULAR_CE="MARIA CECILIA MAYA VARGAS" NUMERO_DE_PARTICIPANTES="1" NUMERO_DEL_PARTICIPANTE="1" NUMERO_IDENTIFICACION="100354009" NUMERO_IDENTIFICACION_CE="100354009" RANGO_EDAD_CE2="35" RESPUESTA_CENTRAL_DATA="13" RESPUESTA_CONSULTA_CE="2" SEGMENTO_CLIENTE="01" SUBSEGMENTO_CLIENTE="05" TIPO_DOCUMENTO_CE="1">
<CALCULOS_CE ANTIGUEDAD_APERTURA_HISTORIA_CREDITICIA_SECTOR_FINANCIERO_CE="2017-05-24" CLIENTE_SIN_INFORMACION_DE_RIESGO_CE="0" CLIENTE_SIN_INFORMACION_FINANCIERA_CE="0" CUOTA_CREDITO_COMERCIAL_COMO_PRINCIPAL_CE="90" CUOTA_CREDITO_CONSUMO_COMO_PRINCIPAL_CE="1449.972379761450" INDICADOR_CARTERA_CASTIGADA_CE="0" NUMERO_CONSULTAS_L6M_CE="2" NUMERO_CUENTAS_AHORRO_SALDADAS_CE="4" NUMERO_CUENTAS_AHORRO_VIGENTES_CE="2" NUMERO_OBLIGACIONES_SALDADAS_SECTOR_REAL_CE="0" NUMERO_OBLIGACIONES_TELEFONIA_SALDADAS="0" NUMERO_OBLIGACIONES_TELEFONIA_VIGENTES_AL_DIA="0" NUMERO_OBLIGACIONES_TELEFONIA_VIGENTES_MORA="0" NUMERO_OBLIGACIONES_VIGENTES_AL_DIA_CE="3" NUMERO_OBLIGACIONES_VIGENTES_AL_DIA_SECTOR_REAL_CE="1" NUMERO_OBLIGACIONES_VIGENTES_CON_SALDO_CE="2" NUMERO_OBLIGACIONES_VIGENTES_EN_MORA_CE="0" NUMERO_OBLIGACIONES_VIGENTES_EN_MORA_SECTOR_REAL_CE="0" NUMERO_OBLIGACIONES_VIGENTES_SIN_SALDO_CE="1" NUMERO_PRODUCTOS_ABIERTOS_UA_CE="3" NUMERO_PRODUCTOS_CARTERA_COMERCIAL_SALDADA_CE="1" NUMERO_PRODUCTOS_CARTERA_COMERCIAL_VIGENTE_CE="1" NUMERO_PRODUCTOS_CARTERA_CONSUMO_SALDADOS_CE="1" NUMERO_PRODUCTOS_CARTERA_CONSUMO_VIGENTES_CE="2" NUMERO_PRODUCTOS_COMPANIAS_FINANCIAMIENTO_COMERCIAL_CE="3" NUMERO_PRODUCTOS_RIESGO_SALDADOS_CE="2" NUMERO_PRODUCTOS_RIESGO_TOTALES_SECTOR_FINANCIERO_CE="5" NUMERO_PRODUCTOS_RIESGO_VIGENTES_CE="3" SALDO_CREDITO_COMERCIAL_COMO_PRINCIPAL_CE="180000.0" SALDO_CREDITO_COMERCIAL_SMMLV_COMO_PRINCIPAL_CE="0.217360852827382" SALDO_CREDITO_CONSUMO_COMO_PRINCIPAL_CE="5086000.0" SALDO_CREDITO_CONSUMO_SMMLV_COMO_PRINCIPAL_CE="6.141651652667018" VALOR_INICIAL_CREDITO_COMERCIAL_COMO_PRINCIPAL_CE="360" VALOR_INICIAL_CREDITO_COMERCIAL_SMMLV_COMO_PRINCIPAL_CE="0.000434721705655" VALOR_INICIAL_CREDITO_CONSUMO_COMO_PRINCIPAL_CE="7206" VALOR_INICIAL_CREDITO_CONSUMO_SMMLV_COMO_PRINCIPAL_CE="0.008701679474856"/>
<CONSULTAS_CENTRALES ENTIDAD_CONSULTAS_CENTRALES="COMCEL S.A.    MOVIL" FECHA_CONSULTA_CONSULTAS_CENTRALES="2019-04-22"/>
<CONSULTAS_CENTRALES ENTIDAD_CONSULTAS_CENTRALES="COMCEL S.A.    MOVIL" FECHA_CONSULTA_CONSULTAS_CENTRALES="2019-02-15"/>
<CONTADORES_CE CONTADOR_MORA_CONSOLIDADO_N_TOTAL_CLIENTE_UA_CE="3" CONTADOR_MORA_INDIVIDUAL_N_TOTAL_CLIENTE_UA_CE="37" CONTADOR_MORA_N_CONSOLIDADO_SECTOR_FINANCIERO_SOLIDARIO_UA="3" CONTADOR_MORA_N_CONSOLIDADO_SECTOR_REAL_UA_CE="3" CONTADOR_MORA_N_CONSOLIDADO_TELEFONIA_CELULAR_UA_CE="12" CONTADOR_MORA_N_INDIVIDUAL_SECTOR_FINANCIERO_SOLIDARIO_UA_CE="34" CONTADOR_MORA_N_INDIVIDUAL_SECTOR_REAL_UA_CE="3" CONTADOR_MORA_N_INDIVIDUAL_TELEFONIA_CELULAR_UA_CE="14"/>
<CUENTA_CORRIENTE_AHORROS CIUDAD_CTA_CTE_CE="BOGOTA D.C." ESTADO_CTA_CTE_AHORROS_CE="5" FECHA_CORTE_CUENTA_CE="2014-12-31" FECHA_INICIAL_CUENTA_CE="2013-04-25" NOMBRE_ENTIDAD_CTA_CTE_CE="BANCOLOMBIA" NUMERO_OBLIGACION_CTA_CTE_CE="096626905" SUCURSAL_CTA_CTE_CE="FONTIBON CARRERA 100" TIPO_CONTRATO_CTA_CTE_CE="0"/>
<CUENTA_CORRIENTE_AHORROS CIUDAD_CTA_CTE_CE="BOGOTA" ESTADO_CTA_CTE_AHORROS_CE="3" FECHA_INICIAL_CUENTA_CE="2015-04-30" NOMBRE_ENTIDAD_CTA_CTE_CE="BBVA           COLOMBIA" NUMERO_OBLIGACION_CTA_CTE_CE="200593931" SUCURSAL_CTA_CTE_CE="PARQUE NACIONAL" TIPO_CONTRATO_CTA_CTE_CE="0"/>
<CUENTA_CORRIENTE_AHORROS CIUDAD_CTA_CTE_CE="BOGOTA D.E." ESTADO_CTA_CTE_AHORROS_CE="3" FECHA_CORTE_CUENTA_CE="2019-03-31" FECHA_INICIAL_CUENTA_CE="2014-09-22" NOMBRE_ENTIDAD_CTA_CTE_CE="BCO COLPATRIA" NUMERO_OBLIGACION_CTA_CTE_CE="742004286" SUCURSAL_CTA_CTE_CE="BOGOTA CASTILLA" TIPO_CONTRATO_CTA_CTE_CE="1"/>
<CUENTA_CORRIENTE_AHORROS ESTADO_CTA_CTE_AHORROS_CE="5" FECHA_INICIAL_CUENTA_CE="2010-04-27" NOMBRE_ENTIDAD_CTA_CTE_CE="BCO DE BOGOTA" NUMERO_OBLIGACION_CTA_CTE_CE="205110554" SUCURSAL_CTA_CTE_CE="205" TIPO_CONTRATO_CTA_CTE_CE="1"/>
<CUENTA_CORRIENTE_AHORROS CIUDAD_CTA_CTE_CE="SOACHA" ESTADO_CTA_CTE_AHORROS_CE="5" FECHA_CORTE_CUENTA_CE="2015-02-28" FECHA_INICIAL_CUENTA_CE="2009-11-30" NOMBRE_ENTIDAD_CTA_CTE_CE="BCO DE BOGOTA" NUMERO_OBLIGACION_CTA_CTE_CE="272115775" SUCURSAL_CTA_CTE_CE="0272 MB SOACHA" TIPO_CONTRATO_CTA_CTE_CE="0"/>
<CUENTA_CORRIENTE_AHORROS CIUDAD_CTA_CTE_CE="BOGOTA  D C" ESTADO_CTA_CTE_AHORROS_CE="5" FECHA_CORTE_CUENTA_CE="2015-04-30" FECHA_INICIAL_CUENTA_CE="2015-03-03" NOMBRE_ENTIDAD_CTA_CTE_CE="BCO DE BOGOTA" NUMERO_OBLIGACION_CTA_CTE_CE="291207777" SUCURSAL_CTA_CTE_CE="0291 CENTRO COMERCIAL ANDINO" TIPO_CONTRATO_CTA_CTE_CE="1"/>
<CUENTA_CORRIENTE_AHORROS CIUDAD_CTA_CTE_CE="BOGOTA  D C" ESTADO_CTA_CTE_AHORROS_CE="5" FECHA_CORTE_CUENTA_CE="2015-02-28" FECHA_INICIAL_CUENTA_CE="2013-11-12" NOMBRE_ENTIDAD_CTA_CTE_CE="BCO DE BOGOTA" NUMERO_OBLIGACION_CTA_CTE_CE="416502003" SUCURSAL_CTA_CTE_CE="0416 LAS GRANJAS" TIPO_CONTRATO_CTA_CTE_CE="0"/>
<ENDEUDAMIENTO_GLOBAL FECHA_T1_CE="2018-06-30" FECHA_T2_CE="2018-06-30" FECHA_T3_CE="2018-06-30" NOMBRE_ENTIDAD_ENDEUDAMIENTO_GLOBAL_CE="DAVIVIENDA - BC              0" TIPO_MONEDA_CE="ML" VALOR_DEUDA_COMERCIAL_CE="6588000"/>
<SECTOR_FINANCIERO_SOLIDARIO CALIDAD_FINANCIERO_SOLIDARIO_CE="T" CALIFICACION_FINANCIERO_SOLIDARIO_CE="1" CIUDAD_FINANCIERO_SOLIDARIO_CE="SANTAFE DE BOGOTA D." COMPORTAMIENTO_SECTOR_FINANCIERO_SOLIDARIO_CE="I|I|I|I|I|I|I|I|I|I|I|N|N|N|N|N|N|N|N|N|N|N|N|N|" CUOTAS_CANCELADAS_FINANCIERO_SOLIDARIO_CE="13" CUOTAS_PACTADAS_CE="36" ESTADO_CONTRATO_FINANCIERO_SOLIDARIO_CE="1" ESTADO_FINANCIERO_SOLIDARIO_CE="1" ESTADO_TITULAR_FINANCIERO_SOLIDARIO_CE="6" FECHA_CORTE_FINANCIERO_SOLIDARIO_CE="2019-03-29" FECHA_INICIAL_FINANCIERO_SOLIDARIO_CE="2018-03-23" FECHA_PAGO_FINANCIERO_SOLIDARIO_CE="2019-03-25" LINEA_CREDITO_FINANCIERO_SOLIDARIO_CE="128" MODALIDAD_CREDITO_FINANCIERO_SOLIDARIO_CE="2" MODO_EXTINCION_FINANCIERO_SOLIDARIO_CE="19" NOMBRE_ENTIDAD_FINANCIERO_SOLIDARIO_CE="BCO DAVIVIENDA LIBRE INVERS." NUMERO_DE_CUOTAS_EN_MORA_SECTOR_FINANCIERO_SOLIDARIO_CE="0" NUMERO_OBLIGACION_FINANCIERO_SOLIDARIO_CE="280016248" PERIODICIDAD_FINANCIERO_SOLIDARIO_CE="8" PROBABILIDAD_NO_PAGO_FINANCIERO_SOLIDARIO_CE="3.0" REESTRUCTURADO_FINANCIERO_SOLIDARIO_CE="2" SALDO_OBLIGACION_FINANCIERO_SOLIDARIO_CE="5086000.0" SUCURSAL_FINANCIERO_SOLIDARIO_CE="LA CABRERA" TIPO_GARANTIA_FINANCIERO_SOLIDARIO_CE="2" TIPO_MONEDA_FINANCIERO_SOLIDARIO_CE="1" VALOR_CUOTA_FINANCIERO_SOLIDARIO_CE="1449.972379761450" VALOR_INICIAL_FINANCIERO_SOLIDARIO_CE="7006" VALOR_MORA_FINANCIERO_SOLIDARIO_CE="0"/>
<SECTOR_FINANCIERO_SOLIDARIO CALIDAD_FINANCIERO_SOLIDARIO_CE="T" CALIFICACION_FINANCIERO_SOLIDARIO_CE="1" CIUDAD_FINANCIERO_SOLIDARIO_CE="SANTAFE DE BOGOTA D." COMPORTAMIENTO_SECTOR_FINANCIERO_SOLIDARIO_CE="I|I|I|I|I|I|I|I|I|I|I|I|I|I|I|I|I|I|I|I|N|N|N|N|" CUOTAS_CANCELADAS_FINANCIERO_SOLIDARIO_CE="0" CUOTAS_PACTADAS_CE="1" ESTADO_CONTRATO_FINANCIERO_SOLIDARIO_CE="1" ESTADO_FINANCIERO_SOLIDARIO_CE="1" ESTADO_TITULAR_FINANCIERO_SOLIDARIO_CE="6" FECHA_CORTE_FINANCIERO_SOLIDARIO_CE="2019-03-29" FECHA_INICIAL_FINANCIERO_SOLIDARIO_CE="2018-12-11" FECHA_PAGO_FINANCIERO_SOLIDARIO_CE="2018-12-11" LINEA_CREDITO_FINANCIERO_SOLIDARIO_CE="67" MODALIDAD_CREDITO_FINANCIERO_SOLIDARIO_CE="2" MODO_EXTINCION_FINANCIERO_SOLIDARIO_CE="19" NOMBRE_ENTIDAD_FINANCIERO_SOLIDARIO_CE="BCO DAVIVIENDA CREDI EXPRESS" NUMERO_DE_CUOTAS_EN_MORA_SECTOR_FINANCIERO_SOLIDARIO_CE="0" NUMERO_OBLIGACION_FINANCIERO_SOLIDARIO_CE="400310515" PERIODICIDAD_FINANCIERO_SOLIDARIO_CE="8" PROBABILIDAD_NO_PAGO_FINANCIERO_SOLIDARIO_CE="3.0" REESTRUCTURADO_FINANCIERO_SOLIDARIO_CE="2" SALDO_OBLIGACION_FINANCIERO_SOLIDARIO_CE="0" SUCURSAL_FINANCIERO_SOLIDARIO_CE="CENTRO INTERNACIONAL" TIPO_GARANTIA_FINANCIERO_SOLIDARIO_CE="2" TIPO_MONEDA_FINANCIERO_SOLIDARIO_CE="1" VALOR_CUOTA_FINANCIERO_SOLIDARIO_CE="0" VALOR_INICIAL_FINANCIERO_SOLIDARIO_CE="200" VALOR_MORA_FINANCIERO_SOLIDARIO_CE="0"/>
<SECTOR_FINANCIERO_SOLIDARIO CALIDAD_FINANCIERO_SOLIDARIO_CE="T" CALIFICACION_FINANCIERO_SOLIDARIO_CE="1" CIUDAD_FINANCIERO_SOLIDARIO_CE="BOGOT" COMPORTAMIENTO_SECTOR_FINANCIERO_SOLIDARIO_CE="I|I|I|I|I|I|I|I|I|I|I|I|I|I|I|I|I|I|I|I|N|N|N|N|" CUOTAS_CANCELADAS_FINANCIERO_SOLIDARIO_CE="2" CUOTAS_PACTADAS_CE="4" ESTADO_CONTRATO_FINANCIERO_SOLIDARIO_CE="1" ESTADO_FINANCIERO_SOLIDARIO_CE="1" ESTADO_TITULAR_FINANCIERO_SOLIDARIO_CE="6" FECHA_CORTE_FINANCIERO_SOLIDARIO_CE="2019-03-27" FECHA_INICIAL_FINANCIERO_SOLIDARIO_CE="2018-12-27" FECHA_PAGO_FINANCIERO_SOLIDARIO_CE="1999-11-30" LINEA_CREDITO_FINANCIERO_SOLIDARIO_CE="CON" MODALIDAD_CREDITO_FINANCIERO_SOLIDARIO_CE="1" MODO_EXTINCION_FINANCIERO_SOLIDARIO_CE="19" NOMBRE_ENTIDAD_FINANCIERO_SOLIDARIO_CE="SISTECREDITO" NUMERO_DE_CUOTAS_EN_MORA_SECTOR_FINANCIERO_SOLIDARIO_CE="0" NUMERO_OBLIGACION_FINANCIERO_SOLIDARIO_CE="56-005572" PERIODICIDAD_FINANCIERO_SOLIDARIO_CE="11" PROBABILIDAD_NO_PAGO_FINANCIERO_SOLIDARIO_CE="0.0" REESTRUCTURADO_FINANCIERO_SOLIDARIO_CE="2" SALDO_OBLIGACION_FINANCIERO_SOLIDARIO_CE="180000.0" SUCURSAL_FINANCIERO_SOLIDARIO_CE="TOTTO CARRERA 7" TIPO_GARANTIA_FINANCIERO_SOLIDARIO_CE="1" TIPO_MONEDA_FINANCIERO_SOLIDARIO_CE="1" VALOR_CUOTA_FINANCIERO_SOLIDARIO_CE="90" VALOR_INICIAL_FINANCIERO_SOLIDARIO_CE="360" VALOR_MORA_FINANCIERO_SOLIDARIO_CE="0"/>
<SECTOR_FINANCIERO_SOLIDARIO CALIDAD_FINANCIERO_SOLIDARIO_CE="T" CALIFICACION_FINANCIERO_SOLIDARIO_CE="1" CIUDAD_FINANCIERO_SOLIDARIO_CE="SANTAFE DE BOGOTA D." COMPORTAMIENTO_SECTOR_FINANCIERO_SOLIDARIO_CE="I|I|I|I|I|I|I|I|I|I|I|I|I|N|N|N|N|N|N|N|N|N|N|N|" CUOTAS_CANCELADAS_FINANCIERO_SOLIDARIO_CE="11" CUOTAS_PACTADAS_CE="12" ESTADO_FINANCIERO_SOLIDARIO_CE="5" ESTADO_TITULAR_FINANCIERO_SOLIDARIO_CE="6" FECHA_CORTE_FINANCIERO_SOLIDARIO_CE="2018-03-28" FECHA_INICIAL_FINANCIERO_SOLIDARIO_CE="2017-05-24" FECHA_PAGO_FINANCIERO_SOLIDARIO_CE="2018-03-25" MODALIDAD_CREDITO_FINANCIERO_SOLIDARIO_CE="2" MODO_EXTINCION_FINANCIERO_SOLIDARIO_CE="16" NOMBRE_ENTIDAD_FINANCIERO_SOLIDARIO_CE="BCO DAVIVIENDA LIBRE INVERS." NUMERO_DE_CUOTAS_EN_MORA_SECTOR_FINANCIERO_SOLIDARIO_CE="0" NUMERO_OBLIGACION_FINANCIERO_SOLIDARIO_CE="800147457" PERIODICIDAD_FINANCIERO_SOLIDARIO_CE="8" PROBABILIDAD_NO_PAGO_FINANCIERO_SOLIDARIO_CE="0.0" REESTRUCTURADO_FINANCIERO_SOLIDARIO_CE="0" SALDO_OBLIGACION_FINANCIERO_SOLIDARIO_CE="0" SUCURSAL_FINANCIERO_SOLIDARIO_CE="LA CABRERA" TIPO_GARANTIA_FINANCIERO_SOLIDARIO_CE="2" TIPO_MONEDA_FINANCIERO_SOLIDARIO_CE="1" VALOR_CUOTA_FINANCIERO_SOLIDARIO_CE="0" VALOR_INICIAL_FINANCIERO_SOLIDARIO_CE="2000" VALOR_MORA_FINANCIERO_SOLIDARIO_CE="0"/>
<SECTOR_FINANCIERO_SOLIDARIO CALIDAD_FINANCIERO_SOLIDARIO_CE="T" CALIFICACION_FINANCIERO_SOLIDARIO_CE="1" CIUDAD_FINANCIERO_SOLIDARIO_CE="BOGOT" COMPORTAMIENTO_SECTOR_FINANCIERO_SOLIDARIO_CE="I|I|I|I|I|I|I|I|I|I|I|I|I|I|I|I|I|I|I|I|I|N|N|N|" CUOTAS_CANCELADAS_FINANCIERO_SOLIDARIO_CE="1" CUOTAS_PACTADAS_CE="1" ESTADO_FINANCIERO_SOLIDARIO_CE="5" ESTADO_TITULAR_FINANCIERO_SOLIDARIO_CE="6" FECHA_CORTE_FINANCIERO_SOLIDARIO_CE="2018-07-30" FECHA_INICIAL_FINANCIERO_SOLIDARIO_CE="2018-07-30" FECHA_PAGO_FINANCIERO_SOLIDARIO_CE="2018-09-05" MODALIDAD_CREDITO_FINANCIERO_SOLIDARIO_CE="1" MODO_EXTINCION_FINANCIERO_SOLIDARIO_CE="16" NOMBRE_ENTIDAD_FINANCIERO_SOLIDARIO_CE="SISTECREDITO" NUMERO_DE_CUOTAS_EN_MORA_SECTOR_FINANCIERO_SOLIDARIO_CE="0" NUMERO_OBLIGACION_FINANCIERO_SOLIDARIO_CE="54-001248" PERIODICIDAD_FINANCIERO_SOLIDARIO_CE="11" PROBABILIDAD_NO_PAGO_FINANCIERO_SOLIDARIO_CE="0.0" REESTRUCTURADO_FINANCIERO_SOLIDARIO_CE="0" SALDO_OBLIGACION_FINANCIERO_SOLIDARIO_CE="0" SUCURSAL_FINANCIERO_SOLIDARIO_CE="TOTTO CENTRO INTERNACIONAL" TIPO_GARANTIA_FINANCIERO_SOLIDARIO_CE="1" TIPO_MONEDA_FINANCIERO_SOLIDARIO_CE="1" VALOR_CUOTA_FINANCIERO_SOLIDARIO_CE="0" VALOR_INICIAL_FINANCIERO_SOLIDARIO_CE="142" VALOR_MORA_FINANCIERO_SOLIDARIO_CE="0"/>
<SECTOR_FINANCIERO_SOLIDARIO REESTRUCTURADO_FINANCIERO_SOLIDARIO_CE="-1"/>
<SECTOR_REAL CALIDAD_SECTOR_REAL_CE="T" CIUDAD_SECTOR_REAL_CE="BOGOTA D.C." CLAUSULA_PERMANENCIA_SECTOR_REAL_CE="0" COMPORTAMIENTO_SECTOR_REAL_CE="I|I|I|I|I|I|I|I|I|I|I|I|I|I|I|I|I|I|I|I|I|N|N|N|" CUOTAS_CANCELADAS_SECTOR_REAL_CE="0" CUOTAS_PACTADAS_SECTOR_REAL_CE="12" ESTADO_CONTRATO_SECTOR_REAL_CE="01" ESTADO_SECTOR_REAL_CE="1" ESTADO_TITULAR_SECTOR_REAL_CE="6" FECHA_CORTE_SECTOR_REAL_CE="2019-05-08" FECHA_INICIAL_SECTOR_REAL_CE="2019-02-15" FECHA_PAGO_SECTOR_REAL_CE="2019-04-08" MODO_EXTINCION_SECTOR_REAL_CE="19" NOMBRE_ENTIDAD_SECTOR_REAL_CE="COMCEL S.A     FINANCIA EQUIP" NUMERO_DE_CUOTAS_EN_MORA_SECTOR_REAL_CE="0" NUMERO_OBLIGACION_SECTOR_REAL_CE="039801821" PERIODICIDAD_SECTOR_REAL_CE="1" SALDO_SECTOR_REAL_CE="447000.0" SUCURSAL_SECTOR_REAL_CE="SANTAFE DE BOGOTA" VALOR_CUOTA_PAGO_MINIMO_SECTOR_REAL_CE="51" VALOR_INICIAL_SECTOR_REAL_CE="0" VALOR_MORA_ULTIMO_MES_SECTOR_REAL_CE="0" VIGENCIA_SECTOR_REAL_CE="1"/>
<TELEFONIA_CELULAR CALIDAD_TELEFONIA_CELULAR_CE="T" CIUDAD_TELEFONIA_CELULAR_CE="BOGOTA D.C." CLAUSULA_PERMANENCIA_TELEFONIA_CELULAR_CE="0" COMPORTAMIENTO_TELEFONIA_CELULAR_CE="N|N|N|N|N|N|N|N|N|N|N|N|N|N|N|N|N|N|N|N|N|N|N|N|" CUOTAS_CANCELADAS_TELEFONIA_CELULAR_CE="-1" CUOTAS_EN_MORA_TELEFONIA_CELULAR_CE="0" CUOTAS_PACTADAS_TELEFONIA_CELULAR_CE="-1" ESTADO_CONTRATO_TELEFONIA_CELULAR_CE="1" ESTADO_TELEFONIA_CELULAR_CE="01" ESTADO_TITULAR_TELEFONIA_CELULAR_CE="6" FECHA_CORTE_TELEFONIA_CELULAR_CE="2019-05-15" FECHA_INICIAL_TELEFONIA_CELULAR_CE="2015-10-29" FECHA_PAGO_TELEFONIA_CELULAR_CE="2019-03-26" LINEA_CREDITO_TELEFONIA_CELULAR_CE="01" MODO_EXTINCION_TELEFONIA_CELULAR_CE="19" NOMBRE_ENTIDAD_TELEFONIA_CELULAR_CE="TELMEX         FIJA" NUMERO_OBLIGACION_TELEFONIA_CELULAR_CE="969971190" PERIODICIDAD_TELEFONIA_CELULAR_CE="9" SALDO_TELEFONIA_CELULAR_CE="0" SUCURSAL_TELEFONIA_CELULAR_CE="OFICINA PRINCIPAL" VALOR_CUOTA_PAGO_MINIMO_TELEFONIA_CELULAR_CE="66" VALOR_INICIAL_TELEFONIA_CELULAR_CE="66" VALOR_MORA_ULTIMO_MES_TELEFONIA_CELULAR_CE="0" VIGENCIA_TELEFONIA_CELULAR_CE="2"/>
<TELEFONIA_CELULAR CALIDAD_TELEFONIA_CELULAR_CE="T" CLAUSULA_PERMANENCIA_TELEFONIA_CELULAR_CE="0" COMPORTAMIENTO_TELEFONIA_CELULAR_CE="-|-|-|-|-|-|-|-|-|-|-|-|-|-|-|-|-|-|-|-|-|-|N|N|" CUOTAS_CANCELADAS_TELEFONIA_CELULAR_CE="-1" CUOTAS_EN_MORA_TELEFONIA_CELULAR_CE="0" CUOTAS_PACTADAS_TELEFONIA_CELULAR_CE="-1" ESTADO_CONTRATO_TELEFONIA_CELULAR_CE="1" ESTADO_TELEFONIA_CELULAR_CE="01" ESTADO_TITULAR_TELEFONIA_CELULAR_CE="6" FECHA_INICIAL_TELEFONIA_CELULAR_CE="2019-02-15" FECHA_PAGO_TELEFONIA_CELULAR_CE="1999-11-30" LINEA_CREDITO_TELEFONIA_CELULAR_CE="01" MODO_EXTINCION_TELEFONIA_CELULAR_CE="19" NOMBRE_ENTIDAD_TELEFONIA_CELULAR_CE="COMCEL S.A.    MOVIL" NUMERO_OBLIGACION_TELEFONIA_CELULAR_CE=".19051609" PERIODICIDAD_TELEFONIA_CELULAR_CE="9" SALDO_TELEFONIA_CELULAR_CE="73000.0" VALOR_CUOTA_PAGO_MINIMO_TELEFONIA_CELULAR_CE="0" VALOR_INICIAL_TELEFONIA_CELULAR_CE="0" VALOR_MORA_ULTIMO_MES_TELEFONIA_CELULAR_CE="0" VIGENCIA_TELEFONIA_CELULAR_CE="1"/>
<VARIABLES_CALCULADAS_CE CANT_CASTIGOS_ULT4A_TOTAL_BR="0" CANTIDAD_CONSULTAS_ULT12M_FINANCIERO_BR="0" EXCL_ADVANCE="71" SCORE_ADVANCE="720" CANTIDAD_CTAS_AHORRO_INACTIVAS_BR="0" CANTIDAD_ENTIDADES_TDC_BR="0" CANTIDAD_OBL_ABIERTAS_ULT12M_TOTAL_BR="5" CANTIDAD_OBL_SALDADAS_AL_DIA_CONSUMO_BR="0" CANTIDAD_PRODUCTOS_ABIERTOS_ULT12M_TOTAL_BR="5" CANTIDAD_TDC_MASTER_BR="0" CONTADOR_MORA_1_ULT12M_FINANCIERO_BR="0" CONTADOR_MORA_2_ULT12M_TOTAL_BR="0" CONTADOR_N_TOTAL_CLIENTE_ULT12M_BR="37" PEOR_CALIF_ACT_TOTAL_CE="A" SALDO_ACTUAL_OBL_AL_DIA_FINANCIERO_BR="0" SUM_SALDOS_AL_DIA_3_MESES_TOTAL_BR="5971000" TIEMPO_DESDE_LA_PRIMERA_CTAAHO_BR="0" TIEMPO_PRIMER_PDCTO_ABIERTO_CTAAHO_BR="113" TIEMPO_PRIMER_PRODUCTO_ABIERTO_TOTAL_BR="42" TIEMPO_ULTIMA_TDC_FINANCIERO_BR="0" TIEMPO_ULTIMO_PRODUCTO_ABIERTO_FINANCIERO_BR="0" ESTIMADOR_INGRESOS_CE="2777" ESTIMADOR_INGRESOS_MAX_CE="2777" ESTIMADOR_INGRESOS_MIN_CE="2777" EXP_OBL_ABIERTAS_CE="2" EXP_OBL_CERRADAS_CE="2"/>
</CENTRAL_EXTERNA>
</SOLICITANTE>
</CDA_ENTRADA>
<CreditRequest ProductCategory="Hipotecario" ProductCode="FlujoCredito"/>
</Application>